vol_1d,vol_3d,vol_7d,vol_14d,sent_mean_3d,sent_mean_7d,sent_min_3d,sent_min_7d,sent_delta_3d,kw_hits_1d,kw_hits_3d,clean_cnt_3d,clean_cnt_7d,clean_cnt_14d,days_since_clean,cross_clean_3d,dow,is_weekend,label,target,obs_date
0.0,0.0,0.0,0.0,,,,,,0.0,0.0,0.0,0.0,0.0,999.0,0.0,2,0,0,shipping_chokepoints,2025-01-01
2.0,2.0,2.0,2.0,-0.434,-0.434,-0.868,-0.868,,0.0,0.0,0.0,0.0,0.0,999.0,0.0,3,0,0,shipping_chokepoints,2025-01-02
14.0,16.0,16.0,16.0,-0.2521375,-0.2521375,-0.8911,-0.8911,,3.0,3.0,0.0,0.0,0.0,999.0,1.0,4,0,0,shipping_chokepoints,2025-01-03
0.0,16.0,16.0,16.0,-0.2521375,-0.2521375,-0.8911,-0.8911,,0.0,3.0,0.0,0.0,0.0,999.0,2.0,5,1,0,shipping_chokepoints,2025-01-04
0.0,14.0,16.0,16.0,-0.22615714285714286,-0.2521375,-0.8911,-0.8911,0.20784285714285713,0.0,3.0,0.0,0.0,0.0,999.0,2.0,6,1,0,shipping_chokepoints,2025-01-05
0.0,0.0,16.0,16.0,,-0.2521375,,-0.8911,,0.0,0.0,0.0,0.0,0.0,999.0,1.0,0,0,0,shipping_chokepoints,2025-01-06
0.0,0.0,16.0,16.0,,-0.2521375,,-0.8911,,0.0,0.0,0.0,0.0,0.0,999.0,0.0,1,0,0,shipping_chokepoints,2025-01-07
0.0,0.0,16.0,16.0,,-0.2521375,,-0.8911,,0.0,0.0,0.0,0.0,0.0,999.0,0.0,2,0,0,shipping_chokepoints,2025-01-08
5.0,5.0,19.0,21.0,0.15294,-0.12639473684210525,-0.5422,-0.8911,,2.0,2.0,0.0,0.0,0.0,999.0,0.0,3,0,0,shipping_chokepoints,2025-01-09
22.0,27.0,27.0,43.0,0.17110740740740737,0.17110740740740737,-0.8726,-0.8726,,10.0,12.0,0.0,0.0,0.0,999.0,0.0,4,0,0,shipping_chokepoints,2025-01-10
0.0,27.0,27.0,43.0,0.17110740740740737,0.17110740740740737,-0.8726,-0.8726,,0.0,12.0,0.0,0.0,0.0,999.0,0.0,5,1,0,shipping_chokepoints,2025-01-11
0.0,22.0,27.0,43.0,0.17523636363636363,0.17110740740740737,-0.8726,-0.8726,0.022296363636363642,0.0,10.0,0.0,0.0,0.0,999.0,0.0,6,1,0,shipping_chokepoints,2025-01-12
0.0,0.0,27.0,43.0,,0.17110740740740737,,-0.8726,,0.0,0.0,0.0,0.0,0.0,999.0,0.0,0,0,0,shipping_chokepoints,2025-01-13
0.0,0.0,27.0,43.0,,0.17110740740740737,,-0.8726,,0.0,0.0,0.0,0.0,0.0,999.0,0.0,1,0,0,shipping_chokepoints,2025-01-14
0.0,0.0,27.0,43.0,,0.17110740740740737,,-0.8726,,0.0,0.0,0.0,0.0,0.0,999.0,0.0,2,0,0,shipping_chokepoints,2025-01-15
8.0,8.0,30.0,49.0,-0.135025,0.0925,-0.9706,-0.9706,,2.0,2.0,0.0,0.0,0.0,999.0,1.0,3,0,0,shipping_chokepoints,2025-01-16
33.0,41.0,41.0,68.0,-0.2735585365853658,-0.2735585365853658,-0.9742,-0.9742,,2.0,4.0,0.0,0.0,0.0,999.0,1.0,4,0,0,shipping_chokepoints,2025-01-17
0.0,41.0,41.0,68.0,-0.2735585365853658,-0.2735585365853658,-0.9742,-0.9742,,0.0,4.0,0.0,0.0,0.0,999.0,1.0,5,1,0,shipping_chokepoints,2025-01-18
0.0,33.0,41.0,68.0,-0.30714242424242416,-0.2735585365853658,-0.9742,-0.9742,-0.17211742424242416,0.0,2.0,0.0,0.0,0.0,999.0,0.0,6,1,0,shipping_chokepoints,2025-01-19
0.0,0.0,41.0,68.0,,-0.2735585365853658,,-0.9742,,0.0,0.0,0.0,0.0,0.0,999.0,0.0,0,0,0,shipping_chokepoints,2025-01-20
0.0,0.0,41.0,68.0,,-0.2735585365853658,,-0.9742,,0.0,0.0,0.0,0.0,0.0,999.0,0.0,1,0,0,shipping_chokepoints,2025-01-21
0.0,0.0,41.0,68.0,,-0.2735585365853658,,-0.9742,,0.0,0.0,0.0,0.0,0.0,999.0,0.0,2,0,0,shipping_chokepoints,2025-01-22
4.0,4.0,37.0,67.0,-0.013300000000000006,-0.2753756756756756,-0.7858,-0.9742,,1.0,1.0,0.0,0.0,0.0,999.0,0.0,3,0,0,shipping_chokepoints,2025-01-23
15.0,19.0,19.0,60.0,0.16237368421052628,0.16237368421052628,-0.7858,-0.7858,,0.0,1.0,0.0,0.0,0.0,999.0,0.0,4,0,0,shipping_chokepoints,2025-01-24
0.0,19.0,19.0,60.0,0.16237368421052628,0.16237368421052628,-0.7858,-0.7858,,0.0,1.0,0.0,0.0,0.0,999.0,0.0,5,1,0,shipping_chokepoints,2025-01-25
0.0,15.0,19.0,60.0,0.20921999999999993,0.16237368421052628,-0.6884,-0.7858,0.22251999999999994,0.0,0.0,0.0,0.0,0.0,999.0,0.0,6,1,0,shipping_chokepoints,2025-01-26
0.0,0.0,19.0,60.0,,0.16237368421052628,,-0.7858,,0.0,0.0,0.0,0.0,0.0,999.0,0.0,0,0,0,shipping_chokepoints,2025-01-27
0.0,0.0,19.0,60.0,,0.16237368421052628,,-0.7858,,0.0,0.0,0.0,0.0,0.0,999.0,0.0,1,0,0,shipping_chokepoints,2025-01-28
0.0,0.0,19.0,60.0,,0.16237368421052628,,-0.7858,,0.0,0.0,0.0,0.0,0.0,999.0,0.0,2,0,0,shipping_chokepoints,2025-01-29
6.0,6.0,21.0,58.0,0.15338333333333334,0.19326666666666664,-0.9299,-0.9299,,0.0,0.0,0.0,0.0,0.0,999.0,0.0,3,0,0,shipping_chokepoints,2025-01-30
11.0,17.0,17.0,36.0,0.09627647058823531,0.09627647058823531,-0.9299,-0.9299,,1.0,1.0,0.0,0.0,0.0,999.0,1.0,4,0,0,shipping_chokepoints,2025-01-31
0.0,17.0,17.0,36.0,0.09627647058823531,0.09627647058823531,-0.9299,-0.9299,,0.0,1.0,0.0,0.0,0.0,999.0,1.0,5,1,0,shipping_chokepoints,2025-02-01
0.0,11.0,17.0,36.0,0.06512727272727274,0.09627647058823531,-0.9242,-0.9299,-0.0882560606060606,0.0,1.0,0.0,0.0,0.0,999.0,1.0,6,1,0,shipping_chokepoints,2025-02-02
0.0,0.0,17.0,36.0,,0.09627647058823531,,-0.9299,,0.0,0.0,0.0,0.0,0.0,999.0,0.0,0,0,0,shipping_chokepoints,2025-02-03
0.0,0.0,17.0,36.0,,0.09627647058823531,,-0.9299,,0.0,0.0,0.0,0.0,0.0,999.0,0.0,1,0,0,shipping_chokepoints,2025-02-04
0.0,0.0,17.0,36.0,,0.09627647058823531,,-0.9299,,0.0,0.0,0.0,0.0,0.0,999.0,0.0,2,0,0,shipping_chokepoints,2025-02-05
8.0,8.0,19.0,40.0,-0.021425,0.028684210526315798,-0.9264,-0.9264,,1.0,1.0,0.0,0.0,0.0,999.0,0.0,3,0,0,shipping_chokepoints,2025-02-06
12.0,20.0,20.0,37.0,0.045985,0.045985,-0.96,-0.96,,0.0,1.0,0.0,0.0,0.0,999.0,2.0,4,0,0,shipping_chokepoints,2025-02-07
0.0,20.0,20.0,37.0,0.045985,0.045985,-0.96,-0.96,,0.0,1.0,0.0,0.0,0.0,999.0,2.0,5,1,0,shipping_chokepoints,2025-02-08
0.0,12.0,20.0,37.0,0.09092499999999999,0.045985,-0.96,-0.96,0.11234999999999999,0.0,0.0,0.0,0.0,0.0,999.0,2.0,6,1,0,shipping_chokepoints,2025-02-09
0.0,0.0,20.0,37.0,,0.045985,,-0.96,,0.0,0.0,0.0,0.0,0.0,999.0,0.0,0,0,0,shipping_chokepoints,2025-02-10
0.0,0.0,20.0,37.0,,0.045985,,-0.96,,0.0,0.0,0.0,0.0,0.0,999.0,0.0,1,0,0,shipping_chokepoints,2025-02-11
0.0,0.0,20.0,37.0,,0.045985,,-0.96,,0.0,0.0,0.0,0.0,0.0,999.0,0.0,2,0,0,shipping_chokepoints,2025-02-12
2.0,2.0,14.0,33.0,-0.58265,-0.0053000000000000035,-0.692,-0.96,,1.0,1.0,0.0,0.0,0.0,999.0,0.0,3,0,0,shipping_chokepoints,2025-02-13
10.0,12.0,12.0,32.0,-0.7558916666666667,-0.7558916666666667,-0.9709,-0.9709,,2.0,3.0,0.0,0.0,0.0,999.0,1.0,4,0,0,shipping_chokepoints,2025-02-14
0.0,12.0,12.0,32.0,-0.7558916666666667,-0.7558916666666667,-0.9709,-0.9709,,0.0,3.0,0.0,0.0,0.0,999.0,1.0,5,1,0,shipping_chokepoints,2025-02-15
0.0,10.0,12.0,32.0,-0.79054,-0.7558916666666667,-0.9709,-0.9709,-0.20789000000000002,0.0,2.0,0.0,0.0,0.0,999.0,1.0,6,1,0,shipping_chokepoints,2025-02-16
0.0,0.0,12.0,32.0,,-0.7558916666666667,,-0.9709,,0.0,0.0,0.0,0.0,0.0,999.0,0.0,0,0,0,shipping_chokepoints,2025-02-17
0.0,0.0,12.0,32.0,,-0.7558916666666667,,-0.9709,,0.0,0.0,0.0,0.0,0.0,999.0,0.0,1,0,0,shipping_chokepoints,2025-02-18
0.0,0.0,12.0,32.0,,-0.7558916666666667,,-0.9709,,0.0,0.0,0.0,0.0,0.0,999.0,0.0,2,0,0,shipping_chokepoints,2025-02-19
3.0,3.0,13.0,27.0,0.6280666666666667,-0.4631692307692308,0.4734,-0.9709,,0.0,0.0,0.0,0.0,0.0,999.0,0.0,3,0,0,shipping_chokepoints,2025-02-20
17.0,20.0,20.0,32.0,0.38314,0.38314,-0.63,-0.63,,0.0,0.0,0.0,0.0,0.0,999.0,0.0,4,0,0,shipping_chokepoints,2025-02-21
0.0,20.0,20.0,32.0,0.38314,0.38314,-0.63,-0.63,,0.0,0.0,0.0,0.0,0.0,999.0,0.0,5,1,0,shipping_chokepoints,2025-02-22
0.0,17.0,20.0,32.0,0.33991764705882355,0.38314,-0.63,-0.63,-0.2881490196078431,0.0,0.0,0.0,0.0,0.0,999.0,0.0,6,1,0,shipping_chokepoints,2025-02-23
0.0,0.0,20.0,32.0,,0.38314,,-0.63,,0.0,0.0,0.0,0.0,0.0,999.0,0.0,0,0,0,shipping_chokepoints,2025-02-24
0.0,0.0,20.0,32.0,,0.38314,,-0.63,,0.0,0.0,0.0,0.0,0.0,999.0,0.0,1,0,0,shipping_chokepoints,2025-02-25
0.0,0.0,20.0,32.0,,0.38314,,-0.63,,0.0,0.0,0.0,0.0,0.0,999.0,0.0,2,0,0,shipping_chokepoints,2025-02-26
3.0,3.0,20.0,33.0,0.5812333333333334,0.376115,0.0,-0.63,,0.0,0.0,0.0,0.0,0.0,999.0,0.0,3,0,0,shipping_chokepoints,2025-02-27
14.0,17.0,17.0,37.0,0.3586529411764707,0.3586529411764706,-0.9536,-0.9536,,0.0,0.0,0.0,0.0,0.0,999.0,0.0,4,0,0,shipping_chokepoints,2025-02-28
0.0,17.0,17.0,37.0,0.3586529411764707,0.3586529411764706,-0.9536,-0.9536,,0.0,0.0,0.0,0.0,0.0,999.0,0.0,5,1,0,shipping_chokepoints,2025-03-01
0.0,14.0,17.0,37.0,0.3109571428571429,0.3586529411764706,-0.9536,-0.9536,-0.2702761904761905,0.0,0.0,0.0,0.0,0.0,999.0,0.0,6,1,0,shipping_chokepoints,2025-03-02
0.0,0.0,17.0,37.0,,0.3586529411764706,,-0.9536,,0.0,0.0,0.0,0.0,0.0,999.0,0.0,0,0,0,shipping_chokepoints,2025-03-03
0.0,0.0,17.0,37.0,,0.3586529411764706,,-0.9536,,0.0,0.0,0.0,0.0,0.0,999.0,0.0,1,0,0,shipping_chokepoints,2025-03-04
0.0,0.0,17.0,37.0,,0.3586529411764706,,-0.9536,,0.0,0.0,0.0,0.0,0.0,999.0,0.0,2,0,0,shipping_chokepoints,2025-03-05
15.0,15.0,29.0,49.0,0.4323066666666667,0.37372413793103454,0.0,-0.9536,,0.0,0.0,0.0,0.0,0.0,999.0,0.0,3,0,0,shipping_chokepoints,2025-03-06
0.0,15.0,15.0,32.0,0.4323066666666667,0.4323066666666667,0.0,0.0,,0.0,0.0,0.0,0.0,0.0,999.0,0.0,4,0,0,shipping_chokepoints,2025-03-07
0.0,15.0,15.0,32.0,0.4323066666666667,0.4323066666666667,0.0,0.0,,0.0,0.0,0.0,0.0,0.0,999.0,0.0,5,1,0,shipping_chokepoints,2025-03-08
0.0,0.0,15.0,32.0,,0.4323066666666667,,0.0,,0.0,0.0,0.0,0.0,0.0,999.0,0.0,6,1,0,shipping_chokepoints,2025-03-09
0.0,0.0,15.0,32.0,,0.4323066666666667,,0.0,,0.0,0.0,0.0,0.0,0.0,999.0,0.0,0,0,0,shipping_chokepoints,2025-03-10
0.0,0.0,15.0,32.0,,0.4323066666666667,,0.0,,0.0,0.0,0.0,0.0,0.0,999.0,0.0,1,0,0,shipping_chokepoints,2025-03-11
0.0,0.0,15.0,32.0,,0.4323066666666667,,0.0,,0.0,0.0,0.0,0.0,0.0,999.0,0.0,2,0,0,shipping_chokepoints,2025-03-12
18.0,18.0,18.0,47.0,0.2143388888888889,0.2143388888888889,-0.9649,-0.9649,,3.0,3.0,0.0,0.0,0.0,999.0,0.0,3,0,0,shipping_chokepoints,2025-03-13
0.0,18.0,18.0,33.0,0.2143388888888889,0.2143388888888889,-0.9649,-0.9649,,0.0,3.0,0.0,0.0,0.0,999.0,0.0,4,0,0,shipping_chokepoints,2025-03-14
0.0,18.0,18.0,33.0,0.2143388888888889,0.2143388888888889,-0.9649,-0.9649,,0.0,3.0,0.0,0.0,0.0,999.0,0.0,5,1,0,shipping_chokepoints,2025-03-15
0.0,0.0,18.0,33.0,,0.2143388888888889,,-0.9649,,0.0,0.0,0.0,0.0,0.0,999.0,0.0,6,1,0,shipping_chokepoints,2025-03-16
0.0,0.0,18.0,33.0,,0.2143388888888889,,-0.9649,,0.0,0.0,0.0,0.0,0.0,999.0,0.0,0,0,0,shipping_chokepoints,2025-03-17
0.0,0.0,18.0,33.0,,0.2143388888888889,,-0.9649,,0.0,0.0,0.0,0.0,0.0,999.0,0.0,1,0,0,shipping_chokepoints,2025-03-18
0.0,0.0,18.0,33.0,,0.2143388888888889,,-0.9649,,0.0,0.0,0.0,0.0,0.0,999.0,0.0,2,0,0,shipping_chokepoints,2025-03-19
33.0,33.0,33.0,51.0,0.24979696969696968,0.24979696969696968,-0.905,-0.905,,1.0,1.0,0.0,0.0,0.0,999.0,0.0,3,0,0,shipping_chokepoints,2025-03-20
0.0,33.0,33.0,51.0,0.24979696969696968,0.24979696969696968,-0.905,-0.905,,0.0,1.0,0.0,0.0,0.0,999.0,0.0,4,0,0,shipping_chokepoints,2025-03-21
0.0,33.0,33.0,51.0,0.24979696969696968,0.24979696969696968,-0.905,-0.905,,0.0,1.0,0.0,0.0,0.0,999.0,0.0,5,1,0,shipping_chokepoints,2025-03-22
0.0,0.0,33.0,51.0,,0.24979696969696968,,-0.905,,0.0,0.0,0.0,0.0,0.0,999.0,0.0,6,1,0,shipping_chokepoints,2025-03-23
0.0,0.0,33.0,51.0,,0.24979696969696968,,-0.905,,0.0,0.0,0.0,0.0,0.0,999.0,0.0,0,0,0,shipping_chokepoints,2025-03-24
0.0,0.0,33.0,51.0,,0.24979696969696968,,-0.905,,0.0,0.0,0.0,0.0,0.0,999.0,0.0,1,0,0,shipping_chokepoints,2025-03-25
0.0,0.0,33.0,51.0,,0.24979696969696968,,-0.905,,0.0,0.0,0.0,0.0,0.0,999.0,0.0,2,0,0,shipping_chokepoints,2025-03-26
12.0,12.0,12.0,45.0,0.26787500000000003,0.26787500000000003,-0.6735,-0.6735,,0.0,0.0,0.0,0.0,0.0,999.0,0.0,3,0,0,shipping_chokepoints,2025-03-27
0.0,12.0,12.0,45.0,0.26787500000000003,0.26787500000000003,-0.6735,-0.6735,,0.0,0.0,0.0,0.0,0.0,999.0,0.0,4,0,0,shipping_chokepoints,2025-03-28
0.0,12.0,12.0,45.0,0.26787500000000003,0.26787500000000003,-0.6735,-0.6735,,0.0,0.0,0.0,0.0,0.0,999.0,0.0,5,1,0,shipping_chokepoints,2025-03-29
0.0,0.0,12.0,45.0,,0.26787500000000003,,-0.6735,,0.0,0.0,0.0,0.0,0.0,999.0,0.0,6,1,0,shipping_chokepoints,2025-03-30
0.0,0.0,12.0,45.0,,0.26787500000000003,,-0.6735,,0.0,0.0,0.0,0.0,0.0,999.0,0.0,0,0,0,shipping_chokepoints,2025-03-31
0.0,0.0,12.0,45.0,,0.26787500000000003,,-0.6735,,0.0,0.0,0.0,0.0,0.0,999.0,0.0,1,0,0,shipping_chokepoints,2025-04-01
0.0,0.0,12.0,45.0,,0.26787500000000003,,-0.6735,,0.0,0.0,0.0,0.0,0.0,999.0,0.0,2,0,0,shipping_chokepoints,2025-04-02
15.0,15.0,15.0,27.0,-0.03692666666666667,-0.03692666666666667,-0.8827,-0.8827,,1.0,1.0,0.0,0.0,0.0,999.0,0.0,3,0,0,shipping_chokepoints,2025-04-03
0.0,15.0,15.0,27.0,-0.03692666666666667,-0.03692666666666667,-0.8827,-0.8827,,0.0,1.0,0.0,0.0,0.0,999.0,0.0,4,0,0,shipping_chokepoints,2025-04-04
0.0,15.0,15.0,27.0,-0.03692666666666667,-0.03692666666666667,-0.8827,-0.8827,,0.0,1.0,0.0,0.0,0.0,999.0,0.0,5,1,0,shipping_chokepoints,2025-04-05
0.0,0.0,15.0,27.0,,-0.03692666666666667,,-0.8827,,0.0,0.0,0.0,0.0,0.0,999.0,0.0,6,1,0,shipping_chokepoints,2025-04-06
0.0,0.0,15.0,27.0,,-0.03692666666666667,,-0.8827,,0.0,0.0,0.0,0.0,0.0,999.0,0.0,0,0,0,shipping_chokepoints,2025-04-07
0.0,0.0,15.0,27.0,,-0.03692666666666667,,-0.8827,,0.0,0.0,0.0,0.0,0.0,999.0,0.0,1,0,0,shipping_chokepoints,2025-04-08
0.0,0.0,15.0,27.0,,-0.03692666666666667,,-0.8827,,0.0,0.0,0.0,0.0,0.0,999.0,0.0,2,0,0,shipping_chokepoints,2025-04-09
15.0,15.0,15.0,30.0,0.13864,0.13864,-0.8826,-0.8826,,0.0,0.0,0.0,0.0,0.0,999.0,0.0,3,0,0,shipping_chokepoints,2025-04-10
0.0,15.0,15.0,30.0,0.13864,0.13864,-0.8826,-0.8826,,0.0,0.0,0.0,0.0,0.0,999.0,0.0,4,0,0,shipping_chokepoints,2025-04-11
0.0,15.0,15.0,30.0,0.13864,0.13864,-0.8826,-0.8826,,0.0,0.0,0.0,0.0,0.0,999.0,0.0,5,1,0,shipping_chokepoints,2025-04-12
0.0,0.0,15.0,30.0,,0.13864,,-0.8826,,0.0,0.0,0.0,0.0,0.0,999.0,0.0,6,1,0,shipping_chokepoints,2025-04-13
0.0,0.0,15.0,30.0,,0.13864,,-0.8826,,0.0,0.0,0.0,0.0,0.0,999.0,0.0,0,0,0,shipping_chokepoints,2025-04-14
0.0,0.0,15.0,30.0,,0.13864,,-0.8826,,0.0,0.0,0.0,0.0,0.0,999.0,0.0,1,0,0,shipping_chokepoints,2025-04-15
0.0,0.0,15.0,30.0,,0.13864,,-0.8826,,0.0,0.0,0.0,0.0,0.0,999.0,0.0,2,0,0,shipping_chokepoints,2025-04-16
15.0,15.0,15.0,30.0,-0.3865933333333333,-0.3865933333333333,-0.9725,-0.9725,,0.0,0.0,0.0,0.0,0.0,999.0,2.0,3,0,0,shipping_chokepoints,2025-04-17
0.0,15.0,15.0,30.0,-0.3865933333333333,-0.3865933333333333,-0.9725,-0.9725,,0.0,0.0,0.0,0.0,0.0,999.0,2.0,4,0,0,shipping_chokepoints,2025-04-18
0.0,15.0,15.0,30.0,-0.3865933333333333,-0.3865933333333333,-0.9725,-0.9725,,0.0,0.0,0.0,0.0,0.0,999.0,2.0,5,1,0,shipping_chokepoints,2025-04-19
0.0,0.0,15.0,30.0,,-0.3865933333333333,,-0.9725,,0.0,0.0,0.0,0.0,0.0,999.0,0.0,6,1,0,shipping_chokepoints,2025-04-20
0.0,0.0,15.0,30.0,,-0.3865933333333333,,-0.9725,,0.0,0.0,0.0,0.0,0.0,999.0,0.0,0,0,0,shipping_chokepoints,2025-04-21
0.0,0.0,15.0,30.0,,-0.3865933333333333,,-0.9725,,0.0,0.0,0.0,0.0,0.0,999.0,0.0,1,0,0,shipping_chokepoints,2025-04-22
0.0,0.0,15.0,30.0,,-0.3865933333333333,,-0.9725,,0.0,0.0,0.0,0.0,0.0,999.0,0.0,2,0,0,shipping_chokepoints,2025-04-23
14.0,14.0,14.0,29.0,0.0028428571428571153,0.0028428571428571153,-0.96,-0.96,,1.0,1.0,0.0,0.0,0.0,999.0,2.0,3,0,0,shipping_chokepoints,2025-04-24
0.0,14.0,14.0,29.0,0.0028428571428571153,0.0028428571428571153,-0.96,-0.96,,0.0,1.0,0.0,0.0,0.0,999.0,2.0,4,0,0,shipping_chokepoints,2025-04-25
0.0,14.0,14.0,29.0,0.0028428571428571153,0.0028428571428571153,-0.96,-0.96,,0.0,1.0,0.0,0.0,0.0,999.0,2.0,5,1,0,shipping_chokepoints,2025-04-26
0.0,0.0,14.0,29.0,,0.0028428571428571153,,-0.96,,0.0,0.0,0.0,0.0,0.0,999.0,0.0,6,1,0,shipping_chokepoints,2025-04-27
0.0,0.0,14.0,29.0,,0.0028428571428571153,,-0.96,,0.0,0.0,0.0,0.0,0.0,999.0,0.0,0,0,0,shipping_chokepoints,2025-04-28
0.0,0.0,14.0,29.0,,0.0028428571428571153,,-0.96,,0.0,0.0,0.0,0.0,0.0,999.0,0.0,1,0,0,shipping_chokepoints,2025-04-29
0.0,0.0,14.0,29.0,,0.0028428571428571153,,-0.96,,0.0,0.0,0.0,0.0,0.0,999.0,0.0,2,0,0,shipping_chokepoints,2025-04-30
12.0,12.0,12.0,26.0,0.16788333333333336,0.16788333333333336,-0.9301,-0.9301,,1.0,1.0,0.0,0.0,0.0,999.0,0.0,3,0,0,shipping_chokepoints,2025-05-01
0.0,12.0,12.0,26.0,0.16788333333333336,0.16788333333333336,-0.9301,-0.9301,,0.0,1.0,0.0,0.0,0.0,999.0,0.0,4,0,0,shipping_chokepoints,2025-05-02
0.0,12.0,12.0,26.0,0.16788333333333336,0.16788333333333336,-0.9301,-0.9301,,0.0,1.0,0.0,0.0,0.0,999.0,0.0,5,1,0,shipping_chokepoints,2025-05-03
0.0,0.0,12.0,26.0,,0.16788333333333336,,-0.9301,,0.0,0.0,0.0,0.0,0.0,999.0,0.0,6,1,0,shipping_chokepoints,2025-05-04
0.0,0.0,12.0,26.0,,0.16788333333333336,,-0.9301,,0.0,0.0,0.0,0.0,0.0,999.0,0.0,0,0,0,shipping_chokepoints,2025-05-05
0.0,0.0,12.0,26.0,,0.16788333333333336,,-0.9301,,0.0,0.0,0.0,0.0,0.0,999.0,0.0,1,0,0,shipping_chokepoints,2025-05-06
0.0,0.0,12.0,26.0,,0.16788333333333336,,-0.9301,,0.0,0.0,0.0,0.0,0.0,999.0,0.0,2,0,0,shipping_chokepoints,2025-05-07
38.0,38.0,38.0,50.0,-0.21684473684210526,-0.21684473684210526,-0.9715,-0.9715,,2.0,2.0,0.0,0.0,0.0,999.0,2.0,3,0,0,shipping_chokepoints,2025-05-08
0.0,38.0,38.0,50.0,-0.21684473684210526,-0.21684473684210526,-0.9715,-0.9715,,0.0,2.0,0.0,0.0,0.0,999.0,2.0,4,0,0,shipping_chokepoints,2025-05-09
0.0,38.0,38.0,50.0,-0.21684473684210526,-0.21684473684210526,-0.9715,-0.9715,,0.0,2.0,0.0,0.0,0.0,999.0,2.0,5,1,0,shipping_chokepoints,2025-05-10
0.0,0.0,38.0,50.0,,-0.21684473684210526,,-0.9715,,0.0,0.0,0.0,0.0,0.0,999.0,0.0,6,1,0,shipping_chokepoints,2025-05-11
0.0,0.0,38.0,50.0,,-0.21684473684210526,,-0.9715,,0.0,0.0,0.0,0.0,0.0,999.0,0.0,0,0,0,shipping_chokepoints,2025-05-12
0.0,0.0,38.0,50.0,,-0.21684473684210526,,-0.9715,,0.0,0.0,0.0,0.0,0.0,999.0,0.0,1,0,0,shipping_chokepoints,2025-05-13
0.0,0.0,38.0,50.0,,-0.21684473684210526,,-0.9715,,0.0,0.0,0.0,0.0,0.0,999.0,0.0,2,0,0,shipping_chokepoints,2025-05-14
0.0,0.0,0.0,38.0,,,,,,0.0,0.0,0.0,0.0,0.0,999.0,0.0,3,0,0,shipping_chokepoints,2025-05-15
0.0,0.0,0.0,38.0,,,,,,0.0,0.0,0.0,0.0,0.0,999.0,0.0,4,0,0,shipping_chokepoints,2025-05-16
0.0,0.0,0.0,38.0,,,,,,0.0,0.0,0.0,0.0,0.0,999.0,0.0,5,1,0,shipping_chokepoints,2025-05-17
0.0,0.0,0.0,38.0,,,,,,0.0,0.0,0.0,0.0,0.0,999.0,0.0,6,1,0,shipping_chokepoints,2025-05-18
0.0,0.0,0.0,38.0,,,,,,0.0,0.0,0.0,0.0,0.0,999.0,0.0,0,0,0,shipping_chokepoints,2025-05-19
0.0,0.0,0.0,38.0,,,,,,0.0,0.0,0.0,0.0,0.0,999.0,0.0,1,0,0,shipping_chokepoints,2025-05-20
0.0,0.0,0.0,38.0,,,,,,0.0,0.0,0.0,0.0,0.0,999.0,0.0,2,0,0,shipping_chokepoints,2025-05-21
0.0,0.0,0.0,0.0,,,,,,0.0,0.0,0.0,0.0,0.0,999.0,0.0,3,0,0,shipping_chokepoints,2025-05-22
0.0,0.0,0.0,0.0,,,,,,0.0,0.0,0.0,0.0,0.0,999.0,0.0,4,0,0,shipping_chokepoints,2025-05-23
0.0,0.0,0.0,0.0,,,,,,0.0,0.0,0.0,0.0,0.0,999.0,0.0,5,1,0,shipping_chokepoints,2025-05-24
2.0,2.0,2.0,2.0,0.5282,0.5282,0.5117,0.5117,,0.0,0.0,0.0,0.0,0.0,999.0,0.0,6,1,0,shipping_chokepoints,2025-05-25
0.0,2.0,2.0,2.0,0.5282,0.5282,0.5117,0.5117,,0.0,0.0,0.0,0.0,0.0,999.0,0.0,0,0,0,shipping_chokepoints,2025-05-26
0.0,2.0,2.0,2.0,0.5282,0.5282,0.5117,0.5117,,0.0,0.0,0.0,0.0,0.0,999.0,0.0,1,0,0,shipping_chokepoints,2025-05-27
3.0,3.0,5.0,5.0,0.18066666666666667,0.31968,0.0,0.0,-0.34753333333333336,0.0,0.0,0.0,0.0,0.0,999.0,0.0,2,0,0,shipping_chokepoints,2025-05-28
1.0,4.0,6.0,6.0,0.324425,0.39235,0.0,0.0,-0.20377499999999998,0.0,0.0,0.0,0.0,0.0,999.0,0.0,3,0,0,shipping_chokepoints,2025-05-29
0.0,4.0,6.0,6.0,0.324425,0.39235,0.0,0.0,-0.20377499999999998,0.0,0.0,0.0,0.0,0.0,999.0,0.0,4,0,0,shipping_chokepoints,2025-05-30
1.0,2.0,7.0,7.0,0.6333,0.4092857142857143,0.5109,0.0,0.45263333333333333,0.0,0.0,0.0,0.0,0.0,999.0,0.0,5,1,0,shipping_chokepoints,2025-05-31
0.0,1.0,5.0,7.0,0.5109,0.36172000000000004,0.5109,0.0,0.186475,0.0,0.0,0.0,0.0,0.0,999.0,0.0,6,1,0,shipping_chokepoints,2025-06-01
2.0,3.0,7.0,9.0,0.5204666666666666,0.40844285714285716,0.5106,0.0,0.19604166666666661,0.0,0.0,0.0,0.0,0.0,999.0,0.0,0,0,0,shipping_chokepoints,2025-06-02
0.0,2.0,7.0,9.0,0.52525,0.40844285714285716,0.5106,0.0,-0.10804999999999998,0.0,0.0,0.0,0.0,0.0,999.0,0.0,1,0,0,shipping_chokepoints,2025-06-03
1.0,3.0,5.0,10.0,0.3501666666666667,0.46342,0.0,0.0,-0.16073333333333334,0.0,0.0,0.0,0.0,0.0,999.0,0.0,2,0,0,shipping_chokepoints,2025-06-04
4.0,5.0,8.0,14.0,0.32986,0.4013375,0.0,0.0,-0.19060666666666665,0.0,0.0,0.0,0.0,0.0,999.0,0.0,3,0,0,shipping_chokepoints,2025-06-05
1.0,6.0,9.0,15.0,0.1133,0.24902222222222223,-0.9695,-0.9695,-0.41195,0.0,0.0,0.0,0.0,0.0,999.0,0.0,4,0,0,shipping_chokepoints,2025-06-06
3.0,8.0,11.0,18.0,0.221575,0.25664545454545457,-0.9695,-0.9695,-0.1285916666666667,0.0,0.0,0.0,0.0,0.0,999.0,0.0,5,1,0,shipping_chokepoints,2025-06-07
1.0,5.0,12.0,17.0,0.13756,0.2823,-0.9695,-0.9695,-0.1923,0.0,0.0,0.0,0.0,0.0,999.0,0.0,6,1,0,shipping_chokepoints,2025-06-08
0.0,4.0,10.0,17.0,0.414325,0.23371,0.0,-0.9695,0.301025,0.0,0.0,0.0,0.0,0.0,999.0,0.0,0,0,0,shipping_chokepoints,2025-06-09
0.0,1.0,10.0,17.0,0.5645,0.23371,0.5645,-0.9695,0.34292500000000004,0.0,0.0,0.0,0.0,0.0,999.0,0.0,1,0,0,shipping_chokepoints,2025-06-10
1.0,1.0,10.0,15.0,0.5359,0.2873,0.5359,-0.9695,0.39834,0.0,0.0,0.0,0.0,0.0,999.0,0.0,2,0,0,shipping_chokepoints,2025-06-11
38.0,39.0,44.0,52.0,-0.3171051282051282,-0.26543863636363635,-0.9556,-0.9695,-0.7314301282051282,5.0,5.0,0.0,0.0,0.0,999.0,1.0,3,0,0,shipping_chokepoints,2025-06-12
0.0,39.0,43.0,52.0,-0.3171051282051282,-0.24906511627906977,-0.9556,-0.9556,-0.8816051282051283,0.0,5.0,0.0,0.0,0.0,999.0,1.0,4,0,0,shipping_chokepoints,2025-06-13
0.0,38.0,40.0,51.0,-0.3395526315789474,-0.295065,-0.9556,-0.9556,-0.8754526315789475,0.0,5.0,0.0,0.0,0.0,999.0,1.0,5,1,1,shipping_chokepoints,2025-06-14
0.0,0.0,39.0,51.0,,-0.31710512820512815,,-0.9556,,0.0,0.0,0.0,0.0,0.0,999.0,0.0,6,1,1,shipping_chokepoints,2025-06-15
0.0,0.0,39.0,49.0,,-0.31710512820512815,,-0.9556,,0.0,0.0,0.0,0.0,0.0,999.0,0.0,0,0,1,shipping_chokepoints,2025-06-16
0.0,0.0,39.0,49.0,,-0.31710512820512815,,-0.9556,,0.0,0.0,1.0,1.0,1.0,0.0,1.0,1,0,1,shipping_chokepoints,2025-06-17
6.0,6.0,44.0,54.0,-0.2404833333333333,-0.32604318181818176,-0.9449,-0.9556,,0.0,0.0,1.0,1.0,1.0,1.0,2.0,2,0,1,shipping_chokepoints,2025-06-18
66.0,72.0,72.0,116.0,-0.6716375,-0.6716375,-0.9724,-0.9724,,4.0,4.0,4.0,4.0,4.0,0.0,7.0,3,0,0,shipping_chokepoints,2025-06-19
0.0,72.0,72.0,115.0,-0.6716375,-0.6716375,-0.9724,-0.9724,,0.0,4.0,3.0,4.0,4.0,1.0,6.0,4,0,0,shipping_chokepoints,2025-06-20
0.0,66.0,72.0,112.0,-0.7108333333333333,-0.6716375,-0.9724,-0.9724,-0.47035000000000005,0.0,4.0,3.0,4.0,4.0,2.0,5.0,5,1,0,shipping_chokepoints,2025-06-21
0.0,0.0,72.0,111.0,,-0.6716375,,-0.9724,,0.0,0.0,0.0,4.0,4.0,3.0,0.0,6,1,0,shipping_chokepoints,2025-06-22
1.0,1.0,73.0,112.0,-0.9617,-0.6756109589041096,-0.9617,-0.9724,-0.2900625,0.0,0.0,0.0,4.0,4.0,4.0,0.0,0,0,1,shipping_chokepoints,2025-06-23
2.0,3.0,75.0,114.0,-0.3751,-0.659776,-0.9711,-0.9724,0.33573333333333333,1.0,1.0,0.0,3.0,4.0,5.0,0.0,1,0,1,shipping_chokepoints,2025-06-24
1.0,4.0,70.0,114.0,-0.281325,-0.6862900000000001,-0.9711,-0.9724,,0.0,1.0,0.0,3.0,4.0,6.0,0.0,2,0,1,shipping_chokepoints,2025-06-25
32.0,35.0,36.0,108.0,-0.2579257142857143,-0.27747499999999997,-0.9729,-0.9729,0.7037742857142857,2.0,3.0,1.0,1.0,5.0,0.0,2.0,3,0,0,shipping_chokepoints,2025-06-26
0.0,33.0,36.0,108.0,-0.2686,-0.27747499999999997,-0.9729,-0.9729,0.10649999999999998,0.0,2.0,1.0,1.0,5.0,1.0,2.0,4,0,0,shipping_chokepoints,2025-06-27
0.0,32.0,36.0,108.0,-0.27699375,-0.27747499999999997,-0.9729,-0.9729,0.004331250000000009,0.0,2.0,1.0,1.0,5.0,2.0,2.0,5,1,0,shipping_chokepoints,2025-06-28
0.0,0.0,36.0,108.0,,-0.27747499999999997,,-0.9729,,0.0,0.0,0.0,1.0,5.0,3.0,0.0,6,1,1,shipping_chokepoints,2025-06-29
2.0,2.0,37.0,110.0,-0.36175,-0.2635378378378378,-0.7235,-0.9729,-0.09315000000000001,1.0,1.0,0.0,1.0,5.0,4.0,0.0,0,0,1,shipping_chokepoints,2025-06-30
2.0,4.0,37.0,112.0,-0.25812500000000005,-0.26746756756756757,-0.922,-0.9729,0.018868749999999934,1.0,2.0,0.0,1.0,4.0,5.0,0.0,1,0,1,shipping_chokepoints,2025-07-01
5.0,9.0,41.0,111.0,-0.3239666666666667,-0.28730487804878047,-0.922,-0.9729,,1.0,3.0,1.0,2.0,5.0,0.0,1.0,2,0,0,shipping_chokepoints,2025-07-02
41.0,48.0,50.0,86.0,-0.20778541666666664,-0.21394399999999997,-0.9705,-0.9705,0.15396458333333338,3.0,5.0,1.0,1.0,2.0,1.0,1.0,3,0,0,shipping_chokepoints,2025-07-03
0.0,46.0,50.0,86.0,-0.21010217391304348,-0.21394399999999997,-0.9705,-0.9705,0.04802282608695657,0.0,4.0,1.0,1.0,2.0,2.0,1.0,4,0,0,shipping_chokepoints,2025-07-04
0.0,41.0,50.0,86.0,-0.18979268292682924,-0.21394399999999997,-0.9705,-0.9705,0.13417398373983744,0.0,3.0,0.0,1.0,2.0,3.0,0.0,5,1,0,shipping_chokepoints,2025-07-05
0.0,0.0,50.0,86.0,,-0.21394399999999997,,-0.9705,,0.0,0.0,0.0,1.0,2.0,4.0,0.0,6,1,0,shipping_chokepoints,2025-07-06
0.0,0.0,48.0,85.0,,-0.20778541666666664,,-0.9705,,0.0,0.0,0.0,1.0,2.0,5.0,0.0,0,0,0,shipping_chokepoints,2025-07-07
0.0,0.0,46.0,83.0,,-0.21010217391304345,,-0.9705,,0.0,0.0,0.0,1.0,2.0,6.0,0.0,1,0,0,shipping_chokepoints,2025-07-08
2.0,2.0,43.0,84.0,0.0,-0.18096511627906972,0.0,-0.9705,,0.0,0.0,0.0,0.0,2.0,7.0,2.0,2,0,0,shipping_chokepoints,2025-07-09
27.0,29.0,29.0,79.0,0.23118965517241383,0.2311896551724138,-0.9717,-0.9717,,1.0,1.0,0.0,0.0,1.0,8.0,2.0,3,0,0,shipping_chokepoints,2025-07-10
1.0,30.0,30.0,80.0,0.19420000000000004,0.1942,-0.9717,-0.9717,,1.0,2.0,0.0,0.0,1.0,9.0,2.0,4,0,0,shipping_chokepoints,2025-07-11
2.0,30.0,32.0,82.0,0.14368666666666668,0.13470625000000003,-0.9717,-0.9717,0.14368666666666668,1.0,3.0,0.0,0.0,1.0,10.0,0.0,5,1,0,shipping_chokepoints,2025-07-12
1.0,4.0,33.0,83.0,-0.5984749999999998,0.13062424242424245,-0.8785,-0.9717,-0.8296646551724136,1.0,3.0,0.0,0.0,1.0,11.0,0.0,6,1,0,shipping_chokepoints,2025-07-13
1.0,4.0,34.0,82.0,-0.5893999999999998,0.10201176470588236,-0.8422,-0.9717,-0.7835999999999999,0.0,2.0,0.0,0.0,1.0,12.0,0.0,0,0,0,shipping_chokepoints,2025-07-14
3.0,5.0,37.0,83.0,-0.45193999999999984,0.05542972972972974,-0.8444,-0.9717,-0.5956266666666665,0.0,1.0,0.0,0.0,1.0,13.0,0.0,1,0,0,shipping_chokepoints,2025-07-15
3.0,7.0,38.0,81.0,-0.5303857142857141,0.0157342105263158,-0.8997,-0.9717,0.06808928571428563,0.0,0.0,0.0,0.0,0.0,14.0,0.0,2,0,0,shipping_chokepoints,2025-07-16
17.0,23.0,28.0,57.0,-0.1431260869565217,-0.23314285714285715,-0.8997,-0.8997,0.4462739130434781,1.0,1.0,0.0,0.0,0.0,15.0,2.0,3,0,0,shipping_chokepoints,2025-07-17
3.0,23.0,30.0,60.0,-0.1040173913043478,-0.20558333333333334,-0.8997,-0.8997,0.34792260869565206,0.0,1.0,0.0,0.0,0.0,16.0,2.0,4,0,0,shipping_chokepoints,2025-07-18
2.0,22.0,30.0,62.0,-0.0858272727272727,-0.1866966666666667,-0.9488,-0.9488,0.44455844155844143,0.0,1.0,0.0,0.0,0.0,17.0,2.0,5,1,0,shipping_chokepoints,2025-07-19
1.0,6.0,30.0,63.0,-0.24446666666666653,-0.1866966666666667,-0.9488,-0.9488,-0.10134057971014482,0.0,0.0,0.0,0.0,0.0,18.0,0.0,6,1,0,shipping_chokepoints,2025-07-20
3.0,6.0,32.0,66.0,-0.4215666666666665,-0.19810312500000005,-0.9488,-0.9488,-0.3175492753623187,0.0,0.0,0.0,0.0,0.0,19.0,0.0,0,0,0,shipping_chokepoints,2025-07-21
3.0,7.0,32.0,69.0,-0.40549999999999986,-0.193115625,-0.9331,-0.9488,-0.31967272727272716,1.0,1.0,0.0,0.0,0.0,20.0,0.0,1,0,0,shipping_chokepoints,2025-07-22
4.0,10.0,33.0,71.0,-0.4517899999999999,-0.19412424242424242,-0.9331,-0.9488,-0.2073233333333334,2.0,3.0,0.0,0.0,0.0,21.0,0.0,2,0,0,shipping_chokepoints,2025-07-23
21.0,28.0,37.0,65.0,0.01712142857142862,-0.0694054054054054,-0.9331,-0.9488,0.4386880952380951,0.0,3.0,0.0,0.0,0.0,22.0,0.0,3,0,0,shipping_chokepoints,2025-07-24
5.0,30.0,39.0,69.0,0.054500000000000035,-0.05518717948717949,-0.9137,-0.9488,0.4599999999999999,0.0,2.0,0.0,0.0,0.0,23.0,0.0,4,0,0,shipping_chokepoints,2025-07-25
0.0,26.0,37.0,67.0,0.1274769230769231,-0.03252702702702702,-0.9137,-0.9331,0.579266923076923,0.0,0.0,0.0,0.0,0.0,24.0,0.0,5,1,0,shipping_chokepoints,2025-07-26
1.0,6.0,37.0,67.0,-0.017049999999999788,-0.03252702702702702,-0.8285,-0.9331,-0.03417142857142841,0.0,0.0,0.0,0.0,0.0,25.0,0.0,6,1,0,shipping_chokepoints,2025-07-27
1.0,2.0,35.0,67.0,-0.47779999999999934,-0.016528571428571424,-0.9556,-0.9556,-0.5322999999999993,1.0,1.0,0.0,0.0,0.0,26.0,0.0,0,0,1,shipping_chokepoints,2025-07-28
2.0,4.0,34.0,66.0,-0.4241999999999997,-0.0018176470588235284,-0.9556,-0.9556,-0.5516769230769227,0.0,1.0,0.0,0.0,0.0,27.0,2.0,1,0,1,shipping_chokepoints,2025-07-29
5.0,8.0,35.0,68.0,-0.41524999999999984,-0.0002171428571428586,-0.9556,-0.9556,-0.39820000000000005,2.0,3.0,0.0,0.0,0.0,28.0,7.0,2,0,1,shipping_chokepoints,2025-07-30
20.0,27.0,34.0,71.0,-0.48067407407407403,-0.41282647058823535,-0.9621,-0.9621,-0.002874074074074695,2.0,4.0,2.0,2.0,2.0,0.0,11.0,3,0,0,shipping_chokepoints,2025-07-31
0.0,25.0,29.0,68.0,-0.48948,-0.4804758620689656,-0.9621,-0.9621,-0.06528000000000034,0.0,4.0,2.0,2.0,2.0,1.0,9.0,4,0,0,shipping_chokepoints,2025-08-01
0.0,20.0,29.0,66.0,-0.53059,-0.4804758620689656,-0.9621,-0.9621,-0.11534000000000016,0.0,2.0,2.0,2.0,2.0,2.0,4.0,5,1,0,shipping_chokepoints,2025-08-02
3.0,3.0,31.0,68.0,-0.03583333333333335,-0.4529451612903226,-0.8832,-0.9621,0.4448407407407407,0.0,0.0,0.0,2.0,2.0,3.0,0.0,6,1,0,shipping_chokepoints,2025-08-03
4.0,7.0,34.0,69.0,-0.11082857142857117,-0.40452941176470586,-0.8911,-0.9621,0.37865142857142886,0.0,0.0,0.0,2.0,2.0,4.0,0.0,0,0,0,shipping_chokepoints,2025-08-04
7.0,14.0,39.0,73.0,-0.06227857142857128,-0.336125641025641,-0.8911,-0.9621,0.4683114285714287,0.0,0.0,0.0,2.0,2.0,5.0,0.0,1,0,0,shipping_chokepoints,2025-08-05
4.0,15.0,38.0,73.0,-0.07397333333333318,-0.31128684210526314,-0.8911,-0.9621,-0.038139999999999834,0.0,0.0,0.0,2.0,2.0,6.0,0.0,2,0,0,shipping_chokepoints,2025-08-06
22.0,33.0,40.0,74.0,0.06967272727272733,0.038085000000000056,-0.9611,-0.9611,0.1805012987012985,1.0,1.0,0.0,0.0,2.0,7.0,1.0,3,0,0,shipping_chokepoints,2025-08-07
1.0,27.0,41.0,70.0,0.08871481481481489,0.03715609756097567,-0.9611,-0.9611,0.15099338624338615,0.0,1.0,0.0,0.0,2.0,8.0,1.0,4,0,0,shipping_chokepoints,2025-08-08
1.0,24.0,42.0,71.0,0.08635000000000008,0.02036428571428577,-0.9611,-0.9611,0.16032333333333326,0.0,1.0,0.0,0.0,2.0,9.0,2.0,5,1,0,shipping_chokepoints,2025-08-09
0.0,2.0,39.0,70.0,-0.33404999999999907,0.024687179487179547,-0.6681,-0.9611,-0.4037227272727264,0.0,0.0,0.0,0.0,2.0,10.0,1.0,6,1,0,shipping_chokepoints,2025-08-10
3.0,4.0,38.0,72.0,-0.36227499999999957,0.022371052631579007,-0.8198,-0.9611,-0.4509898148148145,0.0,0.0,0.0,0.0,2.0,11.0,1.0,0,0,0,shipping_chokepoints,2025-08-11
6.0,9.0,37.0,76.0,-0.030277777777777577,0.039316216216216275,-0.8198,-0.9611,-0.11662777777777766,1.0,1.0,0.0,0.0,2.0,12.0,0.0,1,0,0,shipping_chokepoints,2025-08-12
6.0,15.0,39.0,77.0,-0.03595333333333321,0.03931025641025646,-0.8813,-0.9611,0.29809666666666584,2.0,3.0,0.0,0.0,2.0,13.0,0.0,2,0,0,shipping_chokepoints,2025-08-13
28.0,40.0,45.0,85.0,0.09823000000000001,0.055113333333333354,-0.9753,-0.9753,0.4605049999999996,1.0,4.0,0.0,0.0,0.0,14.0,0.0,3,0,0,shipping_chokepoints,2025-08-14
0.0,34.0,44.0,85.0,0.10060882352941179,0.05636590909090911,-0.9753,-0.9753,0.13088660130718938,0.0,3.0,0.0,0.0,0.0,15.0,0.0,4,0,0,shipping_chokepoints,2025-08-15
2.0,30.0,45.0,87.0,0.0692366666666667,0.03417333333333336,-0.9753,-0.9753,0.10518999999999991,1.0,2.0,0.0,0.0,0.0,16.0,0.0,5,1,0,shipping_chokepoints,2025-08-16
2.0,4.0,47.0,86.0,-0.7221999999999995,0.005519148936170238,-0.9279,-0.9753,-0.8204299999999995,0.0,1.0,0.0,0.0,0.0,17.0,0.0,6,1,0,shipping_chokepoints,2025-08-17
2.0,6.0,46.0,84.0,-0.6196166666666664,0.0045978260869565515,-0.9279,-0.9753,-0.7202254901960782,0.0,1.0,0.0,0.0,0.0,18.0,0.0,0,0,0,shipping_chokepoints,2025-08-18
1.0,5.0,41.0,78.0,-0.4214599999999996,-0.0072439024390243585,-0.8289,-0.9753,-0.49069666666666634,0.0,0.0,0.0,0.0,0.0,19.0,0.0,1,0,0,shipping_chokepoints,2025-08-19
0.0,3.0,35.0,74.0,-0.2762999999999994,-0.0008628571428571049,-0.8289,-0.9753,0.44590000000000013,0.0,0.0,0.0,0.0,0.0,20.0,0.0,2,0,0,shipping_chokepoints,2025-08-20
36.0,37.0,43.0,88.0,0.1376594594594595,0.031993023255814,-0.9443,-0.9443,0.7572761261261258,7.0,7.0,0.0,0.0,0.0,21.0,0.0,3,0,0,shipping_chokepoints,2025-08-21
1.0,37.0,44.0,88.0,0.11882972972972979,0.015431818181818225,-0.9443,-0.9443,0.5402897297297294,0.0,7.0,0.0,0.0,0.0,22.0,1.0,4,0,0,shipping_chokepoints,2025-08-22
0.0,37.0,42.0,87.0,0.11882972972972979,0.054509523809523855,-0.9443,-0.9443,0.39512972972972915,0.0,7.0,0.0,0.0,0.0,23.0,1.0,5,1,0,shipping_chokepoints,2025-08-23
3.0,4.0,43.0,90.0,-0.49414999999999953,0.05320697674418609,-0.7321,-0.9443,-0.631809459459459,0.0,0.0,0.0,0.0,0.0,24.0,1.0,6,1,0,shipping_chokepoints,2025-08-24
5.0,8.0,46.0,92.0,-0.37886249999999977,0.029691304347826124,-0.9002,-0.9443,-0.49769222972972954,0.0,0.0,0.0,0.0,0.0,25.0,0.0,0,0,0,shipping_chokepoints,2025-08-25
0.0,8.0,45.0,86.0,-0.37886249999999977,0.030351111111111148,-0.9002,-0.9443,-0.49769222972972954,0.0,0.0,0.0,0.0,0.0,26.0,0.0,1,0,0,shipping_chokepoints,2025-08-26
3.0,8.0,48.0,83.0,-0.3299124999999998,0.009947916666666704,-0.9002,-0.9443,0.16423749999999976,0.0,0.0,0.0,0.0,0.0,27.0,0.0,2,0,0,shipping_chokepoints,2025-08-27
13.0,16.0,25.0,68.0,-0.21846874999999988,-0.28892399999999996,-0.9434,-0.9434,0.1603937499999999,0.0,0.0,0.0,0.0,0.0,28.0,0.0,3,0,0,shipping_chokepoints,2025-08-28
6.0,22.0,30.0,74.0,-0.19612727272727265,-0.2448566666666666,-0.9434,-0.9434,0.18273522727272712,0.0,0.0,0.0,0.0,0.0,29.0,0.0,4,0,0,shipping_chokepoints,2025-08-29
1.0,20.0,31.0,73.0,-0.21411999999999992,-0.2645677419354838,-0.9434,-0.9434,0.11579249999999985,1.0,1.0,0.0,0.0,0.0,30.0,0.0,5,1,0,shipping_chokepoints,2025-08-30
4.0,11.0,32.0,75.0,-0.35235454545454536,-0.28507499999999997,-0.8693,-0.9434,-0.1338857954545455,0.0,1.0,0.0,0.0,0.0,31.0,0.0,6,1,0,shipping_chokepoints,2025-08-31
7.0,12.0,34.0,80.0,-0.6343833333333332,-0.35080588235294113,-0.888,-0.9434,-0.43825606060606054,0.0,1.0,0.0,0.0,0.0,32.0,0.0,0,0,0,shipping_chokepoints,2025-09-01
5.0,16.0,39.0,84.0,-0.5539375,-0.35983846153846155,-0.9223,-0.9434,-0.33981750000000005,2.0,2.0,0.0,0.0,0.0,33.0,1.0,1,0,0,shipping_chokepoints,2025-09-02
1.0,13.0,37.0,85.0,-0.5832076923076923,-0.3801297297297297,-0.9223,-0.9434,-0.23085314685314695,0.0,2.0,0.0,0.0,0.0,34.0,1.0,2,0,0,shipping_chokepoints,2025-09-03
23.0,29.0,47.0,72.0,-0.31594137931034477,-0.37434468085106387,-0.9499,-0.9499,0.3184419540229884,3.0,5.0,0.0,0.0,0.0,35.0,4.0,3,0,0,shipping_chokepoints,2025-09-04
3.0,27.0,44.0,74.0,-0.3206333333333333,-0.4176363636363636,-0.9499,-0.9499,0.23330416666666665,0.0,3.0,0.0,0.0,0.0,36.0,3.0,4,0,0,shipping_chokepoints,2025-09-05
1.0,27.0,44.0,75.0,-0.28658148148148144,-0.3981840909090909,-0.9499,-0.9499,0.2966262108262109,0.0,3.0,0.0,0.0,0.0,37.0,3.0,5,1,0,shipping_chokepoints,2025-09-06
1.0,5.0,41.0,73.0,-0.51266,-0.3971121951219512,-0.9622,-0.9622,-0.19671862068965523,0.0,0.0,0.0,0.0,0.0,38.0,0.0,6,1,0,shipping_chokepoints,2025-09-07
3.0,5.0,37.0,71.0,-0.49518000000000006,-0.35781891891891887,-0.9622,-0.9622,-0.17454666666666674,0.0,0.0,0.0,0.0,0.0,39.0,0.0,0,0,0,shipping_chokepoints,2025-09-08
0.0,4.0,32.0,71.0,-0.618975,-0.34790625,-0.9622,-0.9622,-0.3323935185185186,0.0,0.0,0.0,0.0,0.0,40.0,0.0,1,0,0,shipping_chokepoints,2025-09-09
4.0,7.0,35.0,72.0,-0.28531428571428574,-0.3056314285714285,-0.9102,-0.9622,0.22734571428571426,0.0,0.0,0.0,0.0,0.0,41.0,0.0,2,0,0,shipping_chokepoints,2025-09-10
26.0,30.0,38.0,85.0,-0.10093000000000002,-0.18697105263157893,-0.8927,-0.9622,0.39425000000000004,3.0,3.0,0.0,0.0,0.0,42.0,2.0,3,0,0,shipping_chokepoints,2025-09-11
4.0,34.0,39.0,83.0,-0.1392735294117647,-0.18490256410256406,-0.9258,-0.9622,0.4797014705882353,0.0,3.0,0.0,0.0,0.0,43.0,2.0,4,0,0,shipping_chokepoints,2025-09-12
2.0,32.0,40.0,84.0,-0.10604375,-0.15881999999999996,-0.9258,-0.9622,0.17927053571428575,0.0,3.0,0.0,0.0,0.0,44.0,2.0,5,1,0,shipping_chokepoints,2025-09-13
0.0,6.0,39.0,80.0,-0.14150000000000004,-0.1382205128205128,-0.9258,-0.9258,-0.04057000000000002,0.0,0.0,0.0,0.0,0.0,45.0,0.0,6,1,0,shipping_chokepoints,2025-09-14
2.0,4.0,38.0,75.0,0.4111749999999999,-0.08133157894736838,0.0,-0.9258,0.5504485294117646,0.0,0.0,0.0,0.0,0.0,46.0,0.0,0,0,0,shipping_chokepoints,2025-09-15
0.0,2.0,38.0,70.0,0.39315,-0.08133157894736838,0.0,-0.9258,0.49919375,0.0,0.0,0.0,0.0,0.0,47.0,0.0,1,0,0,shipping_chokepoints,2025-09-16
2.0,4.0,36.0,71.0,-0.029125000000000123,-0.09749722222222218,-0.9028,-0.9258,0.11237499999999992,1.0,1.0,0.0,0.0,0.0,48.0,0.0,2,0,0,shipping_chokepoints,2025-09-17
14.0,16.0,24.0,62.0,-0.52106875,-0.34999166666666653,-0.9608,-0.9608,-0.9322437499999998,4.0,5.0,0.0,0.0,0.0,49.0,1.0,3,0,0,shipping_chokepoints,2025-09-18
1.0,17.0,21.0,60.0,-0.5397823529411765,-0.35864761904761894,-0.9608,-0.9608,-0.9329323529411765,0.0,5.0,0.0,0.0,0.0,50.0,1.0,4,0,0,shipping_chokepoints,2025-09-19
2.0,17.0,21.0,61.0,-0.5908823529411765,-0.48388095238095225,-0.9608,-0.9608,-0.5617573529411763,0.0,4.0,0.0,0.0,0.0,51.0,1.0,5,1,0,shipping_chokepoints,2025-09-20
0.0,3.0,21.0,60.0,-0.8702333333333337,-0.48388095238095225,-0.8944,-0.9608,-0.3491645833333338,0.0,0.0,0.0,0.0,0.0,52.0,0.0,6,1,0,shipping_chokepoints,2025-09-21
1.0,3.0,20.0,58.0,-0.5905000000000004,-0.5473899999999998,-0.8944,-0.9608,-0.05071764705882387,0.0,0.0,0.0,0.0,0.0,53.0,0.0,0,0,0,shipping_chokepoints,2025-09-22
0.0,1.0,20.0,58.0,0.0,-0.5473899999999998,0.0,-0.9608,0.5908823529411765,0.0,0.0,0.0,0.0,0.0,54.0,0.0,1,0,0,shipping_chokepoints,2025-09-23
3.0,4.0,21.0,57.0,-0.23785000000000023,-0.5236380952380951,-0.9514,-0.9608,0.6323833333333335,2.0,2.0,0.0,0.0,0.0,55.0,1.0,2,0,0,shipping_chokepoints,2025-09-24
29.0,32.0,36.0,60.0,-0.27381875,-0.3159138888888888,-0.9585,-0.9585,0.31668125000000036,3.0,5.0,0.0,0.0,0.0,56.0,5.0,3,0,0,shipping_chokepoints,2025-09-25
3.0,35.0,38.0,59.0,-0.27012285714285716,-0.29541578947368413,-0.9585,-0.9585,-0.27012285714285716,0.0,5.0,0.0,0.0,0.0,57.0,5.0,4,0,0,shipping_chokepoints,2025-09-26
1.0,33.0,37.0,58.0,-0.28446363636363636,-0.27942432432432424,-0.9585,-0.9585,-0.046613636363636135,0.0,3.0,0.0,0.0,0.0,58.0,4.0,5,1,0,shipping_chokepoints,2025-09-27
2.0,6.0,39.0,60.0,-0.29603333333333365,-0.2702153846153846,-0.8844,-0.9585,-0.02221458333333365,0.0,0.0,0.0,0.0,0.0,59.0,0.0,6,1,0,shipping_chokepoints,2025-09-28
1.0,4.0,39.0,59.0,-0.2710250000000004,-0.2702153846153846,-0.8844,-0.9585,-0.0009021428571432399,0.0,0.0,0.0,0.0,0.0,60.0,0.0,0,0,0,shipping_chokepoints,2025-09-29
0.0,3.0,39.0,59.0,-0.06656666666666726,-0.2702153846153846,-0.8421,-0.9585,0.2178969696969691,0.0,0.0,0.0,0.0,0.0,61.0,0.0,1,0,0,shipping_chokepoints,2025-09-30
6.0,7.0,42.0,63.0,-0.24981428571428596,-0.26989761904761894,-0.8938,-0.9585,0.04621904761904769,2.0,2.0,0.0,0.0,0.0,62.0,0.0,2,0,0,shipping_chokepoints,2025-10-01
28.0,34.0,41.0,77.0,-0.06989705882352946,-0.1012853658536585,-0.9389,-0.9389,0.20112794117647093,7.0,9.0,0.0,0.0,0.0,63.0,0.0,3,0,0,shipping_chokepoints,2025-10-02
8.0,42.0,46.0,84.0,-0.1732714285714286,-0.18177173913043476,-0.9389,-0.9389,-0.10670476190476134,1.0,10.0,0.0,0.0,0.0,64.0,0.0,4,0,0,shipping_chokepoints,2025-10-03
0.0,36.0,45.0,82.0,-0.15357500000000007,-0.16615777777777777,-0.9389,-0.9389,0.09623928571428589,0.0,8.0,0.0,0.0,0.0,65.0,0.0,5,1,0,shipping_chokepoints,2025-10-04
1.0,9.0,44.0,83.0,-0.629477777777778,-0.18276818181818177,-0.916,-0.9389,-0.5595807189542485,1.0,2.0,0.0,0.0,0.0,66.0,0.0,6,1,0,shipping_chokepoints,2025-10-05
1.0,2.0,44.0,83.0,-0.7603000000000009,-0.1999545454545454,-0.7644,-0.9389,-0.5870285714285722,1.0,2.0,0.0,0.0,0.0,67.0,0.0,0,0,0,shipping_chokepoints,2025-10-06
3.0,5.0,47.0,86.0,-0.2930200000000004,-0.1860106382978723,-0.8646,-0.9389,-0.13944500000000032,2.0,4.0,0.0,0.0,0.0,68.0,0.0,1,0,0,shipping_chokepoints,2025-10-07
5.0,9.0,46.0,88.0,-0.25077777777777793,-0.18587173913043475,-0.8646,-0.9389,0.3787000000000001,1.0,4.0,0.0,0.0,0.0,69.0,1.0,2,0,0,shipping_chokepoints,2025-10-08
22.0,30.0,40.0,81.0,-0.4455766666666667,-0.4947199999999999,-0.9727,-0.9727,0.3147233333333342,4.0,7.0,0.0,0.0,0.0,70.0,3.0,3,0,0,shipping_chokepoints,2025-10-09
3.0,30.0,35.0,81.0,-0.46689,-0.4420514285714285,-0.9727,-0.9727,-0.17386999999999964,0.0,5.0,0.0,0.0,0.0,71.0,3.0,4,0,0,shipping_chokepoints,2025-10-10
0.0,25.0,35.0,80.0,-0.498016,-0.4420514285714285,-0.9727,-0.9727,-0.24723822222222208,0.0,4.0,0.0,0.0,0.0,72.0,2.0,5,1,0,shipping_chokepoints,2025-10-11
0.0,3.0,34.0,78.0,-0.19463333333333332,-0.432570588235294,-0.5839,-0.9727,0.25094333333333335,0.0,0.0,0.0,0.0,0.0,73.0,0.0,6,1,0,shipping_chokepoints,2025-10-12
0.0,0.0,33.0,77.0,,-0.42276363636363623,,-0.9727,,0.0,0.0,0.0,0.0,0.0,74.0,0.0,0,0,0,shipping_chokepoints,2025-10-13
0.0,0.0,30.0,77.0,,-0.4668899999999999,,-0.9727,,0.0,0.0,0.0,0.0,0.0,75.0,0.0,1,0,0,shipping_chokepoints,2025-10-14
0.0,0.0,25.0,71.0,,-0.49801599999999985,,-0.9727,,0.0,0.0,0.0,0.0,0.0,76.0,0.0,2,0,0,shipping_chokepoints,2025-10-15
14.0,14.0,17.0,57.0,-0.05121428571428572,-0.0765235294117646,-0.925,-0.925,,0.0,0.0,0.0,0.0,0.0,77.0,1.0,3,0,0,shipping_chokepoints,2025-10-16
1.0,15.0,15.0,50.0,-0.10734000000000013,-0.1073399999999999,-0.925,-0.925,,1.0,1.0,0.0,0.0,0.0,78.0,2.0,4,0,0,shipping_chokepoints,2025-10-17
0.0,15.0,15.0,50.0,-0.10734000000000013,-0.1073399999999999,-0.925,-0.925,,0.0,1.0,0.0,0.0,0.0,79.0,2.0,5,1,0,shipping_chokepoints,2025-10-18
0.0,1.0,15.0,49.0,-0.8931,-0.1073399999999999,-0.8931,-0.925,-0.8418857142857142,0.0,1.0,0.0,0.0,0.0,80.0,1.0,6,1,0,shipping_chokepoints,2025-10-19
0.0,0.0,15.0,48.0,,-0.1073399999999999,,-0.925,,0.0,0.0,0.0,0.0,0.0,81.0,0.0,0,0,0,shipping_chokepoints,2025-10-20
0.0,0.0,15.0,45.0,,-0.1073399999999999,,-0.925,,0.0,0.0,0.0,0.0,0.0,82.0,0.0,1,0,0,shipping_chokepoints,2025-10-21
0.0,0.0,15.0,40.0,,-0.1073399999999999,,-0.925,,0.0,0.0,0.0,0.0,0.0,83.0,0.0,2,0,0,shipping_chokepoints,2025-10-22
22.0,22.0,23.0,40.0,-0.3079181818181818,-0.33336086956521727,-0.947,-0.947,,0.0,0.0,0.0,0.0,0.0,84.0,2.0,3,0,0,shipping_chokepoints,2025-10-23
0.0,22.0,22.0,37.0,-0.3079181818181818,-0.3079181818181818,-0.947,-0.947,,0.0,0.0,0.0,0.0,0.0,85.0,2.0,4,0,0,shipping_chokepoints,2025-10-24
0.0,22.0,22.0,37.0,-0.3079181818181818,-0.3079181818181818,-0.947,-0.947,,0.0,0.0,0.0,0.0,0.0,86.0,2.0,5,1,0,shipping_chokepoints,2025-10-25
0.0,0.0,22.0,37.0,,-0.3079181818181818,,-0.947,,0.0,0.0,0.0,0.0,0.0,87.0,0.0,6,1,0,shipping_chokepoints,2025-10-26
0.0,0.0,22.0,37.0,,-0.3079181818181818,,-0.947,,0.0,0.0,0.0,0.0,0.0,88.0,0.0,0,0,0,shipping_chokepoints,2025-10-27
0.0,0.0,22.0,37.0,,-0.3079181818181818,,-0.947,,0.0,0.0,0.0,0.0,0.0,89.0,0.0,1,0,0,shipping_chokepoints,2025-10-28
0.0,0.0,22.0,37.0,,-0.3079181818181818,,-0.947,,0.0,0.0,0.0,0.0,0.0,90.0,0.0,2,0,0,shipping_chokepoints,2025-10-29
5.0,5.0,5.0,28.0,-0.61268,-0.61268,-0.9446,-0.9446,,3.0,3.0,0.0,0.0,0.0,91.0,0.0,3,0,0,shipping_chokepoints,2025-10-30
0.0,5.0,5.0,27.0,-0.61268,-0.61268,-0.9446,-0.9446,,0.0,3.0,0.0,0.0,0.0,92.0,0.0,4,0,0,shipping_chokepoints,2025-10-31
0.0,5.0,5.0,27.0,-0.61268,-0.61268,-0.9446,-0.9446,,0.0,3.0,0.0,0.0,0.0,93.0,0.0,5,1,0,shipping_chokepoints,2025-11-01
0.0,0.0,5.0,27.0,,-0.61268,,-0.9446,,0.0,0.0,0.0,0.0,0.0,94.0,0.0,6,1,0,shipping_chokepoints,2025-11-02
0.0,0.0,5.0,27.0,,-0.61268,,-0.9446,,0.0,0.0,0.0,0.0,0.0,95.0,0.0,0,0,0,shipping_chokepoints,2025-11-03
0.0,0.0,5.0,27.0,,-0.61268,,-0.9446,,0.0,0.0,0.0,0.0,0.0,96.0,0.0,1,0,0,shipping_chokepoints,2025-11-04
1.0,1.0,6.0,28.0,0.919,-0.3573999999999999,0.919,-0.9446,,0.0,0.0,0.0,0.0,0.0,97.0,0.0,2,0,0,shipping_chokepoints,2025-11-05
15.0,16.0,16.0,21.0,0.5778625,0.5778625000000001,-0.8558,-0.8558,,1.0,1.0,0.0,0.0,0.0,98.0,0.0,3,0,0,shipping_chokepoints,2025-11-06
0.0,16.0,16.0,21.0,0.5778625,0.5778625000000001,-0.8558,-0.8558,,0.0,1.0,0.0,0.0,0.0,99.0,0.0,4,0,0,shipping_chokepoints,2025-11-07
0.0,15.0,16.0,21.0,0.5551200000000001,0.5778625000000001,-0.8558,-0.8558,-0.36388,0.0,1.0,0.0,0.0,0.0,100.0,0.0,5,1,0,shipping_chokepoints,2025-11-08
0.0,0.0,16.0,21.0,,0.5778625000000001,,-0.8558,,0.0,0.0,0.0,0.0,0.0,101.0,0.0,6,1,0,shipping_chokepoints,2025-11-09
0.0,0.0,16.0,21.0,,0.5778625000000001,,-0.8558,,0.0,0.0,0.0,0.0,0.0,102.0,0.0,0,0,0,shipping_chokepoints,2025-11-10
0.0,0.0,16.0,21.0,,0.5778625000000001,,-0.8558,,0.0,0.0,0.0,0.0,0.0,103.0,0.0,1,0,0,shipping_chokepoints,2025-11-11
0.0,0.0,15.0,21.0,,0.5551200000000001,,-0.8558,,0.0,0.0,0.0,0.0,0.0,104.0,0.0,2,0,0,shipping_chokepoints,2025-11-12
21.0,21.0,21.0,37.0,-0.4958714285714286,-0.4958714285714286,-0.9723,-0.9723,,2.0,2.0,0.0,0.0,0.0,105.0,7.0,3,0,0,shipping_chokepoints,2025-11-13
0.0,21.0,21.0,37.0,-0.4958714285714286,-0.4958714285714286,-0.9723,-0.9723,,0.0,2.0,0.0,0.0,0.0,106.0,7.0,4,0,0,shipping_chokepoints,2025-11-14
0.0,21.0,21.0,37.0,-0.4958714285714286,-0.4958714285714286,-0.9723,-0.9723,,0.0,2.0,0.0,0.0,0.0,107.0,7.0,5,1,0,shipping_chokepoints,2025-11-15
0.0,0.0,21.0,37.0,,-0.4958714285714286,,-0.9723,,0.0,0.0,0.0,0.0,0.0,108.0,0.0,6,1,0,shipping_chokepoints,2025-11-16
0.0,0.0,21.0,37.0,,-0.4958714285714286,,-0.9723,,0.0,0.0,0.0,0.0,0.0,109.0,0.0,0,0,0,shipping_chokepoints,2025-11-17
0.0,0.0,21.0,37.0,,-0.4958714285714286,,-0.9723,,0.0,0.0,0.0,0.0,0.0,110.0,0.0,1,0,0,shipping_chokepoints,2025-11-18
0.0,0.0,21.0,36.0,,-0.4958714285714286,,-0.9723,,0.0,0.0,0.0,0.0,0.0,111.0,0.0,2,0,0,shipping_chokepoints,2025-11-19
19.0,19.0,19.0,40.0,0.35242105263157897,0.35242105263157897,-0.9377,-0.9377,,1.0,1.0,0.0,0.0,0.0,112.0,0.0,3,0,0,shipping_chokepoints,2025-11-20
1.0,20.0,20.0,41.0,0.3605649999999999,0.360565,-0.9377,-0.9377,,0.0,1.0,0.0,0.0,0.0,113.0,0.0,4,0,0,shipping_chokepoints,2025-11-21
0.0,20.0,20.0,41.0,0.3605649999999999,0.360565,-0.9377,-0.9377,,0.0,1.0,0.0,0.0,0.0,114.0,0.0,5,1,0,shipping_chokepoints,2025-11-22
0.0,1.0,20.0,41.0,0.5153,0.360565,0.5153,-0.9377,0.162878947368421,0.0,0.0,0.0,0.0,0.0,115.0,0.0,6,1,0,shipping_chokepoints,2025-11-23
1.0,1.0,21.0,42.0,-0.9353,0.2988571428571429,-0.9353,-0.9377,-1.295865,0.0,0.0,0.0,0.0,0.0,116.0,0.0,0,0,0,shipping_chokepoints,2025-11-24
0.0,1.0,21.0,42.0,-0.9353,0.2988571428571429,-0.9353,-0.9377,-1.295865,0.0,0.0,0.0,0.0,0.0,117.0,0.0,1,0,0,shipping_chokepoints,2025-11-25
0.0,1.0,21.0,42.0,-0.9353,0.2988571428571429,-0.9353,-0.9377,-1.4506000000000001,0.0,0.0,0.0,0.0,0.0,118.0,0.0,2,0,0,shipping_chokepoints,2025-11-26
16.0,16.0,18.0,37.0,-0.4617,-0.4337333333333333,-0.9682,-0.9682,0.4736,1.0,1.0,0.0,0.0,0.0,119.0,1.0,3,0,0,shipping_chokepoints,2025-11-27
0.0,16.0,17.0,37.0,-0.4617,-0.48955882352941177,-0.9682,-0.9682,0.4736,0.0,1.0,0.0,0.0,0.0,120.0,1.0,4,0,0,shipping_chokepoints,2025-11-28
0.0,16.0,17.0,37.0,-0.4617,-0.48955882352941177,-0.9682,-0.9682,0.4736,0.0,1.0,0.0,0.0,0.0,121.0,1.0,5,1,0,shipping_chokepoints,2025-11-29
0.0,0.0,17.0,37.0,,-0.48955882352941177,,-0.9682,,0.0,0.0,0.0,0.0,0.0,122.0,0.0,6,1,0,shipping_chokepoints,2025-11-30
0.0,0.0,16.0,37.0,,-0.4617,,-0.9682,,0.0,0.0,0.0,0.0,0.0,123.0,0.0,0,0,0,shipping_chokepoints,2025-12-01
0.0,0.0,16.0,37.0,,-0.4617,,-0.9682,,0.0,0.0,0.0,0.0,0.0,124.0,0.0,1,0,0,shipping_chokepoints,2025-12-02
1.0,1.0,17.0,38.0,0.0,-0.4345411764705882,0.0,-0.9682,,0.0,0.0,0.0,0.0,0.0,125.0,0.0,2,0,0,shipping_chokepoints,2025-12-03
28.0,29.0,29.0,47.0,0.31916551724137926,0.3191655172413793,-0.518,-0.518,,4.0,4.0,0.0,0.0,0.0,126.0,0.0,3,0,0,shipping_chokepoints,2025-12-04
1.0,30.0,30.0,47.0,0.3085266666666666,0.30852666666666667,-0.518,-0.518,,0.0,4.0,0.0,0.0,0.0,127.0,0.0,4,0,0,shipping_chokepoints,2025-12-05
0.0,29.0,30.0,47.0,0.31916551724137926,0.30852666666666667,-0.518,-0.518,0.31916551724137926,0.0,4.0,0.0,0.0,0.0,128.0,0.0,5,1,0,shipping_chokepoints,2025-12-06
0.0,1.0,30.0,47.0,0.0,0.30852666666666667,0.0,-0.518,-0.31916551724137926,0.0,0.0,0.0,0.0,0.0,129.0,0.0,6,1,0,shipping_chokepoints,2025-12-07
0.0,0.0,30.0,46.0,,0.30852666666666667,,-0.518,,0.0,0.0,0.0,0.0,0.0,130.0,0.0,0,0,0,shipping_chokepoints,2025-12-08
0.0,0.0,30.0,46.0,,0.30852666666666667,,-0.518,,0.0,0.0,0.0,0.0,0.0,131.0,0.0,1,0,0,shipping_chokepoints,2025-12-09
3.0,3.0,32.0,49.0,0.0,0.28924375,0.0,-0.518,0.0,1.0,1.0,0.0,0.0,0.0,132.0,0.0,2,0,0,shipping_chokepoints,2025-12-10
57.0,60.0,61.0,90.0,-0.3878816666666667,-0.38152295081967214,-0.9579,-0.9579,,5.0,6.0,0.0,0.0,0.0,133.0,0.0,3,0,0,shipping_chokepoints,2025-12-11
7.0,67.0,67.0,97.0,-0.4036671641791045,-0.4036671641791045,-0.9579,-0.9579,,7.0,13.0,0.0,0.0,0.0,134.0,0.0,4,0,0,shipping_chokepoints,2025-12-12
0.0,64.0,67.0,97.0,-0.4225890625,-0.4036671641791045,-0.9579,-0.9579,-0.4225890625,0.0,12.0,0.0,0.0,0.0,135.0,0.0,5,1,0,shipping_chokepoints,2025-12-13
0.0,7.0,67.0,97.0,-0.5389714285714285,-0.4036671641791045,-0.7079,-0.9579,-0.15108976190476187,0.0,7.0,0.0,0.0,0.0,136.0,0.0,6,1,0,shipping_chokepoints,2025-12-14
0.0,0.0,67.0,97.0,,-0.4036671641791045,,-0.9579,,0.0,0.0,0.0,0.0,0.0,137.0,0.0,0,0,1,shipping_chokepoints,2025-12-15
0.0,0.0,67.0,97.0,,-0.4036671641791045,,-0.9579,,0.0,0.0,0.0,0.0,0.0,138.0,0.0,1,0,1,shipping_chokepoints,2025-12-16
2.0,2.0,66.0,98.0,0.37695,-0.398360606060606,0.0,-0.9579,0.9159214285714286,0.0,0.0,0.0,0.0,0.0,139.0,0.0,2,0,1,shipping_chokepoints,2025-12-17
90.0,92.0,99.0,160.0,-0.01300543478260869,-0.05019494949494948,-0.9741,-0.9741,,35.0,35.0,2.0,2.0,2.0,0.0,6.0,3,0,0,shipping_chokepoints,2025-12-18
0.0,92.0,92.0,159.0,-0.01300543478260869,-0.013005434782608684,-0.9741,-0.9741,,0.0,35.0,2.0,2.0,2.0,1.0,6.0,4,0,0,shipping_chokepoints,2025-12-19
0.0,90.0,92.0,159.0,-0.021671111111111106,-0.013005434782608684,-0.9741,-0.9741,-0.3986211111111111,0.0,35.0,2.0,2.0,2.0,2.0,6.0,5,1,0,shipping_chokepoints,2025-12-20
0.0,0.0,92.0,159.0,,-0.013005434782608684,,-0.9741,,0.0,0.0,0.0,2.0,2.0,3.0,0.0,6,1,0,shipping_chokepoints,2025-12-21
0.0,0.0,92.0,159.0,,-0.013005434782608684,,-0.9741,,0.0,0.0,0.0,2.0,2.0,4.0,0.0,0,0,0,shipping_chokepoints,2025-12-22
0.0,0.0,92.0,159.0,,-0.013005434782608684,,-0.9741,,0.0,0.0,0.0,2.0,2.0,5.0,0.0,1,0,0,shipping_chokepoints,2025-12-23
2.0,2.0,92.0,158.0,0.0,-0.021199999999999993,0.0,-0.9741,,0.0,0.0,0.0,2.0,2.0,6.0,0.0,2,0,0,shipping_chokepoints,2025-12-24
18.0,20.0,20.0,119.0,-0.14678999999999998,-0.14678999999999998,-0.9671,-0.9671,,5.0,5.0,0.0,0.0,2.0,7.0,0.0,3,0,0,shipping_chokepoints,2025-12-25
11.0,31.0,31.0,123.0,-0.182058064516129,-0.182058064516129,-0.9671,-0.9671,,2.0,7.0,0.0,0.0,2.0,8.0,0.0,4,0,0,shipping_chokepoints,2025-12-26
0.0,29.0,31.0,123.0,-0.19461379310344823,-0.182058064516129,-0.9671,-0.9671,-0.19461379310344823,0.0,7.0,0.0,0.0,2.0,9.0,0.0,5,1,0,shipping_chokepoints,2025-12-27
0.0,11.0,31.0,123.0,-0.24618181818181817,-0.182058064516129,-0.8859,-0.9671,-0.09939181818181819,0.0,2.0,0.0,0.0,2.0,10.0,0.0,6,1,0,shipping_chokepoints,2025-12-28
0.0,0.0,31.0,123.0,,-0.182058064516129,,-0.9671,,0.0,0.0,0.0,0.0,2.0,11.0,0.0,0,0,1,shipping_chokepoints,2025-12-29
0.0,0.0,31.0,123.0,,-0.182058064516129,,-0.9671,,0.0,0.0,0.0,0.0,2.0,12.0,0.0,1,0,1,shipping_chokepoints,2025-12-30
0.0,0.0,29.0,121.0,,-0.19461379310344823,,-0.9671,,0.0,0.0,0.0,0.0,2.0,13.0,0.0,2,0,1,shipping_chokepoints,2025-12-31
37.0,37.0,48.0,68.0,-0.3806702702702703,-0.34985,-0.9562,-0.9562,,14.0,14.0,3.0,3.0,3.0,0.0,6.0,3,0,0,shipping_chokepoints,2026-01-01
1.0,38.0,38.0,69.0,-0.3851973684210527,-0.3851973684210526,-0.9562,-0.9562,,1.0,15.0,3.0,3.0,3.0,1.0,6.0,4,0,0,shipping_chokepoints,2026-01-02
3.0,41.0,41.0,72.0,-0.38780000000000003,-0.3878,-0.9562,-0.9562,,0.0,15.0,3.0,3.0,3.0,2.0,6.0,5,1,1,shipping_chokepoints,2026-01-03
2.0,6.0,43.0,74.0,-0.4704,-0.3931906976744186,-0.6991,-0.9562,-0.0897297297297297,0.0,1.0,0.0,3.0,3.0,3.0,0.0,6,1,1,shipping_chokepoints,2026-01-04
1.0,6.0,44.0,75.0,-0.37828333333333336,-0.38425454545454546,-0.6991,-0.9562,0.006914035087719317,1.0,1.0,0.0,3.0,3.0,4.0,0.0,0,0,1,shipping_chokepoints,2026-01-05
5.0,8.0,49.0,80.0,-0.47334999999999994,-0.40176734693877547,-0.9532,-0.9562,-0.0855499999999999,1.0,2.0,1.0,4.0,4.0,0.0,1.0,1,0,1,shipping_chokepoints,2026-01-06
8.0,14.0,57.0,86.0,-0.46597142857142854,-0.41106666666666664,-0.9532,-0.9562,0.004428571428571448,1.0,3.0,1.0,4.0,4.0,1.0,3.0,2,0,1,shipping_chokepoints,2026-01-07
115.0,128.0,135.0,183.0,-0.426421875,-0.42521777777777775,-0.9749,-0.9749,-0.048138541666666645,29.0,31.0,2.0,2.0,5.0,0.0,6.0,3,0,0,shipping_chokepoints,2026-01-08
8.0,131.0,142.0,180.0,-0.4259114503816794,-0.428475352112676,-0.9749,-0.9749,0.04743854961832056,2.0,32.0,1.0,2.0,5.0,1.0,5.0,4,0,0,shipping_chokepoints,2026-01-09
5.0,128.0,144.0,185.0,-0.42393671875,-0.42913124999999996,-0.9749,-0.9749,0.04203470982142854,1.0,32.0,1.0,2.0,5.0,2.0,3.0,5,1,0,shipping_chokepoints,2026-01-10
3.0,16.0,145.0,188.0,-0.42427499999999996,-0.42324413793103444,-0.8135,-0.9749,0.002146875000000048,1.0,4.0,0.0,2.0,5.0,3.0,0.0,6,1,0,shipping_chokepoints,2026-01-11
2.0,10.0,146.0,190.0,-0.27965999999999996,-0.42034520547945203,-0.8135,-0.9749,0.14625145038167942,1.0,3.0,0.0,2.0,5.0,4.0,0.0,0,0,1,shipping_chokepoints,2026-01-12
6.0,11.0,147.0,196.0,-0.3098818181818182,-0.4178013605442176,-0.8713,-0.9749,0.1140549005681818,1.0,3.0,0.0,1.0,5.0,5.0,0.0,1,0,1,shipping_chokepoints,2026-01-13
4.0,12.0,143.0,200.0,-0.33300833333333335,-0.4114888111888112,-0.8713,-0.9749,0.09126666666666661,1.0,3.0,0.0,1.0,5.0,6.0,0.0,2,0,1,shipping_chokepoints,2026-01-14
34.0,44.0,62.0,197.0,-0.37875,-0.37828064516129023,-0.973,-0.973,-0.09909000000000001,6.0,8.0,2.0,2.0,4.0,0.0,3.0,3,0,0,shipping_chokepoints,2026-01-15
10.0,48.0,64.0,206.0,-0.3466854166666666,-0.3478640624999999,-0.973,-0.973,-0.03680359848484838,2.0,9.0,2.0,2.0,4.0,1.0,3.0,4,0,0,shipping_chokepoints,2026-01-16
1.0,45.0,60.0,204.0,-0.3556466666666666,-0.3430516666666666,-0.973,-0.973,-0.02263833333333326,0.0,8.0,2.0,2.0,4.0,2.0,3.0,5,1,0,shipping_chokepoints,2026-01-17
3.0,14.0,60.0,205.0,-0.4048,-0.3722033333333333,-0.9484,-0.973,-0.026050000000000018,2.0,4.0,0.0,2.0,4.0,3.0,0.0,6,1,0,shipping_chokepoints,2026-01-18
1.0,5.0,59.0,205.0,-0.76532,-0.3948016949152542,-0.9611,-0.973,-0.4186345833333334,0.0,2.0,0.0,2.0,4.0,4.0,0.0,0,0,0,shipping_chokepoints,2026-01-19
3.0,7.0,56.0,203.0,-0.6943571428571429,-0.39348035714285706,-0.9611,-0.973,-0.3387104761904763,1.0,3.0,0.0,2.0,3.0,5.0,0.0,1,0,0,shipping_chokepoints,2026-01-20
10.0,14.0,62.0,205.0,-0.44342857142857145,-0.39587258064516123,-0.9611,-0.973,-0.03862857142857146,1.0,2.0,0.0,2.0,3.0,6.0,0.0,2,0,0,shipping_chokepoints,2026-01-21
19.0,32.0,47.0,109.0,-0.30250625,-0.3469893617021277,-0.9136,-0.9611,0.46281375,3.0,5.0,0.0,0.0,2.0,7.0,0.0,3,0,0,shipping_chokepoints,2026-01-22
6.0,35.0,43.0,107.0,-0.31588000000000005,-0.382553488372093,-0.9136,-0.9611,0.37847714285714285,0.0,4.0,0.0,0.0,2.0,8.0,0.0,4,0,0,shipping_chokepoints,2026-01-23
1.0,26.0,43.0,103.0,-0.31019230769230766,-0.38616279069767445,-0.8968,-0.9611,0.1332362637362638,0.0,3.0,0.0,0.0,2.0,9.0,1.0,5,1,0,shipping_chokepoints,2026-01-24
3.0,10.0,43.0,103.0,-0.56928,-0.3798627906976744,-0.8968,-0.9611,-0.26677375000000003,1.0,1.0,0.0,0.0,2.0,10.0,1.0,6,1,0,shipping_chokepoints,2026-01-25
6.0,10.0,48.0,107.0,-0.6194599999999999,-0.39203750000000004,-0.9424,-0.9424,-0.30357999999999985,0.0,1.0,0.0,0.0,2.0,11.0,1.0,0,0,0,shipping_chokepoints,2026-01-26
3.0,12.0,48.0,104.0,-0.5180916666666666,-0.3741999999999999,-0.9424,-0.9424,-0.20789935897435896,2.0,3.0,0.0,0.0,2.0,12.0,0.0,1,0,0,shipping_chokepoints,2026-01-27
1.0,10.0,39.0,101.0,-0.41559999999999997,-0.3662076923076923,-0.9424,-0.9424,0.15368000000000004,1.0,3.0,0.0,0.0,2.0,13.0,0.0,2,0,0,shipping_chokepoints,2026-01-28
33.0,37.0,53.0,100.0,0.1903243243243243,-0.03953962264150942,-0.9485,-0.9485,0.8097843243243242,3.0,6.0,0.0,0.0,0.0,14.0,1.0,3,0,0,shipping_chokepoints,2026-01-29
4.0,38.0,51.0,94.0,0.1366921052631579,-0.033558823529411745,-0.961,-0.961,0.6547837719298245,0.0,4.0,0.0,0.0,0.0,15.0,1.0,4,0,0,shipping_chokepoints,2026-01-30
0.0,37.0,50.0,93.0,0.1403864864864865,-0.020455999999999985,-0.961,-0.961,0.5559864864864865,0.0,3.0,0.0,0.0,0.0,16.0,1.0,5,1,0,shipping_chokepoints,2026-01-31
0.0,4.0,47.0,90.0,-0.639725,0.022091489361702136,-0.961,-0.961,-0.8300493243243243,0.0,0.0,0.0,0.0,0.0,17.0,0.0,6,1,0,shipping_chokepoints,2026-02-01
1.0,1.0,42.0,90.0,0.8805,0.1277047619047619,0.8805,-0.961,0.7438078947368421,0.0,0.0,0.0,0.0,0.0,18.0,0.0,0,0,0,shipping_chokepoints,2026-02-02
1.0,2.0,40.0,88.0,0.44025,0.15187,0.0,-0.961,0.2998635135135135,0.0,0.0,0.0,0.0,0.0,19.0,0.0,1,0,0,shipping_chokepoints,2026-02-03
4.0,6.0,43.0,82.0,-0.3874166666666667,0.06673953488372093,-0.9714,-0.9714,0.2523083333333333,1.0,1.0,0.0,0.0,0.0,20.0,0.0,2,0,0,shipping_chokepoints,2026-02-04
27.0,32.0,37.0,90.0,-0.48579687499999996,-0.4655108108108108,-0.9721,-0.9721,-1.366296875,3.0,4.0,0.0,0.0,0.0,21.0,1.0,3,0,0,shipping_chokepoints,2026-02-05
3.0,34.0,36.0,87.0,-0.5211470588235293,-0.46773611111111113,-0.9721,-0.9721,-0.9613970588235292,2.0,6.0,0.0,0.0,0.0,22.0,2.0,4,0,0,shipping_chokepoints,2026-02-06
2.0,32.0,38.0,88.0,-0.48922812499999996,-0.4731526315789474,-0.9721,-0.9721,-0.10181145833333327,0.0,5.0,0.0,0.0,0.0,23.0,2.0,5,1,0,shipping_chokepoints,2026-02-07
7.0,12.0,45.0,92.0,-0.34138333333333337,-0.4169244444444444,-0.8494,-0.9721,0.1444135416666666,0.0,2.0,0.0,0.0,0.0,24.0,1.0,6,1,0,shipping_chokepoints,2026-02-08
2.0,11.0,46.0,88.0,-0.24908181818181818,-0.44475869565217385,-0.8494,-0.9721,0.2720652406417111,0.0,0.0,0.0,0.0,0.0,25.0,0.0,0,0,0,shipping_chokepoints,2026-02-09
0.0,9.0,45.0,85.0,-0.17762222222222224,-0.4546422222222221,-0.8494,-0.9721,0.3116059027777777,0.0,0.0,0.0,0.0,0.0,26.0,0.0,1,0,0,shipping_chokepoints,2026-02-10
2.0,4.0,43.0,86.0,-0.409825,-0.4203813953488372,-0.8225,-0.9721,-0.06844166666666662,0.0,0.0,0.0,0.0,0.0,27.0,0.0,2,0,0,shipping_chokepoints,2026-02-11
30.0,32.0,46.0,83.0,0.14021562499999998,-0.0092717391304348,-0.9667,-0.9667,0.38929744318181814,2.0,2.0,0.0,0.0,0.0,28.0,0.0,3,0,0,shipping_chokepoints,2026-02-12
5.0,37.0,48.0,84.0,0.10056486486486485,0.020437499999999987,-0.9667,-0.9667,0.27818708708708706,1.0,3.0,0.0,0.0,0.0,29.0,0.0,4,0,0,shipping_chokepoints,2026-02-13
1.0,36.0,47.0,85.0,0.12620555555555554,0.045155319148936154,-0.9667,-0.9667,0.5360305555555556,0.0,3.0,0.0,0.0,0.0,30.0,0.0,5,1,0,shipping_chokepoints,2026-02-14
1.0,7.0,41.0,86.0,-0.21685714285714286,0.052490243902439025,-0.9102,-0.9667,-0.3570727678571428,1.0,2.0,0.0,0.0,0.0,31.0,0.0,6,1,0,shipping_chokepoints,2026-02-15
1.0,3.0,40.0,86.0,-0.25066666666666665,0.0742225,-0.752,-0.9667,-0.3512315315315315,0.0,1.0,0.0,0.0,0.0,32.0,0.0,0,0,0,shipping_chokepoints,2026-02-16
4.0,6.0,44.0,89.0,-0.3411666666666666,0.03804318181818181,-0.752,-0.9667,-0.4673722222222222,0.0,1.0,0.0,0.0,0.0,33.0,0.0,1,0,0,shipping_chokepoints,2026-02-17
6.0,11.0,48.0,91.0,-0.23148181818181818,0.02593958333333332,-0.8125,-0.9667,-0.014624675324675318,1.0,1.0,0.0,0.0,0.0,34.0,0.0,2,0,0,shipping_chokepoints,2026-02-18
39.0,49.0,57.0,103.0,0.1873836734693877,0.13445263157894735,-0.9001,-0.9102,0.4380503401360544,3.0,4.0,0.0,0.0,0.0,35.0,0.0,3,0,0,shipping_chokepoints,2026-02-19
5.0,50.0,57.0,105.0,0.19089799999999993,0.13154210526315782,-0.9714,-0.9714,0.5320646666666665,0.0,4.0,0.0,0.0,0.0,36.0,0.0,4,0,0,shipping_chokepoints,2026-02-20
4.0,48.0,60.0,107.0,0.18008958333333328,0.08909999999999996,-0.9714,-0.9714,0.4115714015151515,2.0,5.0,0.0,0.0,0.0,37.0,0.0,5,1,0,shipping_chokepoints,2026-02-21
2.0,11.0,61.0,102.0,-0.33022727272727276,0.09097213114754094,-0.9714,-0.9714,-0.5176109461966605,0.0,2.0,0.0,0.0,0.0,38.0,0.0,6,1,0,shipping_chokepoints,2026-02-22
3.0,9.0,63.0,103.0,-0.3986111111111111,0.07400634920634916,-0.8869,-0.9714,-0.589509111111111,1.0,3.0,0.0,0.0,0.0,39.0,0.0,0,0,0,shipping_chokepoints,2026-02-23
2.0,7.0,61.0,105.0,-0.3271428571428571,0.08365573770491798,-0.8869,-0.9714,-0.5072324404761904,1.0,2.0,0.0,0.0,0.0,40.0,0.0,1,0,0,shipping_chokepoints,2026-02-24
3.0,8.0,58.0,106.0,-0.2984,0.09842068965517237,-0.8869,-0.9714,0.03182727272727276,0.0,2.0,0.0,0.0,0.0,41.0,0.0,2,0,0,shipping_chokepoints,2026-02-25
24.0,29.0,43.0,100.0,-0.4413689655172413,-0.40276976744186044,-0.9702,-0.9714,-0.042757854406130225,1.0,2.0,0.0,0.0,0.0,42.0,2.0,3,0,0,shipping_chokepoints,2026-02-26
0.0,27.0,38.0,95.0,-0.44241851851851843,-0.43124210526315787,-0.9702,-0.9702,-0.11527566137566131,0.0,1.0,0.0,0.0,0.0,43.0,2.0,4,0,1,shipping_chokepoints,2026-02-27
0.0,24.0,34.0,94.0,-0.4708083333333333,-0.41868529411764704,-0.9702,-0.9702,-0.17240833333333327,0.0,1.0,0.0,0.0,0.0,44.0,2.0,5,1,1,shipping_chokepoints,2026-02-28
1.0,1.0,33.0,94.0,-0.7605,-0.43779090909090906,-0.7605,-0.9702,-0.31913103448275865,1.0,1.0,0.0,0.0,0.0,45.0,0.0,6,1,1,shipping_chokepoints,2026-03-01
10.0,11.0,40.0,103.0,-0.33619999999999994,-0.41244749999999997,-0.9645,-0.9702,0.10621851851851849,1.0,2.0,3.0,3.0,3.0,0.0,3.0,0,0,1,shipping_chokepoints,2026-03-02
5.0,16.0,43.0,104.0,-0.37487499999999996,-0.41728604651162793,-0.9711,-0.9711,0.09593333333333331,5.0,7.0,5.0,5.0,5.0,0.0,5.0,1,0,1,shipping_chokepoints,2026-03-03
6.0,21.0,46.0,104.0,-0.2811571428571428,-0.3905260869565217,-0.9711,-0.9711,0.4793428571428571,0.0,6.0,6.0,6.0,6.0,0.0,6.0,2,0,1,shipping_chokepoints,2026-03-04
148.0,159.0,170.0,213.0,-0.14139056603773587,-0.15399588235294118,-0.9738,-0.9738,0.19480943396226408,42.0,47.0,19.0,22.0,22.0,0.0,21.0,3,0,1,shipping_chokepoints,2026-03-05
15.0,169.0,185.0,223.0,-0.16823786982248523,-0.18610918918918917,-0.9738,-0.9738,0.20663713017751473,3.0,45.0,20.0,25.0,25.0,0.0,23.0,4,0,1,shipping_chokepoints,2026-03-06
4.0,167.0,189.0,223.0,-0.1819311377245509,-0.1960174603174603,-0.9738,-0.9738,0.09922600513259192,2.0,47.0,20.0,26.0,26.0,0.0,23.0,5,1,1,shipping_chokepoints,2026-03-07
4.0,23.0,192.0,225.0,-0.5340260869565219,-0.19636145833333332,-0.9558,-0.9738,-0.392635520918786,3.0,8.0,6.0,28.0,28.0,0.0,7.0,6,1,1,shipping_chokepoints,2026-03-08
5.0,13.0,187.0,227.0,-0.5643692307692307,-0.2035764705882353,-0.9454,-0.9738,-0.3961313609467455,3.0,8.0,7.0,29.0,32.0,0.0,7.0,0,0,1,shipping_chokepoints,2026-03-09
16.0,25.0,198.0,241.0,-0.5350199999999999,-0.2243676767676768,-0.9454,-0.9738,-0.353088862275449,3.0,9.0,7.0,28.0,33.0,0.0,7.0,1,0,1,shipping_chokepoints,2026-03-10
16.0,37.0,208.0,254.0,-0.4573189189189189,-0.23422067307692307,-0.9474,-0.9738,0.07670716803760297,5.0,11.0,8.0,30.0,36.0,0.0,8.0,2,0,1,shipping_chokepoints,2026-03-11
361.0,393.0,421.0,591.0,-0.571565903307888,-0.5705774346793349,-0.9757,-0.9757,-0.0071966725386573005,79.0,87.0,60.0,70.0,92.0,0.0,61.0,3,0,1,shipping_chokepoints,2026-03-12
16.0,393.0,422.0,607.0,-0.5764033078880407,-0.5746898104265402,-0.9757,-0.9757,-0.04138330788804079,6.0,90.0,63.0,71.0,96.0,0.0,64.0,4,0,1,shipping_chokepoints,2026-03-13
9.0,386.0,427.0,616.0,-0.5823528497409326,-0.5693761124121779,-0.9757,-0.9757,-0.1250339308220137,2.0,87.0,60.0,70.0,96.0,1.0,61.0,5,1,1,shipping_chokepoints,2026-03-14
8.0,33.0,431.0,623.0,-0.49540303030303023,-0.5667721577726217,-0.9479,-0.9757,0.0761628730048578,2.0,10.0,6.0,70.0,98.0,0.0,6.0,6,1,1,shipping_chokepoints,2026-03-15
20.0,37.0,446.0,633.0,-0.29795675675675676,-0.5520329596412555,-0.9286,-0.9757,0.27844655113128397,4.0,8.0,4.0,68.0,97.0,0.0,4.0,0,0,1,shipping_chokepoints,2026-03-16
20.0,48.0,450.0,648.0,-0.3294520833333333,-0.5456928888888888,-0.9286,-0.9757,0.2529007664075993,2.0,8.0,4.0,67.0,95.0,1.0,4.0,1,0,1,shipping_chokepoints,2026-03-17
18.0,58.0,452.0,660.0,-0.34977931034482757,-0.547887610619469,-0.9656,-0.9757,0.14562371995820267,3.0,9.0,4.0,66.0,96.0,0.0,4.0,2,0,1,shipping_chokepoints,2026-03-18
130.0,168.0,221.0,642.0,-0.3520083333333333,-0.3652429864253394,-0.9656,-0.9656,-0.054051576576576554,30.0,35.0,18.0,26.0,96.0,0.0,19.0,3,0,1,shipping_chokepoints,2026-03-19
34.0,182.0,239.0,661.0,-0.2890214285714286,-0.29973723849372386,-0.9656,-0.9656,0.040430654761904716,7.0,40.0,22.0,26.0,97.0,0.0,24.0,4,0,1,shipping_chokepoints,2026-03-20
8.0,172.0,238.0,665.0,-0.28662732558139536,-0.3031802521008404,-0.9622,-0.9656,0.0631519847634322,1.0,38.0,21.0,27.0,97.0,0.0,23.0,5,1,1,shipping_chokepoints,2026-03-21
8.0,50.0,238.0,669.0,-0.17685399999999987,-0.3076180672268908,-0.9574,-0.9656,0.17515433333333344,3.0,11.0,6.0,26.0,96.0,0.0,7.0,6,1,1,shipping_chokepoints,2026-03-22
12.0,28.0,230.0,676.0,-0.4593464285714283,-0.319454347826087,-0.9692,-0.9692,-0.17032499999999973,4.0,8.0,3.0,25.0,93.0,0.0,3.0,0,0,1,shipping_chokepoints,2026-03-23
18.0,38.0,228.0,678.0,-0.4512473684210524,-0.3223271929824562,-0.9705,-0.9705,-0.16462004283965703,3.0,10.0,4.0,27.0,94.0,0.0,4.0,1,0,1,shipping_chokepoints,2026-03-24
16.0,46.0,226.0,678.0,-0.4337391304347824,-0.3224685840707965,-0.9705,-0.9705,-0.25688513043478256,1.0,8.0,4.0,26.0,92.0,0.0,4.0,2,0,1,shipping_chokepoints,2026-03-25
175.0,209.0,271.0,492.0,-0.33299521531100473,-0.3097162361623616,-0.9728,-0.9728,0.1263512132604236,25.0,29.0,8.0,15.0,41.0,0.0,10.0,3,0,1,shipping_chokepoints,2026-03-26
25.0,216.0,262.0,501.0,-0.297548611111111,-0.3250351145038167,-0.9728,-0.9728,0.15369875730994137,5.0,31.0,8.0,13.0,39.0,0.0,10.0,4,0,0,shipping_chokepoints,2026-03-27
1.0,201.0,255.0,493.0,-0.2877606965174129,-0.31928588235294114,-0.9728,-0.9728,0.14597843391736953,0.0,30.0,7.0,12.0,39.0,1.0,9.0,5,1,0,shipping_chokepoints,2026-03-28
3.0,29.0,250.0,488.0,-0.13919655172413767,-0.3165083999999999,-0.9661,-0.9728,0.19379866358686706,0.0,5.0,2.0,11.0,37.0,2.0,2.0,6,1,1,shipping_chokepoints,2026-03-29
5.0,9.0,243.0,473.0,-0.41608888888888806,-0.31293127572016455,-0.9364,-0.9728,-0.11854027777777704,0.0,0.0,0.0,10.0,35.0,3.0,0.0,0,0,1,shipping_chokepoints,2026-03-30
4.0,12.0,229.0,457.0,-0.31206666666666605,-0.2970100436681223,-0.9364,-0.9728,-0.024305970149253175,1.0,1.0,0.0,8.0,35.0,4.0,0.0,1,0,1,shipping_chokepoints,2026-03-31
16.0,25.0,229.0,455.0,-0.2071679999999997,-0.28102314410480345,-0.9466,-0.9728,-0.06797144827586205,3.0,4.0,1.0,8.0,34.0,0.0,1.0,2,0,1,shipping_chokepoints,2026-04-01
264.0,284.0,318.0,589.0,-0.3885658450704225,-0.3672924528301887,-0.9732,-0.9732,0.027523043818465542,31.0,35.0,6.0,8.0,23.0,0.0,6.0,3,0,0,shipping_chokepoints,2026-04-02
30.0,310.0,323.0,585.0,-0.3807222580645161,-0.37699287925696595,-0.9732,-0.9732,-0.06865559139785005,3.0,37.0,6.0,6.0,19.0,1.0,6.0,4,0,1,shipping_chokepoints,2026-04-03
6.0,300.0,328.0,583.0,-0.3965903333333334,-0.3825960365853659,-0.9732,-0.9732,-0.18942233333333366,1.0,35.0,5.0,6.0,18.0,2.0,5.0,5,1,1,shipping_chokepoints,2026-04-04
7.0,43.0,332.0,582.0,-0.3409674418604651,-0.3838069277108434,-0.9591,-0.9732,0.047598403209957396,2.0,6.0,0.0,6.0,17.0,3.0,0.0,6,1,1,shipping_chokepoints,2026-04-05
9.0,22.0,336.0,579.0,-0.4907818181818182,-0.38339613095238095,-0.9386,-0.9732,-0.11005956011730211,3.0,6.0,2.0,8.0,18.0,0.0,2.0,0,0,1,shipping_chokepoints,2026-04-06
14.0,30.0,346.0,575.0,-0.38937333333333335,-0.38562976878612726,-0.9386,-0.9732,0.007217000000000029,4.0,9.0,3.0,9.0,17.0,0.0,3.0,1,0,1,shipping_chokepoints,2026-04-07
43.0,66.0,373.0,602.0,-0.2814242424242425,-0.3775300268096515,-0.9588,-0.9732,0.059543199436222605,8.0,15.0,4.0,9.0,17.0,0.0,4.0,2,0,1,shipping_chokepoints,2026-04-08
348.0,405.0,457.0,775.0,-0.2687767901234568,-0.27860612691466086,-0.97,-0.97,0.22200502805836142,46.0,58.0,11.0,13.0,21.0,0.0,11.0,3,0,1,shipping_chokepoints,2026-04-09
38.0,429.0,465.0,788.0,-0.26951025641025644,-0.28177182795698924,-0.97,-0.97,0.1198630769230769,9.0,63.0,14.0,17.0,23.0,0.0,14.0,4,0,1,shipping_chokepoints,2026-04-10
12.0,398.0,471.0,799.0,-0.2736123115577889,-0.27757813163481954,-0.97,-0.97,0.007811930866453598,4.0,59.0,13.0,17.0,23.0,1.0,13.0,5,1,1,shipping_chokepoints,2026-04-11
7.0,57.0,471.0,803.0,-0.316640350877193,-0.27751571125265395,-0.9623,-0.97,-0.04786356075373621,4.0,17.0,5.0,18.0,24.0,0.0,5.0,6,1,1,shipping_chokepoints,2026-04-12
15.0,34.0,477.0,813.0,-0.4319911764705882,-0.28283941299790355,-0.9606,-0.97,-0.16248092006033177,11.0,19.0,8.0,23.0,31.0,0.0,8.0,0,0,1,shipping_chokepoints,2026-04-13
21.0,43.0,484.0,830.0,-0.4837790697674419,-0.28896818181818185,-0.9606,-0.97,-0.21016675820965297,12.0,27.0,13.0,27.0,36.0,0.0,13.0,1,0,1,shipping_chokepoints,2026-04-14
14.0,50.0,455.0,828.0,-0.47598,-0.298758021978022,-0.95,-0.97,-0.15933964912280701,9.0,32.0,14.0,28.0,37.0,0.0,14.0,2,0,1,shipping_chokepoints,2026-04-15
226.0,261.0,333.0,790.0,-0.02965095785440612,-0.10149759759759759,-0.9693,-0.9693,0.4023402186161821,102.0,123.0,41.0,53.0,66.0,0.0,42.0,3,0,1,shipping_chokepoints,2026-04-16
19.0,259.0,314.0,779.0,-0.026109652509652494,-0.09873598726114649,-0.9693,-0.9693,0.4576694172577894,12.0,123.0,39.0,52.0,69.0,0.0,40.0,4,0,1,shipping_chokepoints,2026-04-17
15.0,260.0,317.0,788.0,-0.018574230769230756,-0.10052523659305992,-0.9693,-0.9693,0.45740576923076925,3.0,117.0,38.0,53.0,70.0,0.0,39.0,5,1,1,shipping_chokepoints,2026-04-18
7.0,41.0,317.0,788.0,-0.4096097560975609,-0.10266309148264983,-0.9644,-0.9693,-0.37995879824315476,4.0,19.0,5.0,53.0,71.0,0.0,5.0,6,1,1,shipping_chokepoints,2026-04-19
8.0,30.0,310.0,787.0,-0.4047133333333333,-0.09179612903225808,-0.9598,-0.9693,-0.37860368082368084,5.0,12.0,5.0,49.0,72.0,0.0,5.0,0,0,1,shipping_chokepoints,2026-04-20
9.0,24.0,298.0,782.0,-0.4720041666666666,-0.07514127516778524,-0.9598,-0.9693,-0.45342993589743585,3.0,12.0,5.0,45.0,72.0,0.0,5.0,1,0,1,shipping_chokepoints,2026-04-21
12.0,29.0,296.0,751.0,-0.4005862068965516,-0.06879121621621621,-0.9593,-0.9693,0.009023549201009284,5.0,13.0,7.0,46.0,74.0,0.0,7.0,2,0,1,shipping_chokepoints,2026-04-22
294.0,315.0,364.0,697.0,-0.6355888888888886,-0.6069461538461537,-0.9741,-0.9741,-0.23087555555555533,136.0,144.0,77.0,85.0,138.0,0.0,78.0,3,0,1,shipping_chokepoints,2026-04-23
11.0,317.0,356.0,670.0,-0.6350321766561512,-0.6093676966292133,-0.9741,-0.9741,-0.16302800998948458,4.0,145.0,77.0,83.0,135.0,0.0,78.0,4,0,1,shipping_chokepoints,2026-04-24
7.0,312.0,348.0,665.0,-0.6426064102564101,-0.6207646551724136,-0.9741,-0.9741,-0.24202020335985847,2.0,142.0,77.0,85.0,138.0,0.0,78.0,5,1,1,shipping_chokepoints,2026-04-25
7.0,25.0,348.0,665.0,-0.490068,-0.6217991379310344,-0.9288,-0.9741,0.14552088888888864,6.0,12.0,5.0,85.0,138.0,0.0,5.0,6,1,1,shipping_chokepoints,2026-04-26
7.0,21.0,347.0,657.0,-0.4899761904761905,-0.6198357348703168,-0.9288,-0.9741,0.14505598617996068,2.0,10.0,6.0,84.0,133.0,0.0,6.0,0,0,1,shipping_chokepoints,2026-04-27
15.0,29.0,353.0,651.0,-0.45653793103448276,-0.6173869688385267,-0.9648,-0.9741,0.18606847922192732,6.0,14.0,4.0,84.0,129.0,0.0,4.0,1,0,1,shipping_chokepoints,2026-04-28
13.0,35.0,354.0,650.0,-0.39091999999999993,-0.61709406779661,-0.9648,-0.9741,0.09914800000000007,8.0,16.0,7.0,85.0,131.0,0.0,7.0,2,0,1,shipping_chokepoints,2026-04-29
324.0,352.0,384.0,748.0,-0.5094613636363635,-0.5057367187499998,-0.9762,-0.9762,-0.01948517316017301,212.0,226.0,93.0,100.0,185.0,0.0,93.0,3,0,1,shipping_chokepoints,2026-04-30
10.0,347.0,383.0,739.0,-0.5105662824207492,-0.5060023498694516,-0.9762,-0.9762,-0.05402835138626644,5.0,225.0,93.0,100.0,183.0,0.0,93.0,4,0,1,shipping_chokepoints,2026-05-01
7.0,341.0,383.0,731.0,-0.514923460410557,-0.5053446475195821,-0.9762,-0.9762,-0.1240034604105571,3.0,220.0,91.0,99.0,184.0,0.0,91.0,5,1,1,shipping_chokepoints,2026-05-02
16.0,33.0,392.0,740.0,-0.4262636363636364,-0.500045663265306,-0.9349,-0.9762,0.08319772727272712,7.0,15.0,5.0,100.0,185.0,0.0,5.0,6,1,1,shipping_chokepoints,2026-05-03
14.0,37.0,399.0,746.0,-0.33391621621621626,-0.4908879699248119,-0.919,-0.9762,0.17665006620453294,7.0,17.0,8.0,102.0,186.0,0.0,8.0,0,0,1,shipping_chokepoints,2026-05-04
10.0,40.0,394.0,747.0,-0.3535025,-0.4935215736040608,-0.9186,-0.9762,0.16142096041055704,3.0,17.0,7.0,102.0,186.0,0.0,7.0,1,0,1,shipping_chokepoints,2026-05-05
33.0,57.0,414.0,768.0,-0.28690175438596494,-0.4799253623188404,-0.9618,-0.9762,0.13936188197767146,8.0,18.0,9.0,102.0,187.0,0.0,9.0,2,0,1,shipping_chokepoints,2026-05-06
217.0,260.0,307.0,691.0,-0.2579523076923077,-0.27231758957654717,-0.974,-0.974,0.07596390852390855,56.0,67.0,21.0,30.0,130.0,0.0,21.0,3,0,1,shipping_chokepoints,2026-05-07
20.0,270.0,317.0,700.0,-0.2632966666666667,-0.2787731861198738,-0.974,-0.974,0.09020583333333332,7.0,71.0,23.0,32.0,132.0,0.0,23.0,4,0,1,shipping_chokepoints,2026-05-08
4.0,241.0,314.0,697.0,-0.2650082987551867,-0.27696560509554136,-0.974,-0.974,0.021893455630778214,1.0,64.0,19.0,30.0,129.0,1.0,19.0,5,1,1,shipping_chokepoints,2026-05-09
2.0,26.0,300.0,692.0,-0.4468923076923079,-0.27051333333333333,-0.9463,-0.974,-0.18894000000000022,1.0,9.0,4.0,29.0,129.0,0.0,4.0,6,1,0,shipping_chokepoints,2026-05-10
0.0,6.0,286.0,685.0,-0.4451000000000012,-0.2751286713286713,-0.9336,-0.974,-0.18180333333333454,0.0,2.0,1.0,25.0,127.0,1.0,1.0,0,0,1,shipping_chokepoints,2026-05-11
0.0,2.0,276.0,670.0,-0.4668,-0.2672489130434782,-0.9336,-0.974,-0.20179170124481327,0.0,1.0,1.0,24.0,126.0,2.0,1.0,1,0,1,shipping_chokepoints,2026-05-12
3.0,3.0,246.0,660.0,-0.2859333333333333,-0.26690406504065034,-0.8578,-0.974,0.1609589743589746,2.0,2.0,0.0,20.0,122.0,3.0,0.0,2,0,1,shipping_chokepoints,2026-05-13
119.0,122.0,148.0,455.0,-0.2902549180327869,-0.3177722972972973,-0.9571,-0.9571,0.1548450819672143,30.0,32.0,7.0,11.0,41.0,0.0,7.0,3,0,0,shipping_chokepoints,2026-05-14
0.0,122.0,128.0,445.0,-0.2902549180327869,-0.29751328125,-0.9571,-0.9571,0.17654508196721308,0.0,32.0,7.0,8.0,40.0,1.0,7.0,4,0,0,shipping_chokepoints,2026-05-15
0.0,119.0,124.0,438.0,-0.2903638655462185,-0.29310241935483866,-0.9571,-0.9571,-0.0044305322128851965,0.0,30.0,7.0,8.0,38.0,2.0,7.0,5,1,0,shipping_chokepoints,2026-05-16
0.0,0.0,122.0,422.0,,-0.29025491803278686,,-0.9571,,0.0,0.0,0.0,7.0,36.0,3.0,0.0,6,1,0,shipping_chokepoints,2026-05-17
0.0,0.0,122.0,408.0,,-0.29025491803278686,,-0.9571,,0.0,0.0,0.0,7.0,32.0,4.0,0.0,0,0,0,shipping_chokepoints,2026-05-18
2.0,2.0,124.0,400.0,0.0,-0.28557338709677416,0.0,-0.9571,0.2903638655462185,0.0,0.0,0.0,7.0,31.0,5.0,1.0,1,0,0,shipping_chokepoints,2026-05-19
1.0,3.0,122.0,368.0,-0.32476666666666903,-0.29120983606557377,-0.9743,-0.9743,,0.0,0.0,0.0,7.0,27.0,6.0,1.0,2,0,1,shipping_chokepoints,2026-05-20
1.0,4.0,4.0,152.0,-0.2435750000000018,-0.243575,-0.9743,-0.9743,,0.0,0.0,0.0,0.0,11.0,7.0,1.0,3,0,1,shipping_chokepoints,2026-05-21
2.0,4.0,6.0,134.0,-0.018575000000001785,-0.012383333333333338,-0.9743,-0.9743,-0.018575000000001785,1.0,1.0,0.0,0.0,8.0,8.0,0.0,4,0,1,shipping_chokepoints,2026-05-22
0.0,3.0,6.0,130.0,0.29999999999999766,-0.012383333333333338,0.0,-0.9743,0.6247666666666667,0.0,1.0,1.0,1.0,9.0,0.0,1.0,5,1,1,shipping_chokepoints,2026-05-23
6.0,8.0,12.0,134.0,0.17256249999999912,0.03385,-0.8358,-0.9743,0.41613750000000094,0.0,1.0,2.0,2.0,9.0,0.0,2.0,6,1,1,shipping_chokepoints,2026-05-24
13.0,19.0,25.0,147.0,0.078452631578947,0.05665200000000001,-0.9343,-0.9743,0.09702763157894878,2.0,2.0,3.0,3.0,10.0,0.0,3.0,0,0,0,shipping_chokepoints,2026-05-25
5.0,24.0,28.0,152.0,0.04295833333333304,0.034167857142857146,-0.951,-0.9743,-0.2570416666666646,0.0,2.0,2.0,3.0,10.0,1.0,2.0,1,0,0,shipping_chokepoints,2026-05-26
7.0,25.0,34.0,156.0,-0.09270400000000029,-0.027561764705882355,-0.9712,-0.9712,-0.2652664999999994,1.0,3.0,1.0,3.0,10.0,2.0,1.0,2,0,1,shipping_chokepoints,2026-05-27
5.0,17.0,38.0,42.0,-0.3803176470588239,-0.10723157894736841,-0.9712,-0.9712,-0.4587702786377709,0.0,1.0,0.0,3.0,3.0,3.0,0.0,3,0,1,shipping_chokepoints,2026-05-28
2.0,14.0,38.0,44.0,-0.5615357142857148,-0.17975000000000002,-0.9712,-0.9712,-0.6044940476190479,0.0,1.0,0.0,3.0,3.0,4.0,0.0,4,0,1,shipping_chokepoints,2026-05-29
4.0,11.0,42.0,48.0,-0.38012727272727337,-0.14329761904761906,-0.9458,-0.9712,-0.2874232727272731,1.0,1.0,1.0,3.0,4.0,0.0,1.0,5,1,1,shipping_chokepoints,2026-05-30
0.0,6.0,36.0,48.0,-0.17395000000000124,-0.1805277777777778,-0.931,-0.9712,0.20636764705882268,0.0,1.0,1.0,2.0,4.0,1.0,1.0,6,1,1,shipping_chokepoints,2026-05-31
9.0,13.0,32.0,57.0,0.13534615384615328,-0.20505,-0.9536,-0.9712,0.696881868131868,1.0,2.0,2.0,2.0,5.0,0.0,2.0,0,0,1,shipping_chokepoints,2026-06-01
12.0,21.0,39.0,67.0,-0.08077142857142891,-0.22424871794871792,-0.9631,-0.9712,0.2993558441558445,1.0,2.0,2.0,3.0,6.0,0.0,2.0,1,0,0,shipping_chokepoints,2026-06-02
2.0,23.0,34.0,68.0,-0.14583478260869595,-0.22163529411764707,-0.9631,-0.9631,0.02811521739130529,0.0,2.0,2.0,3.0,6.0,1.0,2.0,2,0,0,shipping_chokepoints,2026-06-03
0.0,14.0,29.0,67.0,-0.30726428571428627,-0.15165172413793107,-0.9631,-0.9631,-0.44261043956043955,0.0,1.0,1.0,3.0,6.0,2.0,1.0,3,0,0,shipping_chokepoints,2026-06-04
1.0,3.0,28.0,66.0,-0.248866666666669,-0.05824285714285715,-0.8558,-0.9631,-0.1680952380952401,0.0,0.0,0.0,3.0,6.0,3.0,0.0,4,0,0,shipping_chokepoints,2026-06-05
1.0,2.0,25.0,67.0,0.8499999999999964,-0.066168,0.7886,-0.9631,0.9958347826086924,0.0,0.0,0.0,2.0,5.0,4.0,0.0,5,1,0,shipping_chokepoints,2026-06-06
0.0,2.0,25.0,61.0,0.8499999999999964,-0.066168,0.7886,-0.9631,1.1572642857142827,0.0,0.0,0.0,2.0,4.0,5.0,0.0,6,1,0,shipping_chokepoints,2026-06-07
0.0,1.0,16.0,48.0,0.7886,-0.16260625,0.7886,-0.9631,1.037466666666669,0.0,0.0,0.0,1.0,3.0,6.0,0.0,0,0,0,shipping_chokepoints,2026-06-08
1.0,1.0,5.0,44.0,0.0,0.008399999999999963,0.0,-0.8558,-0.8499999999999964,0.0,0.0,0.0,0.0,3.0,7.0,0.0,1,0,0,shipping_chokepoints,2026-06-09
0.0,1.0,3.0,37.0,0.0,0.5666666666666665,0.0,0.0,-0.8499999999999964,0.0,0.0,0.0,0.0,3.0,8.0,0.0,2,0,0,shipping_chokepoints,2026-06-10
0.0,1.0,3.0,32.0,0.0,0.5666666666666665,0.0,0.0,-0.7886,0.0,0.0,0.0,0.0,3.0,9.0,0.0,3,0,0,shipping_chokepoints,2026-06-11
0.0,0.0,2.0,30.0,,0.3942999999999999,,0.0,,0.0,0.0,0.0,0.0,3.0,10.0,0.0,4,0,0,shipping_chokepoints,2026-06-12
0.0,0.0,1.0,26.0,,0.0,,0.0,,0.0,0.0,0.0,0.0,2.0,11.0,0.0,5,1,0,shipping_chokepoints,2026-06-13
0.0,0.0,1.0,26.0,,0.0,,0.0,,0.0,0.0,0.0,0.0,2.0,12.0,0.0,6,1,0,shipping_chokepoints,2026-06-14
1.0,1.0,2.0,18.0,0.0,0.0,0.0,0.0,,0.0,0.0,0.0,0.0,1.0,13.0,0.0,0,0,0,shipping_chokepoints,2026-06-15
0.0,1.0,1.0,6.0,0.0,0.0,0.0,0.0,,0.0,0.0,0.0,0.0,0.0,14.0,0.0,1,0,0,shipping_chokepoints,2026-06-16
1.0,2.0,2.0,5.0,0.0,0.0,0.0,0.0,,0.0,0.0,0.0,0.0,0.0,15.0,0.0,2,0,0,shipping_chokepoints,2026-06-17
2.0,3.0,4.0,7.0,0.3861666666666643,0.28962499999999997,0.0,0.0,0.3861666666666643,0.0,0.0,0.0,0.0,0.0,16.0,0.0,3,0,0,shipping_chokepoints,2026-06-18
0.0,3.0,4.0,6.0,0.3861666666666643,0.28962499999999997,0.0,0.0,0.3861666666666643,0.0,0.0,0.0,0.0,0.0,17.0,1.0,4,0,0,shipping_chokepoints,2026-06-19
0.0,2.0,4.0,5.0,0.57925,0.28962499999999997,0.4922,0.0,0.57925,0.0,0.0,0.0,0.0,0.0,18.0,1.0,5,1,1,shipping_chokepoints,2026-06-20
2.0,2.0,6.0,7.0,-0.4275,0.050583333333333313,-0.855,-0.855,-0.8136666666666643,1.0,1.0,0.0,0.0,0.0,19.0,2.0,6,1,1,shipping_chokepoints,2026-06-21
15.0,17.0,20.0,22.0,0.17135882352941137,0.20358,-0.9684,-0.9684,-0.21480784313725296,0.0,1.0,0.0,0.0,0.0,20.0,1.0,0,0,1,shipping_chokepoints,2026-06-22
11.0,28.0,31.0,32.0,0.1398035714285712,0.16364516129032258,-0.9684,-0.9684,-0.43944642857142885,1.0,2.0,1.0,1.0,1.0,0.0,3.0,1,0,1,shipping_chokepoints,2026-06-23
6.0,32.0,36.0,38.0,0.1585624999999998,0.149375,-0.9684,-0.9684,0.5860624999999998,1.0,2.0,2.0,2.0,2.0,0.0,3.0,2,0,1,shipping_chokepoints,2026-06-24
0.0,0.0,0.0,0.0,,,,,,0.0,0.0,0.0,0.0,0.0,999.0,0.0,2,0,0,semiconductor_electronics,2025-01-01
13.0,13.0,13.0,13.0,0.05657692307692309,0.05657692307692309,-0.9668,-0.9668,,2.0,2.0,0.0,0.0,0.0,999.0,0.0,3,0,0,semiconductor_electronics,2025-01-02
45.0,58.0,58.0,58.0,-0.008155172413793106,-0.008155172413793106,-0.9711,-0.9711,,1.0,3.0,0.0,0.0,0.0,999.0,1.0,4,0,0,semiconductor_electronics,2025-01-03
0.0,58.0,58.0,58.0,-0.008155172413793106,-0.008155172413793106,-0.9711,-0.9711,,0.0,3.0,0.0,0.0,0.0,999.0,2.0,5,1,0,semiconductor_electronics,2025-01-04
0.0,45.0,58.0,58.0,-0.026855555555555563,-0.008155172413793106,-0.9711,-0.9711,-0.08343247863247866,0.0,1.0,0.0,0.0,0.0,999.0,2.0,6,1,0,semiconductor_electronics,2025-01-05
0.0,0.0,58.0,58.0,,-0.008155172413793106,,-0.9711,,0.0,0.0,0.0,0.0,0.0,999.0,1.0,0,0,0,semiconductor_electronics,2025-01-06
0.0,0.0,58.0,58.0,,-0.008155172413793106,,-0.9711,,0.0,0.0,0.0,0.0,0.0,999.0,0.0,1,0,0,semiconductor_electronics,2025-01-07
0.0,0.0,58.0,58.0,,-0.008155172413793106,,-0.9711,,0.0,0.0,0.0,0.0,0.0,999.0,0.0,2,0,0,semiconductor_electronics,2025-01-08
7.0,7.0,52.0,65.0,0.5882714285714287,0.05595000000000001,0.0,-0.9711,,0.0,0.0,0.0,0.0,0.0,999.0,0.0,3,0,0,semiconductor_electronics,2025-01-09
52.0,59.0,59.0,117.0,0.36682372881355935,0.36682372881355935,-0.9706,-0.9706,,3.0,3.0,0.0,0.0,0.0,999.0,0.0,4,0,0,semiconductor_electronics,2025-01-10
0.0,59.0,59.0,117.0,0.36682372881355935,0.36682372881355935,-0.9706,-0.9706,,0.0,3.0,0.0,0.0,0.0,999.0,0.0,5,1,0,semiconductor_electronics,2025-01-11
0.0,52.0,59.0,117.0,0.3370134615384615,0.36682372881355935,-0.9706,-0.9706,-0.25125796703296716,0.0,3.0,0.0,0.0,0.0,999.0,0.0,6,1,0,semiconductor_electronics,2025-01-12
0.0,0.0,59.0,117.0,,0.36682372881355935,,-0.9706,,0.0,0.0,0.0,0.0,0.0,999.0,0.0,0,0,0,semiconductor_electronics,2025-01-13
0.0,0.0,59.0,117.0,,0.36682372881355935,,-0.9706,,0.0,0.0,0.0,0.0,0.0,999.0,0.0,1,0,0,semiconductor_electronics,2025-01-14
0.0,0.0,59.0,117.0,,0.36682372881355935,,-0.9706,,0.0,0.0,0.0,0.0,0.0,999.0,0.0,2,0,0,semiconductor_electronics,2025-01-15
8.0,8.0,60.0,112.0,-0.11405,0.2768716666666666,-0.974,-0.974,,1.0,1.0,0.0,0.0,0.0,999.0,1.0,3,0,0,semiconductor_electronics,2025-01-16
55.0,63.0,63.0,122.0,-0.30976349206349213,-0.30976349206349213,-0.976,-0.976,,2.0,3.0,0.0,0.0,0.0,999.0,1.0,4,0,0,semiconductor_electronics,2025-01-17
0.0,63.0,63.0,122.0,-0.30976349206349213,-0.30976349206349213,-0.976,-0.976,,0.0,3.0,0.0,0.0,0.0,999.0,1.0,5,1,0,semiconductor_electronics,2025-01-18
0.0,55.0,63.0,122.0,-0.3382309090909091,-0.30976349206349213,-0.976,-0.976,-0.2241809090909091,0.0,2.0,0.0,0.0,0.0,999.0,0.0,6,1,0,semiconductor_electronics,2025-01-19
0.0,0.0,63.0,122.0,,-0.30976349206349213,,-0.976,,0.0,0.0,0.0,0.0,0.0,999.0,0.0,0,0,0,semiconductor_electronics,2025-01-20
0.0,0.0,63.0,122.0,,-0.30976349206349213,,-0.976,,0.0,0.0,0.0,0.0,0.0,999.0,0.0,1,0,0,semiconductor_electronics,2025-01-21
0.0,0.0,63.0,122.0,,-0.30976349206349213,,-0.976,,0.0,0.0,0.0,0.0,0.0,999.0,0.0,2,0,0,semiconductor_electronics,2025-01-22
9.0,9.0,64.0,124.0,0.01573333333333333,-0.28845468750000003,-0.9713,-0.976,,2.0,2.0,0.0,0.0,0.0,999.0,0.0,3,0,0,semiconductor_electronics,2025-01-23
51.0,60.0,60.0,123.0,0.19630833333333328,0.19630833333333328,-0.9713,-0.9713,,3.0,5.0,0.0,0.0,0.0,999.0,0.0,4,0,0,semiconductor_electronics,2025-01-24
0.0,60.0,60.0,123.0,0.19630833333333328,0.19630833333333328,-0.9713,-0.9713,,0.0,5.0,0.0,0.0,0.0,999.0,0.0,5,1,0,semiconductor_electronics,2025-01-25
0.0,51.0,60.0,123.0,0.2281745098039216,0.19630833333333328,-0.967,-0.9713,0.21244117647058827,0.0,3.0,0.0,0.0,0.0,999.0,0.0,6,1,0,semiconductor_electronics,2025-01-26
0.0,0.0,60.0,123.0,,0.19630833333333328,,-0.9713,,0.0,0.0,0.0,0.0,0.0,999.0,0.0,0,0,0,semiconductor_electronics,2025-01-27
0.0,0.0,60.0,123.0,,0.19630833333333328,,-0.9713,,0.0,0.0,0.0,0.0,0.0,999.0,0.0,1,0,0,semiconductor_electronics,2025-01-28
0.0,0.0,60.0,123.0,,0.19630833333333328,,-0.9713,,0.0,0.0,0.0,0.0,0.0,999.0,0.0,2,0,0,semiconductor_electronics,2025-01-29
19.0,19.0,70.0,134.0,0.2536473684210526,0.23508857142857137,-0.9363,-0.967,,0.0,0.0,0.0,0.0,0.0,999.0,0.0,3,0,0,semiconductor_electronics,2025-01-30
34.0,53.0,53.0,113.0,0.18453018867924523,0.18453018867924523,-0.9619,-0.9619,,0.0,0.0,0.0,0.0,0.0,999.0,1.0,4,0,0,semiconductor_electronics,2025-01-31
0.0,53.0,53.0,113.0,0.18453018867924523,0.18453018867924523,-0.9619,-0.9619,,0.0,0.0,0.0,0.0,0.0,999.0,1.0,5,1,0,semiconductor_electronics,2025-02-01
0.0,34.0,53.0,113.0,0.1459058823529412,0.18453018867924523,-0.9619,-0.9619,-0.10774148606811143,0.0,0.0,0.0,0.0,0.0,999.0,1.0,6,1,0,semiconductor_electronics,2025-02-02
0.0,0.0,53.0,113.0,,0.18453018867924523,,-0.9619,,0.0,0.0,0.0,0.0,0.0,999.0,0.0,0,0,0,semiconductor_electronics,2025-02-03
0.0,0.0,53.0,113.0,,0.18453018867924523,,-0.9619,,0.0,0.0,0.0,0.0,0.0,999.0,0.0,1,0,0,semiconductor_electronics,2025-02-04
0.0,0.0,53.0,113.0,,0.18453018867924523,,-0.9619,,0.0,0.0,0.0,0.0,0.0,999.0,0.0,2,0,0,semiconductor_electronics,2025-02-05
12.0,12.0,46.0,116.0,-0.4525416666666666,-0.01021086956521744,-0.9561,-0.9619,,0.0,0.0,0.0,0.0,0.0,999.0,0.0,3,0,0,semiconductor_electronics,2025-02-06
63.0,75.0,75.0,128.0,-0.5006053333333335,-0.5006053333333335,-0.9758,-0.9758,,6.0,6.0,0.0,0.0,0.0,999.0,2.0,4,0,0,semiconductor_electronics,2025-02-07
0.0,75.0,75.0,128.0,-0.5006053333333335,-0.5006053333333335,-0.9758,-0.9758,,0.0,6.0,0.0,0.0,0.0,999.0,2.0,5,1,0,semiconductor_electronics,2025-02-08
0.0,63.0,75.0,128.0,-0.5097603174603176,-0.5006053333333335,-0.9758,-0.9758,-0.05721865079365096,0.0,6.0,0.0,0.0,0.0,999.0,2.0,6,1,0,semiconductor_electronics,2025-02-09
0.0,0.0,75.0,128.0,,-0.5006053333333335,,-0.9758,,0.0,0.0,0.0,0.0,0.0,999.0,0.0,0,0,0,semiconductor_electronics,2025-02-10
0.0,0.0,75.0,128.0,,-0.5006053333333335,,-0.9758,,0.0,0.0,0.0,0.0,0.0,999.0,0.0,1,0,1,semiconductor_electronics,2025-02-11
0.0,0.0,75.0,128.0,,-0.5006053333333335,,-0.9758,,0.0,0.0,0.0,0.0,0.0,999.0,0.0,2,0,1,semiconductor_electronics,2025-02-12
3.0,3.0,66.0,112.0,-0.63,-0.5152257575757577,-0.956,-0.9758,,0.0,0.0,0.0,0.0,0.0,999.0,0.0,3,0,1,semiconductor_electronics,2025-02-13
34.0,37.0,37.0,112.0,-0.30514864864864866,-0.30514864864864866,-0.972,-0.972,,2.0,2.0,1.0,1.0,1.0,0.0,1.0,4,0,0,semiconductor_electronics,2025-02-14
0.0,37.0,37.0,112.0,-0.30514864864864866,-0.30514864864864866,-0.972,-0.972,,0.0,2.0,1.0,1.0,1.0,1.0,1.0,5,1,0,semiconductor_electronics,2025-02-15
0.0,34.0,37.0,112.0,-0.27648529411764705,-0.30514864864864866,-0.972,-0.972,0.35351470588235295,0.0,2.0,1.0,1.0,1.0,2.0,1.0,6,1,0,semiconductor_electronics,2025-02-16
0.0,0.0,37.0,112.0,,-0.30514864864864866,,-0.972,,0.0,0.0,0.0,1.0,1.0,3.0,0.0,0,0,0,semiconductor_electronics,2025-02-17
0.0,0.0,37.0,112.0,,-0.30514864864864866,,-0.972,,0.0,0.0,0.0,1.0,1.0,4.0,0.0,1,0,0,semiconductor_electronics,2025-02-18
0.0,0.0,37.0,112.0,,-0.30514864864864866,,-0.972,,0.0,0.0,0.0,1.0,1.0,5.0,0.0,2,0,0,semiconductor_electronics,2025-02-19
4.0,4.0,38.0,104.0,-0.3353999999999999,-0.2826868421052631,-0.9496,-0.972,,0.0,0.0,0.0,1.0,1.0,6.0,0.0,3,0,0,semiconductor_electronics,2025-02-20
49.0,53.0,53.0,90.0,0.1411735849056604,0.1411735849056604,-0.9555,-0.9555,,0.0,0.0,0.0,0.0,1.0,7.0,0.0,4,0,0,semiconductor_electronics,2025-02-21
0.0,53.0,53.0,90.0,0.1411735849056604,0.1411735849056604,-0.9555,-0.9555,,0.0,0.0,0.0,0.0,1.0,8.0,0.0,5,1,0,semiconductor_electronics,2025-02-22
0.0,49.0,53.0,90.0,0.18007755102040818,0.1411735849056604,-0.9555,-0.9555,0.5154775510204082,0.0,0.0,0.0,0.0,1.0,9.0,0.0,6,1,0,semiconductor_electronics,2025-02-23
0.0,0.0,53.0,90.0,,0.1411735849056604,,-0.9555,,0.0,0.0,0.0,0.0,1.0,10.0,0.0,0,0,0,semiconductor_electronics,2025-02-24
0.0,0.0,53.0,90.0,,0.1411735849056604,,-0.9555,,0.0,0.0,0.0,0.0,1.0,11.0,0.0,1,0,0,semiconductor_electronics,2025-02-25
0.0,0.0,53.0,90.0,,0.1411735849056604,,-0.9555,,0.0,0.0,0.0,0.0,1.0,12.0,0.0,2,0,0,semiconductor_electronics,2025-02-26
9.0,9.0,58.0,96.0,0.6811666666666666,0.25783275862068966,0.0,-0.9555,,0.0,0.0,0.0,0.0,1.0,13.0,0.0,3,0,0,semiconductor_electronics,2025-02-27
30.0,39.0,39.0,92.0,0.30675128205128205,0.30675128205128205,-0.9675,-0.9675,,0.0,0.0,0.0,0.0,0.0,14.0,0.0,4,0,0,semiconductor_electronics,2025-02-28
0.0,39.0,39.0,92.0,0.30675128205128205,0.30675128205128205,-0.9675,-0.9675,,0.0,0.0,0.0,0.0,0.0,15.0,0.0,5,1,0,semiconductor_electronics,2025-03-01
0.0,30.0,39.0,92.0,0.1944266666666667,0.30675128205128205,-0.9675,-0.9675,-0.4867399999999999,0.0,0.0,0.0,0.0,0.0,16.0,0.0,6,1,0,semiconductor_electronics,2025-03-02
0.0,0.0,39.0,92.0,,0.30675128205128205,,-0.9675,,0.0,0.0,0.0,0.0,0.0,17.0,0.0,0,0,0,semiconductor_electronics,2025-03-03
0.0,0.0,39.0,92.0,,0.30675128205128205,,-0.9675,,0.0,0.0,0.0,0.0,0.0,18.0,0.0,1,0,0,semiconductor_electronics,2025-03-04
0.0,0.0,39.0,92.0,,0.30675128205128205,,-0.9675,,0.0,0.0,0.0,0.0,0.0,19.0,0.0,2,0,0,semiconductor_electronics,2025-03-05
64.0,64.0,94.0,152.0,0.4174171875,0.34625,-0.9662,-0.9675,,4.0,4.0,0.0,0.0,0.0,20.0,0.0,3,0,0,semiconductor_electronics,2025-03-06
0.0,64.0,64.0,103.0,0.4174171875,0.4174171875,-0.9662,-0.9662,,0.0,4.0,0.0,0.0,0.0,21.0,0.0,4,0,0,semiconductor_electronics,2025-03-07
0.0,64.0,64.0,103.0,0.4174171875,0.4174171875,-0.9662,-0.9662,,0.0,4.0,0.0,0.0,0.0,22.0,0.0,5,1,0,semiconductor_electronics,2025-03-08
0.0,0.0,64.0,103.0,,0.4174171875,,-0.9662,,0.0,0.0,0.0,0.0,0.0,23.0,0.0,6,1,0,semiconductor_electronics,2025-03-09
0.0,0.0,64.0,103.0,,0.4174171875,,-0.9662,,0.0,0.0,0.0,0.0,0.0,24.0,0.0,0,0,0,semiconductor_electronics,2025-03-10
0.0,0.0,64.0,103.0,,0.4174171875,,-0.9662,,0.0,0.0,0.0,0.0,0.0,25.0,0.0,1,0,0,semiconductor_electronics,2025-03-11
0.0,0.0,64.0,103.0,,0.4174171875,,-0.9662,,0.0,0.0,0.0,0.0,0.0,26.0,0.0,2,0,0,semiconductor_electronics,2025-03-12
76.0,76.0,76.0,170.0,0.03793026315789474,0.03793026315789474,-0.9649,-0.9649,,6.0,6.0,0.0,0.0,0.0,27.0,0.0,3,0,0,semiconductor_electronics,2025-03-13
0.0,76.0,76.0,140.0,0.03793026315789474,0.03793026315789474,-0.9649,-0.9649,,0.0,6.0,0.0,0.0,0.0,28.0,0.0,4,0,0,semiconductor_electronics,2025-03-14
0.0,76.0,76.0,140.0,0.03793026315789474,0.03793026315789474,-0.9649,-0.9649,,0.0,6.0,0.0,0.0,0.0,29.0,0.0,5,1,0,semiconductor_electronics,2025-03-15
0.0,0.0,76.0,140.0,,0.03793026315789474,,-0.9649,,0.0,0.0,0.0,0.0,0.0,30.0,0.0,6,1,0,semiconductor_electronics,2025-03-16
0.0,0.0,76.0,140.0,,0.03793026315789474,,-0.9649,,0.0,0.0,0.0,0.0,0.0,31.0,0.0,0,0,0,semiconductor_electronics,2025-03-17
0.0,0.0,76.0,140.0,,0.03793026315789474,,-0.9649,,0.0,0.0,0.0,0.0,0.0,32.0,0.0,1,0,0,semiconductor_electronics,2025-03-18
0.0,0.0,76.0,140.0,,0.03793026315789474,,-0.9649,,0.0,0.0,0.0,0.0,0.0,33.0,0.0,2,0,0,semiconductor_electronics,2025-03-19
67.0,67.0,67.0,143.0,0.17883432835820895,0.17883432835820895,-0.9568,-0.9568,,4.0,4.0,0.0,0.0,0.0,34.0,0.0,3,0,0,semiconductor_electronics,2025-03-20
0.0,67.0,67.0,143.0,0.17883432835820895,0.17883432835820895,-0.9568,-0.9568,,0.0,4.0,0.0,0.0,0.0,35.0,0.0,4,0,0,semiconductor_electronics,2025-03-21
0.0,67.0,67.0,143.0,0.17883432835820895,0.17883432835820895,-0.9568,-0.9568,,0.0,4.0,0.0,0.0,0.0,36.0,0.0,5,1,0,semiconductor_electronics,2025-03-22
0.0,0.0,67.0,143.0,,0.17883432835820895,,-0.9568,,0.0,0.0,0.0,0.0,0.0,37.0,0.0,6,1,0,semiconductor_electronics,2025-03-23
0.0,0.0,67.0,143.0,,0.17883432835820895,,-0.9568,,0.0,0.0,0.0,0.0,0.0,38.0,0.0,0,0,0,semiconductor_electronics,2025-03-24
0.0,0.0,67.0,143.0,,0.17883432835820895,,-0.9568,,0.0,0.0,0.0,0.0,0.0,39.0,0.0,1,0,0,semiconductor_electronics,2025-03-25
0.0,0.0,67.0,143.0,,0.17883432835820895,,-0.9568,,0.0,0.0,0.0,0.0,0.0,40.0,0.0,2,0,0,semiconductor_electronics,2025-03-26
55.0,55.0,55.0,122.0,0.18206727272727277,0.18206727272727277,-0.9707,-0.9707,,0.0,0.0,0.0,0.0,0.0,41.0,0.0,3,0,0,semiconductor_electronics,2025-03-27
0.0,55.0,55.0,122.0,0.18206727272727277,0.18206727272727277,-0.9707,-0.9707,,0.0,0.0,0.0,0.0,0.0,42.0,0.0,4,0,0,semiconductor_electronics,2025-03-28
0.0,55.0,55.0,122.0,0.18206727272727277,0.18206727272727277,-0.9707,-0.9707,,0.0,0.0,0.0,0.0,0.0,43.0,0.0,5,1,0,semiconductor_electronics,2025-03-29
0.0,0.0,55.0,122.0,,0.18206727272727277,,-0.9707,,0.0,0.0,0.0,0.0,0.0,44.0,0.0,6,1,0,semiconductor_electronics,2025-03-30
0.0,0.0,55.0,122.0,,0.18206727272727277,,-0.9707,,0.0,0.0,0.0,0.0,0.0,45.0,0.0,0,0,0,semiconductor_electronics,2025-03-31
0.0,0.0,55.0,122.0,,0.18206727272727277,,-0.9707,,0.0,0.0,0.0,0.0,0.0,46.0,0.0,1,0,0,semiconductor_electronics,2025-04-01
0.0,0.0,55.0,122.0,,0.18206727272727277,,-0.9707,,0.0,0.0,0.0,0.0,0.0,47.0,0.0,2,0,0,semiconductor_electronics,2025-04-02
46.0,46.0,46.0,101.0,0.26550434782608695,0.26550434782608695,-0.9709,-0.9709,,1.0,1.0,0.0,0.0,0.0,48.0,0.0,3,0,0,semiconductor_electronics,2025-04-03
0.0,46.0,46.0,101.0,0.26550434782608695,0.26550434782608695,-0.9709,-0.9709,,0.0,1.0,0.0,0.0,0.0,49.0,0.0,4,0,0,semiconductor_electronics,2025-04-04
0.0,46.0,46.0,101.0,0.26550434782608695,0.26550434782608695,-0.9709,-0.9709,,0.0,1.0,0.0,0.0,0.0,50.0,0.0,5,1,0,semiconductor_electronics,2025-04-05
0.0,0.0,46.0,101.0,,0.26550434782608695,,-0.9709,,0.0,0.0,0.0,0.0,0.0,51.0,0.0,6,1,0,semiconductor_electronics,2025-04-06
0.0,0.0,46.0,101.0,,0.26550434782608695,,-0.9709,,0.0,0.0,0.0,0.0,0.0,52.0,0.0,0,0,0,semiconductor_electronics,2025-04-07
0.0,0.0,46.0,101.0,,0.26550434782608695,,-0.9709,,0.0,0.0,0.0,0.0,0.0,53.0,0.0,1,0,0,semiconductor_electronics,2025-04-08
0.0,0.0,46.0,101.0,,0.26550434782608695,,-0.9709,,0.0,0.0,0.0,0.0,0.0,54.0,0.0,2,0,0,semiconductor_electronics,2025-04-09
62.0,62.0,62.0,108.0,0.423041935483871,0.423041935483871,-0.9612,-0.9612,,2.0,2.0,0.0,0.0,0.0,55.0,0.0,3,0,0,semiconductor_electronics,2025-04-10
0.0,62.0,62.0,108.0,0.423041935483871,0.423041935483871,-0.9612,-0.9612,,0.0,2.0,0.0,0.0,0.0,56.0,0.0,4,0,0,semiconductor_electronics,2025-04-11
0.0,62.0,62.0,108.0,0.423041935483871,0.423041935483871,-0.9612,-0.9612,,0.0,2.0,0.0,0.0,0.0,57.0,0.0,5,1,0,semiconductor_electronics,2025-04-12
0.0,0.0,62.0,108.0,,0.423041935483871,,-0.9612,,0.0,0.0,0.0,0.0,0.0,58.0,0.0,6,1,0,semiconductor_electronics,2025-04-13
0.0,0.0,62.0,108.0,,0.423041935483871,,-0.9612,,0.0,0.0,0.0,0.0,0.0,59.0,0.0,0,0,1,semiconductor_electronics,2025-04-14
0.0,0.0,62.0,108.0,,0.423041935483871,,-0.9612,,0.0,0.0,0.0,0.0,0.0,60.0,0.0,1,0,1,semiconductor_electronics,2025-04-15
0.0,0.0,62.0,108.0,,0.423041935483871,,-0.9612,,0.0,0.0,0.0,0.0,0.0,61.0,0.0,2,0,1,semiconductor_electronics,2025-04-16
128.0,128.0,128.0,190.0,-0.6672203125,-0.6672203125,-0.9747,-0.9747,,5.0,5.0,2.0,2.0,2.0,0.0,2.0,3,0,0,semiconductor_electronics,2025-04-17
0.0,128.0,128.0,190.0,-0.6672203125,-0.6672203125,-0.9747,-0.9747,,0.0,5.0,2.0,2.0,2.0,1.0,2.0,4,0,0,semiconductor_electronics,2025-04-18
0.0,128.0,128.0,190.0,-0.6672203125,-0.6672203125,-0.9747,-0.9747,,0.0,5.0,2.0,2.0,2.0,2.0,2.0,5,1,0,semiconductor_electronics,2025-04-19
0.0,0.0,128.0,190.0,,-0.6672203125,,-0.9747,,0.0,0.0,0.0,2.0,2.0,3.0,0.0,6,1,0,semiconductor_electronics,2025-04-20
0.0,0.0,128.0,190.0,,-0.6672203125,,-0.9747,,0.0,0.0,0.0,2.0,2.0,4.0,0.0,0,0,1,semiconductor_electronics,2025-04-21
0.0,0.0,128.0,190.0,,-0.6672203125,,-0.9747,,0.0,0.0,0.0,2.0,2.0,5.0,0.0,1,0,1,semiconductor_electronics,2025-04-22
0.0,0.0,128.0,190.0,,-0.6672203125,,-0.9747,,0.0,0.0,0.0,2.0,2.0,6.0,0.0,2,0,1,semiconductor_electronics,2025-04-23
73.0,73.0,73.0,201.0,0.1339219178082192,0.1339219178082192,-0.9715,-0.9715,,5.0,5.0,1.0,1.0,3.0,0.0,2.0,3,0,0,semiconductor_electronics,2025-04-24
0.0,73.0,73.0,201.0,0.1339219178082192,0.1339219178082192,-0.9715,-0.9715,,0.0,5.0,1.0,1.0,3.0,1.0,2.0,4,0,0,semiconductor_electronics,2025-04-25
0.0,73.0,73.0,201.0,0.1339219178082192,0.1339219178082192,-0.9715,-0.9715,,0.0,5.0,1.0,1.0,3.0,2.0,2.0,5,1,0,semiconductor_electronics,2025-04-26
0.0,0.0,73.0,201.0,,0.1339219178082192,,-0.9715,,0.0,0.0,0.0,1.0,3.0,3.0,0.0,6,1,0,semiconductor_electronics,2025-04-27
0.0,0.0,73.0,201.0,,0.1339219178082192,,-0.9715,,0.0,0.0,0.0,1.0,3.0,4.0,0.0,0,0,0,semiconductor_electronics,2025-04-28
0.0,0.0,73.0,201.0,,0.1339219178082192,,-0.9715,,0.0,0.0,0.0,1.0,3.0,5.0,0.0,1,0,0,semiconductor_electronics,2025-04-29
0.0,0.0,73.0,201.0,,0.1339219178082192,,-0.9715,,0.0,0.0,0.0,1.0,3.0,6.0,0.0,2,0,0,semiconductor_electronics,2025-04-30
51.0,51.0,51.0,124.0,0.03129607843137255,0.03129607843137255,-0.9627,-0.9627,,0.0,0.0,0.0,0.0,1.0,7.0,0.0,3,0,0,semiconductor_electronics,2025-05-01
0.0,51.0,51.0,124.0,0.03129607843137255,0.03129607843137255,-0.9627,-0.9627,,0.0,0.0,0.0,0.0,1.0,8.0,0.0,4,0,0,semiconductor_electronics,2025-05-02
0.0,51.0,51.0,124.0,0.03129607843137255,0.03129607843137255,-0.9627,-0.9627,,0.0,0.0,0.0,0.0,1.0,9.0,0.0,5,1,0,semiconductor_electronics,2025-05-03
0.0,0.0,51.0,124.0,,0.03129607843137255,,-0.9627,,0.0,0.0,0.0,0.0,1.0,10.0,0.0,6,1,0,semiconductor_electronics,2025-05-04
0.0,0.0,51.0,124.0,,0.03129607843137255,,-0.9627,,0.0,0.0,0.0,0.0,1.0,11.0,0.0,0,0,1,semiconductor_electronics,2025-05-05
0.0,0.0,51.0,124.0,,0.03129607843137255,,-0.9627,,0.0,0.0,0.0,0.0,1.0,12.0,0.0,1,0,1,semiconductor_electronics,2025-05-06
0.0,0.0,51.0,124.0,,0.03129607843137255,,-0.9627,,0.0,0.0,0.0,0.0,1.0,13.0,0.0,2,0,1,semiconductor_electronics,2025-05-07
59.0,59.0,59.0,110.0,-0.17185084745762716,-0.17185084745762716,-0.9721,-0.9721,,1.0,1.0,1.0,1.0,1.0,0.0,2.0,3,0,0,semiconductor_electronics,2025-05-08
0.0,59.0,59.0,110.0,-0.17185084745762716,-0.17185084745762716,-0.9721,-0.9721,,0.0,1.0,1.0,1.0,1.0,1.0,2.0,4,0,0,semiconductor_electronics,2025-05-09
0.0,59.0,59.0,110.0,-0.17185084745762716,-0.17185084745762716,-0.9721,-0.9721,,0.0,1.0,1.0,1.0,1.0,2.0,2.0,5,1,0,semiconductor_electronics,2025-05-10
0.0,0.0,59.0,110.0,,-0.17185084745762716,,-0.9721,,0.0,0.0,0.0,1.0,1.0,3.0,0.0,6,1,0,semiconductor_electronics,2025-05-11
0.0,0.0,59.0,110.0,,-0.17185084745762716,,-0.9721,,0.0,0.0,0.0,1.0,1.0,4.0,0.0,0,0,0,semiconductor_electronics,2025-05-12
0.0,0.0,59.0,110.0,,-0.17185084745762716,,-0.9721,,0.0,0.0,0.0,1.0,1.0,5.0,0.0,1,0,0,semiconductor_electronics,2025-05-13
0.0,0.0,59.0,110.0,,-0.17185084745762716,,-0.9721,,0.0,0.0,0.0,1.0,1.0,6.0,0.0,2,0,0,semiconductor_electronics,2025-05-14
0.0,0.0,0.0,59.0,,,,,,0.0,0.0,0.0,0.0,1.0,7.0,0.0,3,0,0,semiconductor_electronics,2025-05-15
0.0,0.0,0.0,59.0,,,,,,0.0,0.0,0.0,0.0,1.0,8.0,0.0,4,0,0,semiconductor_electronics,2025-05-16
0.0,0.0,0.0,59.0,,,,,,0.0,0.0,0.0,0.0,1.0,9.0,0.0,5,1,0,semiconductor_electronics,2025-05-17
0.0,0.0,0.0,59.0,,,,,,0.0,0.0,0.0,0.0,1.0,10.0,0.0,6,1,0,semiconductor_electronics,2025-05-18
0.0,0.0,0.0,59.0,,,,,,0.0,0.0,0.0,0.0,1.0,11.0,0.0,0,0,0,semiconductor_electronics,2025-05-19
0.0,0.0,0.0,59.0,,,,,,0.0,0.0,0.0,0.0,1.0,12.0,0.0,1,0,0,semiconductor_electronics,2025-05-20
0.0,0.0,0.0,59.0,,,,,,0.0,0.0,0.0,0.0,1.0,13.0,0.0,2,0,0,semiconductor_electronics,2025-05-21
0.0,0.0,0.0,0.0,,,,,,0.0,0.0,0.0,0.0,0.0,14.0,0.0,3,0,0,semiconductor_electronics,2025-05-22
0.0,0.0,0.0,0.0,,,,,,0.0,0.0,0.0,0.0,0.0,15.0,0.0,4,0,0,semiconductor_electronics,2025-05-23
0.0,0.0,0.0,0.0,,,,,,0.0,0.0,0.0,0.0,0.0,16.0,0.0,5,1,0,semiconductor_electronics,2025-05-24
0.0,0.0,0.0,0.0,,,,,,0.0,0.0,0.0,0.0,0.0,17.0,0.0,6,1,0,semiconductor_electronics,2025-05-25
0.0,0.0,0.0,0.0,,,,,,0.0,0.0,0.0,0.0,0.0,18.0,0.0,0,0,0,semiconductor_electronics,2025-05-26
0.0,0.0,0.0,0.0,,,,,,0.0,0.0,0.0,0.0,0.0,19.0,0.0,1,0,0,semiconductor_electronics,2025-05-27
0.0,0.0,0.0,0.0,,,,,,0.0,0.0,0.0,0.0,0.0,20.0,0.0,2,0,0,semiconductor_electronics,2025-05-28
0.0,0.0,0.0,0.0,,,,,,0.0,0.0,0.0,0.0,0.0,21.0,0.0,3,0,0,semiconductor_electronics,2025-05-29
0.0,0.0,0.0,0.0,,,,,,0.0,0.0,0.0,0.0,0.0,22.0,0.0,4,0,0,semiconductor_electronics,2025-05-30
0.0,0.0,0.0,0.0,,,,,,0.0,0.0,0.0,0.0,0.0,23.0,0.0,5,1,0,semiconductor_electronics,2025-05-31
0.0,0.0,0.0,0.0,,,,,,0.0,0.0,0.0,0.0,0.0,24.0,0.0,6,1,0,semiconductor_electronics,2025-06-01
0.0,0.0,0.0,0.0,,,,,,0.0,0.0,0.0,0.0,0.0,25.0,0.0,0,0,0,semiconductor_electronics,2025-06-02
0.0,0.0,0.0,0.0,,,,,,0.0,0.0,0.0,0.0,0.0,26.0,0.0,1,0,0,semiconductor_electronics,2025-06-03
2.0,2.0,2.0,2.0,0.07175000000000004,0.07175000000000004,-0.6635,-0.6635,,0.0,0.0,0.0,0.0,0.0,27.0,0.0,2,0,0,semiconductor_electronics,2025-06-04
0.0,2.0,2.0,2.0,0.07175000000000004,0.07175000000000004,-0.6635,-0.6635,,0.0,0.0,0.0,0.0,0.0,28.0,0.0,3,0,0,semiconductor_electronics,2025-06-05
1.0,3.0,3.0,3.0,-0.2650666666666666,-0.2650666666666666,-0.9387,-0.9387,,0.0,0.0,0.0,0.0,0.0,29.0,0.0,4,0,0,semiconductor_electronics,2025-06-06
0.0,1.0,3.0,3.0,-0.9387,-0.2650666666666666,-0.9387,-0.9387,-1.01045,0.0,0.0,0.0,0.0,0.0,30.0,0.0,5,1,0,semiconductor_electronics,2025-06-07
0.0,1.0,3.0,3.0,-0.9387,-0.2650666666666666,-0.9387,-0.9387,-1.01045,0.0,0.0,0.0,0.0,0.0,31.0,0.0,6,1,0,semiconductor_electronics,2025-06-08
0.0,0.0,3.0,3.0,,-0.2650666666666666,,-0.9387,,0.0,0.0,0.0,0.0,0.0,32.0,0.0,0,0,0,semiconductor_electronics,2025-06-09
0.0,0.0,3.0,3.0,,-0.2650666666666666,,-0.9387,,0.0,0.0,0.0,0.0,0.0,33.0,0.0,1,0,0,semiconductor_electronics,2025-06-10
4.0,4.0,5.0,7.0,0.20987500000000003,-0.01983999999999997,-0.9551,-0.9551,1.1485750000000001,0.0,0.0,0.0,0.0,0.0,34.0,0.0,2,0,0,semiconductor_electronics,2025-06-11
70.0,74.0,75.0,77.0,0.04303513513513514,0.02994533333333334,-0.9743,-0.9743,,7.0,7.0,0.0,0.0,0.0,35.0,1.0,3,0,0,semiconductor_electronics,2025-06-12
1.0,75.0,75.0,78.0,0.042461333333333344,0.042461333333333344,-0.9743,-0.9743,,0.0,7.0,0.0,0.0,0.0,36.0,1.0,4,0,0,semiconductor_electronics,2025-06-13
0.0,71.0,75.0,78.0,0.03302957746478874,0.042461333333333344,-0.9743,-0.9743,-0.1768454225352113,0.0,7.0,0.0,0.0,0.0,37.0,1.0,5,1,0,semiconductor_electronics,2025-06-14
0.0,1.0,75.0,78.0,0.0,0.042461333333333344,0.0,-0.9743,-0.04303513513513514,0.0,0.0,0.0,0.0,0.0,38.0,0.0,6,1,0,semiconductor_electronics,2025-06-15
0.0,0.0,75.0,78.0,,0.042461333333333344,,-0.9743,,0.0,0.0,0.0,0.0,0.0,39.0,0.0,0,0,0,semiconductor_electronics,2025-06-16
2.0,2.0,77.0,80.0,0.35635,0.05061428571428572,0.0,-0.9743,0.32332042253521126,0.0,0.0,0.0,0.0,0.0,40.0,1.0,1,0,0,semiconductor_electronics,2025-06-17
1.0,3.0,74.0,79.0,0.23756666666666668,0.041321621621621625,0.0,-0.9743,0.23756666666666668,0.0,0.0,0.0,0.0,0.0,41.0,2.0,2,0,0,semiconductor_electronics,2025-06-18
31.0,34.0,35.0,110.0,-0.40636176470588237,-0.3947514285714286,-0.9717,-0.9717,,1.0,1.0,0.0,0.0,0.0,42.0,7.0,3,0,0,semiconductor_electronics,2025-06-19
1.0,33.0,35.0,110.0,-0.41511515151515155,-0.37103142857142857,-0.9717,-0.9717,-0.7714651515151516,0.0,1.0,0.0,0.0,0.0,43.0,6.0,4,0,0,semiconductor_electronics,2025-06-20
0.0,32.0,35.0,110.0,-0.4280875,-0.37103142857142857,-0.9717,-0.9717,-0.6656541666666667,0.0,1.0,0.0,0.0,0.0,44.0,5.0,5,1,0,semiconductor_electronics,2025-06-21
0.0,1.0,35.0,110.0,0.8302,-0.37103142857142857,0.8302,-0.9717,1.2365617647058824,0.0,0.0,0.0,0.0,0.0,45.0,0.0,6,1,0,semiconductor_electronics,2025-06-22
1.0,1.0,36.0,111.0,-0.9744,-0.38779166666666665,-0.9744,-0.9744,-0.5592848484848485,0.0,0.0,0.0,0.0,0.0,46.0,0.0,0,0,0,semiconductor_electronics,2025-06-23
1.0,2.0,35.0,112.0,-0.4872,-0.4192342857142857,-0.9744,-0.9744,-0.05911250000000001,0.0,0.0,0.0,0.0,0.0,47.0,0.0,1,0,0,semiconductor_electronics,2025-06-24
1.0,3.0,35.0,109.0,-0.10426666666666669,-0.40033142857142856,-0.9744,-0.9744,-0.9344666666666668,0.0,0.0,0.0,0.0,0.0,48.0,0.0,2,0,0,semiconductor_electronics,2025-06-25
39.0,41.0,43.0,78.0,-0.330280487804878,-0.31827209302325576,-0.9738,-0.9744,0.644119512195122,2.0,2.0,0.0,0.0,0.0,49.0,2.0,3,0,0,semiconductor_electronics,2025-06-26
0.0,40.0,42.0,77.0,-0.3385375,-0.3456166666666666,-0.9738,-0.9744,0.14866250000000003,0.0,2.0,0.0,0.0,0.0,50.0,2.0,4,0,0,semiconductor_electronics,2025-06-27
0.0,39.0,42.0,77.0,-0.3641820512820513,-0.3456166666666666,-0.9738,-0.9744,-0.2599153846153846,0.0,2.0,0.0,0.0,0.0,51.0,2.0,5,1,0,semiconductor_electronics,2025-06-28
0.0,0.0,42.0,77.0,,-0.3456166666666666,,-0.9744,,0.0,0.0,0.0,0.0,0.0,52.0,0.0,6,1,0,semiconductor_electronics,2025-06-29
2.0,2.0,43.0,79.0,0.8160000000000001,-0.2769651162790698,0.788,-0.9738,1.1545375,0.0,0.0,0.0,0.0,0.0,53.0,0.0,0,0,0,semiconductor_electronics,2025-06-30
2.0,4.0,44.0,79.0,0.05920000000000003,-0.30237954545454543,-0.7977,-0.9738,0.4233820512820513,1.0,1.0,0.0,0.0,0.0,54.0,0.0,1,0,0,semiconductor_electronics,2025-07-01
3.0,7.0,46.0,81.0,-0.21965714285714283,-0.34218913043478255,-0.9681,-0.9738,,0.0,1.0,0.0,0.0,0.0,55.0,1.0,2,0,0,semiconductor_electronics,2025-07-02
76.0,81.0,83.0,126.0,-0.16300617283950616,-0.13941566265060237,-0.9714,-0.9714,-0.9790061728395062,6.0,7.0,0.0,0.0,0.0,56.0,1.0,3,0,0,semiconductor_electronics,2025-07-03
0.0,79.0,83.0,125.0,-0.14947215189873417,-0.13941566265060237,-0.9714,-0.9714,-0.2086721518987342,0.0,6.0,0.0,0.0,0.0,57.0,1.0,4,0,0,semiconductor_electronics,2025-07-04
0.0,76.0,83.0,125.0,-0.13202499999999998,-0.13941566265060237,-0.9714,-0.9714,0.08763214285714285,0.0,6.0,0.0,0.0,0.0,58.0,0.0,5,1,0,semiconductor_electronics,2025-07-05
0.0,0.0,83.0,125.0,,-0.13941566265060237,,-0.9714,,0.0,0.0,0.0,0.0,0.0,59.0,0.0,6,1,0,semiconductor_electronics,2025-07-06
1.0,1.0,82.0,125.0,0.0,-0.16101829268292678,0.0,-0.9714,0.14947215189873417,0.0,0.0,0.0,0.0,0.0,60.0,0.0,0,0,0,semiconductor_electronics,2025-07-07
0.0,1.0,80.0,124.0,0.0,-0.14760374999999998,0.0,-0.9714,0.13202499999999998,0.0,0.0,0.0,0.0,0.0,61.0,0.0,1,0,0,semiconductor_electronics,2025-07-08
4.0,5.0,81.0,127.0,0.03036000000000034,-0.12200123456790121,-0.7095,-0.9714,,0.0,0.0,0.0,0.0,0.0,62.0,2.0,2,0,0,semiconductor_electronics,2025-07-09
76.0,80.0,81.0,164.0,-0.17926499999999998,-0.17705185185185185,-0.9722,-0.9722,-0.17926499999999998,1.0,1.0,0.0,0.0,0.0,63.0,2.0,3,0,0,semiconductor_electronics,2025-07-10
0.0,80.0,81.0,164.0,-0.17926499999999998,-0.17705185185185185,-0.9722,-0.9722,-0.17926499999999998,0.0,1.0,0.0,0.0,0.0,64.0,2.0,4,0,0,semiconductor_electronics,2025-07-11
0.0,76.0,81.0,164.0,-0.19069736842105264,-0.17705185185185185,-0.9722,-0.9722,-0.22105736842105297,0.0,1.0,0.0,0.0,0.0,65.0,0.0,5,1,0,semiconductor_electronics,2025-07-12
0.0,0.0,81.0,164.0,,-0.17705185185185185,,-0.9722,,0.0,0.0,0.0,0.0,0.0,66.0,0.0,6,1,0,semiconductor_electronics,2025-07-13
0.0,0.0,80.0,162.0,,-0.179265,,-0.9722,,0.0,0.0,0.0,0.0,0.0,67.0,0.0,0,0,0,semiconductor_electronics,2025-07-14
2.0,2.0,82.0,162.0,-0.7524,-0.1932439024390244,-0.8147,-0.9722,-0.5617026315789473,0.0,0.0,0.0,0.0,0.0,68.0,0.0,1,0,0,semiconductor_electronics,2025-07-15
5.0,7.0,83.0,164.0,-0.48578571428571404,-0.21558433734939758,-0.8772,-0.9722,,2.0,2.0,0.0,0.0,0.0,69.0,0.0,2,0,0,semiconductor_electronics,2025-07-16
87.0,94.0,94.0,175.0,0.2888085106382979,0.2888085106382978,-0.9619,-0.9619,,3.0,5.0,0.0,0.0,0.0,70.0,2.0,3,0,0,semiconductor_electronics,2025-07-17
1.0,93.0,95.0,176.0,0.31621612903225804,0.29371894736842097,-0.9619,-0.9619,1.068616129032258,0.0,5.0,0.0,0.0,0.0,71.0,2.0,4,0,0,semiconductor_electronics,2025-07-18
0.0,88.0,95.0,176.0,0.355725,0.29371894736842097,-0.9619,-0.9619,0.8415107142857141,0.0,3.0,0.0,0.0,0.0,72.0,2.0,5,1,0,semiconductor_electronics,2025-07-19
0.0,1.0,95.0,176.0,0.7553,0.29371894736842097,0.7553,-0.9619,0.4664914893617021,0.0,0.0,0.0,0.0,0.0,73.0,0.0,6,1,0,semiconductor_electronics,2025-07-20
0.0,0.0,95.0,175.0,,0.29371894736842097,,-0.9619,,0.0,0.0,0.0,0.0,0.0,74.0,0.0,0,0,0,semiconductor_electronics,2025-07-21
2.0,2.0,95.0,177.0,0.33125,0.31653263157894734,0.0,-0.9619,-0.024475000000000025,0.0,0.0,0.0,0.0,0.0,75.0,0.0,1,0,0,semiconductor_electronics,2025-07-22
5.0,7.0,95.0,178.0,0.050742857142857645,0.3332526315789473,-0.8401,-0.9619,-0.7045571428571423,0.0,0.0,0.0,0.0,0.0,76.0,0.0,2,0,0,semiconductor_electronics,2025-07-23
52.0,59.0,60.0,154.0,-0.13244237288135585,-0.11764666666666664,-0.9741,-0.9741,,2.0,2.0,0.0,0.0,0.0,77.0,0.0,3,0,0,semiconductor_electronics,2025-07-24
1.0,58.0,60.0,155.0,-0.14614827586206885,-0.13023499999999996,-0.9741,-0.9741,-0.47739827586206884,0.0,2.0,0.0,0.0,0.0,78.0,0.0,4,0,0,semiconductor_electronics,2025-07-25
0.0,53.0,60.0,155.0,-0.1541377358490565,-0.13023499999999996,-0.9741,-0.9741,-0.20488059299191413,0.0,2.0,0.0,0.0,0.0,79.0,0.0,5,1,1,semiconductor_electronics,2025-07-26
0.0,1.0,60.0,155.0,0.0,-0.13023499999999996,0.0,-0.9741,0.13244237288135585,0.0,0.0,0.0,0.0,0.0,80.0,0.0,6,1,1,semiconductor_electronics,2025-07-27
2.0,2.0,62.0,157.0,-0.24805,-0.13403548387096773,-0.4961,-0.9741,-0.10190172413793114,0.0,0.0,0.0,0.0,0.0,81.0,0.0,0,0,1,semiconductor_electronics,2025-07-28
2.0,4.0,62.0,157.0,-0.2771249999999991,-0.15459838709677415,-0.6124,-0.9741,-0.12298726415094263,0.0,0.0,2.0,2.0,2.0,0.0,2.0,1,0,1,semiconductor_electronics,2025-07-29
7.0,11.0,64.0,159.0,-0.2622090909090906,-0.17271249999999996,-0.9708,-0.9741,-0.2622090909090906,1.0,1.0,7.0,7.0,7.0,0.0,7.0,2,0,1,semiconductor_electronics,2025-07-30
60.0,69.0,72.0,132.0,-0.436195652173913,-0.4249111111111111,-0.9755,-0.9755,-0.188145652173913,9.0,10.0,9.0,9.0,9.0,0.0,11.0,3,0,0,semiconductor_electronics,2025-07-31
1.0,68.0,72.0,132.0,-0.4459191176470587,-0.4365416666666666,-0.9755,-0.9755,-0.1687941176470596,0.0,10.0,7.0,9.0,9.0,1.0,9.0,4,0,0,semiconductor_electronics,2025-08-01
0.0,61.0,72.0,132.0,-0.46797868852459007,-0.4365416666666666,-0.9755,-0.9755,-0.20576959761549946,0.0,9.0,2.0,9.0,9.0,2.0,4.0,5,1,0,semiconductor_electronics,2025-08-02
0.0,1.0,72.0,132.0,-0.8374,-0.4365416666666666,-0.8374,-0.9755,-0.40120434782608705,0.0,0.0,0.0,9.0,9.0,3.0,0.0,6,1,0,semiconductor_electronics,2025-08-03
2.0,2.0,72.0,134.0,0.0,-0.4296513888888889,0.0,-0.9755,0.4459191176470587,0.0,0.0,0.0,9.0,9.0,4.0,0.0,0,0,1,semiconductor_electronics,2025-08-04
1.0,3.0,71.0,133.0,0.0,-0.4270774647887324,0.0,-0.9755,0.46797868852459007,0.0,0.0,0.0,7.0,9.0,5.0,0.0,1,0,1,semiconductor_electronics,2025-08-05
4.0,7.0,68.0,132.0,0.2614857142857148,-0.39288676470588235,-0.5134,-0.9755,1.098885714285715,1.0,1.0,0.0,2.0,9.0,6.0,0.0,2,0,1,semiconductor_electronics,2025-08-06
159.0,164.0,167.0,239.0,0.17448841463414638,0.16633952095808383,-0.9743,-0.9743,0.17448841463414638,3.0,4.0,1.0,1.0,10.0,0.0,1.0,3,0,0,semiconductor_electronics,2025-08-07
0.0,163.0,166.0,238.0,0.17555889570552152,0.17238614457831325,-0.9743,-0.9743,0.17555889570552152,0.0,4.0,1.0,1.0,10.0,1.0,1.0,4,0,0,semiconductor_electronics,2025-08-08
0.0,159.0,166.0,238.0,0.16846352201257864,0.17238614457831325,-0.9743,-0.9743,-0.09302219227313618,0.0,3.0,1.0,1.0,10.0,2.0,2.0,5,1,0,semiconductor_electronics,2025-08-09
0.0,0.0,166.0,238.0,,0.17238614457831325,,-0.9743,,0.0,0.0,0.0,1.0,10.0,3.0,1.0,6,1,0,semiconductor_electronics,2025-08-10
5.0,5.0,169.0,241.0,0.16662000000000002,0.17425562130177516,-0.9631,-0.9743,-0.008938895705521505,0.0,0.0,0.0,1.0,10.0,4.0,1.0,0,0,0,semiconductor_electronics,2025-08-11
3.0,8.0,171.0,242.0,0.19126250000000045,0.176293567251462,-0.9631,-0.9743,0.02279897798742181,1.0,1.0,0.0,1.0,8.0,5.0,0.0,1,0,0,semiconductor_electronics,2025-08-12
8.0,16.0,175.0,243.0,0.010118750000000232,0.15398628571428571,-0.9631,-0.9743,,3.0,4.0,0.0,1.0,3.0,6.0,0.0,2,0,0,semiconductor_electronics,2025-08-13
65.0,76.0,81.0,248.0,-0.41979868421052624,-0.3836,-0.9761,-0.9761,-0.5864186842105262,6.0,10.0,0.0,0.0,1.0,7.0,0.0,3,0,0,semiconductor_electronics,2025-08-14
4.0,77.0,85.0,251.0,-0.42341558441558436,-0.36556352941176473,-0.9761,-0.9761,-0.6146780844155848,0.0,9.0,0.0,0.0,1.0,8.0,0.0,4,0,0,semiconductor_electronics,2025-08-15
1.0,70.0,86.0,252.0,-0.4344314285714285,-0.35172441860465115,-0.9761,-0.9761,-0.44455017857142876,0.0,6.0,0.0,0.0,1.0,9.0,0.0,5,1,0,semiconductor_electronics,2025-08-16
0.0,5.0,86.0,252.0,0.16466000000000064,-0.35172441860465115,-0.7924,-0.9761,0.5844586842105268,0.0,0.0,0.0,0.0,1.0,10.0,0.0,6,1,0,semiconductor_electronics,2025-08-17
1.0,2.0,82.0,251.0,0.8117500000000017,-0.3692987804878049,0.7989,-0.9761,1.235165584415586,0.0,0.0,0.0,0.0,1.0,11.0,0.0,0,0,0,semiconductor_electronics,2025-08-18
2.0,3.0,81.0,252.0,0.5818333333333345,-0.3707765432098766,0.0,-0.9761,1.0162647619047631,0.0,0.0,0.0,0.0,1.0,12.0,0.0,1,0,0,semiconductor_electronics,2025-08-19
4.0,7.0,77.0,252.0,0.1229857142857148,-0.38375714285714285,-0.8846,-0.9761,-0.041674285714285844,1.0,1.0,0.0,0.0,1.0,13.0,0.0,2,0,0,semiconductor_electronics,2025-08-20
44.0,50.0,56.0,137.0,0.17521800000000007,0.1854125,-0.9354,-0.9354,-0.6365320000000017,1.0,2.0,0.0,0.0,0.0,14.0,0.0,3,0,0,semiconductor_electronics,2025-08-21
5.0,53.0,57.0,142.0,0.1594603773584906,0.19335964912280704,-0.9354,-0.9354,-0.4223729559748439,0.0,2.0,0.0,0.0,0.0,15.0,1.0,4,0,0,semiconductor_electronics,2025-08-22
1.0,50.0,57.0,143.0,0.18672000000000008,0.17889298245614038,-0.9354,-0.9354,0.06373428571428529,0.0,1.0,0.0,0.0,0.0,16.0,1.0,5,1,0,semiconductor_electronics,2025-08-23
0.0,6.0,57.0,143.0,0.10618333333333396,0.17889298245614038,-0.7706,-0.9354,-0.0690346666666661,0.0,0.0,0.0,0.0,0.0,17.0,1.0,6,1,0,semiconductor_electronics,2025-08-24
2.0,3.0,58.0,140.0,0.6039333333333344,0.19327241379310348,0.0,-0.9354,0.4444729559748438,0.0,0.0,0.0,0.0,0.0,18.0,0.0,0,0,0,semiconductor_electronics,2025-08-25
5.0,7.0,61.0,142.0,-0.23481428571428525,0.1116016393442623,-0.9617,-0.9617,-0.4215342857142853,2.0,2.0,0.0,0.0,0.0,19.0,0.0,1,0,0,semiconductor_electronics,2025-08-26
4.0,11.0,61.0,138.0,-0.23638181818181792,0.11042295081967216,-0.9617,-0.9617,-0.3425651515151519,0.0,2.0,0.0,0.0,0.0,20.0,0.0,2,0,0,semiconductor_electronics,2025-08-27
91.0,100.0,108.0,164.0,-0.02330499999999999,0.0010962962962962866,-0.9733,-0.9733,-0.6272383333333345,7.0,9.0,0.0,0.0,0.0,21.0,0.0,3,0,0,semiconductor_electronics,2025-08-28
1.0,96.0,104.0,161.0,0.011718750000000019,-0.004987500000000012,-0.9733,-0.9733,0.24653303571428528,0.0,7.0,0.0,0.0,0.0,22.0,0.0,4,0,0,semiconductor_electronics,2025-08-29
1.0,93.0,104.0,161.0,0.03188064516129034,0.003506730769230757,-0.9733,-0.9733,0.26826246334310827,0.0,7.0,0.0,0.0,0.0,23.0,0.0,5,1,0,semiconductor_electronics,2025-08-30
1.0,3.0,105.0,162.0,0.009800000000001178,-0.004660000000000012,-0.854,-0.9733,0.03310500000000117,0.0,0.0,0.0,0.0,0.0,24.0,0.0,6,1,0,semiconductor_electronics,2025-08-31
1.0,3.0,104.0,162.0,-0.30686666666666546,-0.03126057692307693,-0.95,-0.9733,-0.31858541666666546,0.0,0.0,0.0,0.0,0.0,25.0,0.0,0,0,1,semiconductor_electronics,2025-09-01
1.0,3.0,100.0,161.0,-0.7732999999999987,-0.00311500000000001,-0.95,-0.9733,-0.805180645161289,1.0,1.0,0.0,0.0,0.0,26.0,1.0,1,0,1,semiconductor_electronics,2025-09-02
3.0,5.0,99.0,160.0,-0.47131999999999935,-0.0024818181818181922,-0.95,-0.9733,-0.48112000000000055,0.0,1.0,0.0,0.0,0.0,27.0,1.0,2,0,1,semiconductor_electronics,2025-09-03
50.0,54.0,58.0,166.0,-0.4210129629629629,-0.40784999999999993,-0.9749,-0.9749,-0.11414629629629747,6.0,7.0,1.0,1.0,1.0,0.0,4.0,3,0,0,semiconductor_electronics,2025-09-04
2.0,55.0,59.0,163.0,-0.3711236363636364,-0.3703101694915254,-0.9749,-0.9749,0.4021763636363623,0.0,6.0,1.0,1.0,1.0,1.0,3.0,4,0,0,semiconductor_electronics,2025-09-05
4.0,56.0,62.0,166.0,-0.3621053571428571,-0.3788467741935483,-0.9749,-0.9749,0.10921464285714227,1.0,7.0,1.0,1.0,1.0,2.0,3.0,5,1,0,semiconductor_electronics,2025-09-06
1.0,7.0,62.0,167.0,0.1500285714285719,-0.36507258064516124,-0.7568,-0.9749,0.5710415343915348,0.0,1.0,0.0,1.0,1.0,3.0,0.0,6,1,0,semiconductor_electronics,2025-09-07
2.0,7.0,63.0,167.0,0.16058571428571478,-0.3143428571428571,-0.7568,-0.9749,0.5317093506493511,0.0,1.0,0.0,1.0,1.0,4.0,0.0,0,0,1,semiconductor_electronics,2025-09-08
2.0,5.0,64.0,164.0,0.1862600000000007,-0.31620781249999996,-0.9496,-0.9749,0.5483653571428577,0.0,0.0,0.0,1.0,1.0,5.0,0.0,1,0,1,semiconductor_electronics,2025-09-09
0.0,4.0,61.0,160.0,0.23282500000000086,-0.31715737704918023,-0.9496,-0.9749,0.08279642857142896,0.0,0.0,0.0,1.0,1.0,6.0,0.0,2,0,1,semiconductor_electronics,2025-09-10
70.0,72.0,81.0,139.0,0.39184583333333334,0.38449382716049385,-0.9728,-0.9728,0.23126011904761856,5.0,5.0,1.0,1.0,2.0,0.0,2.0,3,0,0,semiconductor_electronics,2025-09-11
0.0,70.0,79.0,138.0,0.41660714285714284,0.37135443037974686,-0.9728,-0.9728,0.23034714285714214,0.0,5.0,1.0,1.0,2.0,1.0,2.0,4,0,0,semiconductor_electronics,2025-09-12
0.0,70.0,75.0,137.0,0.41660714285714284,0.4012506666666667,-0.9728,-0.9728,0.18378214285714198,0.0,5.0,1.0,1.0,2.0,2.0,2.0,5,1,0,semiconductor_electronics,2025-09-13
2.0,2.0,76.0,138.0,-0.1462,0.39212368421052635,-0.9174,-0.9728,-0.5380458333333333,0.0,0.0,0.0,1.0,2.0,3.0,0.0,6,1,0,semiconductor_electronics,2025-09-14
4.0,6.0,78.0,141.0,-0.2865666666666661,0.33966025641025643,-0.9434,-0.9728,-0.7031738095238089,0.0,0.0,0.0,1.0,2.0,4.0,0.0,0,0,0,semiconductor_electronics,2025-09-15
0.0,6.0,76.0,140.0,-0.2865666666666661,0.3610934210526316,-0.9434,-0.9728,-0.7031738095238089,0.0,0.0,0.0,1.0,2.0,5.0,0.0,1,0,0,semiconductor_electronics,2025-09-16
3.0,7.0,79.0,140.0,-0.12774285714285663,0.3541253164556962,-0.9434,-0.9728,0.018457142857143366,0.0,0.0,0.0,1.0,2.0,6.0,0.0,2,0,0,semiconductor_electronics,2025-09-17
42.0,45.0,51.0,132.0,-0.5048777777777776,-0.47919411764705877,-0.9754,-0.9754,-0.21831111111111157,0.0,0.0,0.0,0.0,1.0,7.0,1.0,3,0,0,semiconductor_electronics,2025-09-18
1.0,46.0,52.0,131.0,-0.5079804347826087,-0.48243269230769226,-0.9754,-0.9754,-0.2214137681159426,0.0,0.0,0.0,0.0,1.0,8.0,1.0,4,0,0,semiconductor_electronics,2025-09-19
0.0,43.0,52.0,127.0,-0.5558116279069767,-0.48243269230769226,-0.9754,-0.9754,-0.4280687707641201,0.0,0.0,0.0,0.0,1.0,9.0,1.0,5,1,0,semiconductor_electronics,2025-09-20
1.0,2.0,51.0,127.0,-0.013599999999998225,-0.47399411764705873,-0.6476,-0.9754,0.4912777777777794,0.0,0.0,0.0,0.0,1.0,10.0,0.0,6,1,1,semiconductor_electronics,2025-09-21
0.0,1.0,47.0,125.0,0.6204,-0.48397234042553183,0.6204,-0.9754,1.1283804347826085,0.0,0.0,0.0,0.0,1.0,11.0,0.0,0,0,1,semiconductor_electronics,2025-09-22
2.0,3.0,49.0,125.0,-0.0007333333333321793,-0.4769244897959183,-0.6226,-0.9754,0.5550782945736445,0.0,0.0,0.0,0.0,1.0,12.0,0.0,1,0,1,semiconductor_electronics,2025-09-23
4.0,6.0,50.0,129.0,0.17540000000000058,-0.444542,-0.6226,-0.9754,0.1889999999999988,0.0,0.0,1.0,1.0,2.0,0.0,1.0,2,0,0,semiconductor_electronics,2025-09-24
32.0,38.0,40.0,91.0,-0.26333947368421046,-0.2508525,-0.9725,-0.9725,-0.8837394736842104,1.0,1.0,1.0,1.0,1.0,1.0,5.0,3,0,0,semiconductor_electronics,2025-09-25
3.0,39.0,42.0,94.0,-0.20642564102564095,-0.19173333333333328,-0.9725,-0.9725,-0.20569230769230878,0.0,1.0,1.0,1.0,1.0,2.0,5.0,4,0,0,semiconductor_electronics,2025-09-26
1.0,36.0,43.0,95.0,-0.29567777777777776,-0.20864186046511624,-0.9725,-0.9725,-0.4710777777777784,1.0,2.0,0.0,1.0,1.0,3.0,4.0,5,1,0,semiconductor_electronics,2025-09-27
0.0,4.0,42.0,93.0,0.10372500000000073,-0.22838095238095235,-0.9188,-0.9725,0.3670644736842112,0.0,1.0,0.0,1.0,1.0,4.0,0.0,6,1,0,semiconductor_electronics,2025-09-28
2.0,3.0,44.0,91.0,-0.47886666666666544,-0.2297681818181818,-0.9188,-0.9725,-0.27244102564102446,0.0,1.0,0.0,1.0,1.0,5.0,0.0,0,0,0,semiconductor_electronics,2025-09-29
0.0,2.0,42.0,91.0,-0.2589,-0.22588571428571425,-0.5178,-0.9725,0.03677777777777774,0.0,0.0,0.0,1.0,1.0,6.0,0.0,1,0,0,semiconductor_electronics,2025-09-30
5.0,7.0,43.0,93.0,-0.03782857142857093,-0.2537023255813953,-0.625,-0.9725,-0.14155357142857167,2.0,2.0,0.0,0.0,1.0,7.0,0.0,2,0,0,semiconductor_electronics,2025-10-01
100.0,105.0,111.0,151.0,0.3561704761904762,0.335990990990991,-0.9682,-0.9682,0.8350371428571417,39.0,41.0,0.0,0.0,1.0,8.0,0.0,3,0,0,semiconductor_electronics,2025-10-02
1.0,106.0,109.0,151.0,0.3528103773584906,0.3299201834862385,-0.9682,-0.9682,0.6117103773584907,0.0,41.0,0.0,0.0,1.0,9.0,0.0,4,0,0,semiconductor_electronics,2025-10-03
2.0,103.0,110.0,153.0,0.36678640776699023,0.3410381818181818,-0.9682,-0.9682,0.40461497919556116,1.0,40.0,0.0,0.0,1.0,10.0,0.0,5,1,0,semiconductor_electronics,2025-10-04
1.0,4.0,111.0,153.0,0.158525,0.3379657657657657,0.0,-0.9682,-0.1976454761904762,0.0,1.0,0.0,0.0,1.0,11.0,0.0,6,1,1,semiconductor_electronics,2025-10-05
2.0,5.0,111.0,155.0,0.30312,0.3505720720720721,0.0,-0.9682,-0.04969037735849058,1.0,2.0,0.0,0.0,1.0,12.0,0.0,0,0,1,semiconductor_electronics,2025-10-06
4.0,7.0,115.0,157.0,0.1309857142857143,0.33868608695652175,-0.9607,-0.9682,-0.23580069348127594,0.0,1.0,0.0,0.0,1.0,13.0,0.0,1,0,1,semiconductor_electronics,2025-10-07
5.0,11.0,115.0,158.0,0.3084090909090909,0.3580130434782609,-0.9607,-0.9682,0.1498840909090909,4.0,5.0,1.0,1.0,1.0,0.0,1.0,2,0,0,semiconductor_electronics,2025-10-08
47.0,56.0,62.0,173.0,-0.2820107142857143,-0.2302741935483871,-0.9724,-0.9724,-0.5851307142857143,5.0,9.0,1.0,1.0,1.0,1.0,3.0,3,0,0,semiconductor_electronics,2025-10-09
2.0,54.0,63.0,172.0,-0.26087407407407404,-0.1989873015873016,-0.9724,-0.9724,-0.3918597883597883,0.0,9.0,1.0,1.0,1.0,2.0,3.0,4,0,0,semiconductor_electronics,2025-10-10
0.0,49.0,61.0,171.0,-0.33801632653061225,-0.2159065573770492,-0.9724,-0.9724,-0.6464254174397032,0.0,5.0,0.0,1.0,1.0,3.0,2.0,5,1,0,semiconductor_electronics,2025-10-11
0.0,2.0,60.0,171.0,0.8704000000000001,-0.219505,0.8264,-0.9724,1.1524107142857143,0.0,0.0,0.0,1.0,1.0,4.0,0.0,6,1,0,semiconductor_electronics,2025-10-12
0.0,0.0,58.0,169.0,,-0.24227241379310344,,-0.9724,,0.0,0.0,0.0,1.0,1.0,5.0,0.0,0,0,0,semiconductor_electronics,2025-10-13
1.0,1.0,55.0,170.0,-0.9609,-0.2736018181818182,-0.9609,-0.9724,-0.6228836734693877,0.0,0.0,0.0,1.0,1.0,6.0,0.0,1,0,1,semiconductor_electronics,2025-10-14
2.0,3.0,52.0,167.0,0.3017,-0.30110961538461545,-0.9609,-0.9724,-0.5687,0.0,0.0,0.0,0.0,1.0,7.0,0.0,2,0,1,semiconductor_electronics,2025-10-15
95.0,98.0,100.0,162.0,0.43812551020408175,0.4467710000000001,-0.9609,-0.9609,,26.0,26.0,0.0,0.0,1.0,8.0,1.0,3,0,1,semiconductor_electronics,2025-10-16
18.0,115.0,116.0,179.0,0.448768695652174,0.4366163793103449,-0.9664,-0.9664,1.409668695652174,5.0,31.0,1.0,1.0,2.0,0.0,2.0,4,0,0,semiconductor_electronics,2025-10-17
0.0,113.0,116.0,177.0,0.4401982300884957,0.4366163793103449,-0.9664,-0.9664,0.13849823008849566,0.0,31.0,1.0,1.0,2.0,1.0,2.0,5,1,0,semiconductor_electronics,2025-10-18
0.0,18.0,116.0,176.0,0.42840000000000006,0.4366163793103449,-0.9664,-0.9664,-0.009725510204081689,0.0,5.0,1.0,1.0,2.0,2.0,1.0,6,1,0,semiconductor_electronics,2025-10-19
0.0,0.0,116.0,174.0,,0.4366163793103449,,-0.9664,,0.0,0.0,0.0,1.0,2.0,3.0,0.0,0,0,1,semiconductor_electronics,2025-10-20
0.0,0.0,115.0,170.0,,0.448768695652174,,-0.9664,,0.0,0.0,0.0,1.0,2.0,4.0,0.0,1,0,1,semiconductor_electronics,2025-10-21
0.0,0.0,113.0,165.0,,0.4401982300884957,,-0.9664,,0.0,0.0,0.0,1.0,1.0,5.0,0.0,2,0,1,semiconductor_electronics,2025-10-22
50.0,50.0,68.0,168.0,0.04273599999999997,0.14482352941176468,-0.9721,-0.9721,,5.0,5.0,1.0,2.0,2.0,0.0,2.0,3,0,0,semiconductor_electronics,2025-10-23
0.0,50.0,50.0,166.0,0.04273599999999997,0.04273599999999997,-0.9721,-0.9721,,0.0,5.0,1.0,1.0,2.0,1.0,2.0,4,0,0,semiconductor_electronics,2025-10-24
0.0,50.0,50.0,166.0,0.04273599999999997,0.04273599999999997,-0.9721,-0.9721,,0.0,5.0,1.0,1.0,2.0,2.0,2.0,5,1,0,semiconductor_electronics,2025-10-25
0.0,0.0,50.0,166.0,,0.04273599999999997,,-0.9721,,0.0,0.0,0.0,1.0,2.0,3.0,0.0,6,1,0,semiconductor_electronics,2025-10-26
0.0,0.0,50.0,166.0,,0.04273599999999997,,-0.9721,,0.0,0.0,0.0,1.0,2.0,4.0,0.0,0,0,0,semiconductor_electronics,2025-10-27
0.0,0.0,50.0,165.0,,0.04273599999999997,,-0.9721,,0.0,0.0,0.0,1.0,2.0,5.0,0.0,1,0,0,semiconductor_electronics,2025-10-28
1.0,1.0,51.0,164.0,0.0,0.04189803921568624,0.0,-0.9721,,0.0,0.0,0.0,1.0,2.0,6.0,0.0,2,0,0,semiconductor_electronics,2025-10-29
19.0,20.0,20.0,88.0,-0.297465,-0.297465,-0.9234,-0.9234,,4.0,4.0,0.0,0.0,2.0,7.0,0.0,3,0,0,semiconductor_electronics,2025-10-30
0.0,20.0,20.0,70.0,-0.297465,-0.297465,-0.9234,-0.9234,,0.0,4.0,0.0,0.0,1.0,8.0,0.0,4,0,0,semiconductor_electronics,2025-10-31
1.0,20.0,21.0,71.0,-0.26154,-0.24908571428571427,-0.9234,-0.9234,-0.26154,0.0,4.0,0.0,0.0,1.0,9.0,0.0,5,1,0,semiconductor_electronics,2025-11-01
0.0,1.0,21.0,71.0,0.7185,-0.24908571428571427,0.7185,-0.9234,1.015965,0.0,0.0,0.0,0.0,1.0,10.0,0.0,6,1,0,semiconductor_electronics,2025-11-02
0.0,1.0,21.0,71.0,0.7185,-0.24908571428571427,0.7185,-0.9234,1.015965,0.0,0.0,0.0,0.0,1.0,11.0,0.0,0,0,0,semiconductor_electronics,2025-11-03
1.0,1.0,22.0,72.0,0.0,-0.23776363636363634,0.0,-0.9234,0.26154,0.0,0.0,0.0,0.0,1.0,12.0,0.0,1,0,0,semiconductor_electronics,2025-11-04
0.0,1.0,21.0,72.0,0.0,-0.24908571428571427,0.0,-0.9234,-0.7185,0.0,0.0,0.0,0.0,1.0,13.0,0.0,2,0,0,semiconductor_electronics,2025-11-05
84.0,85.0,86.0,106.0,0.46720470588235297,0.47012674418604655,-0.927,-0.927,-0.25129529411764706,4.0,4.0,0.0,0.0,0.0,14.0,0.0,3,0,0,semiconductor_electronics,2025-11-06
0.0,84.0,86.0,106.0,0.47276666666666667,0.47012674418604655,-0.927,-0.927,0.47276666666666667,0.0,4.0,0.0,0.0,0.0,15.0,0.0,4,0,0,semiconductor_electronics,2025-11-07
0.0,84.0,85.0,106.0,0.47276666666666667,0.46720470588235297,-0.927,-0.927,0.47276666666666667,0.0,4.0,0.0,0.0,0.0,16.0,0.0,5,1,0,semiconductor_electronics,2025-11-08
0.0,0.0,85.0,106.0,,0.46720470588235297,,-0.927,,0.0,0.0,0.0,0.0,0.0,17.0,0.0,6,1,0,semiconductor_electronics,2025-11-09
0.0,0.0,85.0,106.0,,0.46720470588235297,,-0.927,,0.0,0.0,0.0,0.0,0.0,18.0,0.0,0,0,1,semiconductor_electronics,2025-11-10
0.0,0.0,84.0,106.0,,0.47276666666666667,,-0.927,,0.0,0.0,0.0,0.0,0.0,19.0,0.0,1,0,1,semiconductor_electronics,2025-11-11
1.0,1.0,85.0,106.0,-0.6353,0.4597305882352941,-0.6353,-0.927,,1.0,1.0,0.0,0.0,0.0,20.0,0.0,2,0,1,semiconductor_electronics,2025-11-12
42.0,43.0,43.0,129.0,-0.5249488372093023,-0.5249488372093023,-0.9746,-0.9746,,13.0,14.0,1.0,1.0,1.0,0.0,7.0,3,0,0,semiconductor_electronics,2025-11-13
0.0,43.0,43.0,129.0,-0.5249488372093023,-0.5249488372093023,-0.9746,-0.9746,,0.0,14.0,1.0,1.0,1.0,1.0,7.0,4,0,0,semiconductor_electronics,2025-11-14
0.0,42.0,43.0,128.0,-0.5223214285714285,-0.5249488372093023,-0.9746,-0.9746,0.11297857142857148,0.0,13.0,1.0,1.0,1.0,2.0,7.0,5,1,0,semiconductor_electronics,2025-11-15
0.0,0.0,43.0,128.0,,-0.5249488372093023,,-0.9746,,0.0,0.0,0.0,1.0,1.0,3.0,0.0,6,1,0,semiconductor_electronics,2025-11-16
1.0,1.0,44.0,129.0,0.9129,-0.4922704545454545,0.9129,-0.9746,1.4378488372093023,0.0,0.0,0.0,1.0,1.0,4.0,0.0,0,0,0,semiconductor_electronics,2025-11-17
0.0,1.0,44.0,128.0,0.9129,-0.4922704545454545,0.9129,-0.9746,1.4352214285714284,0.0,0.0,0.0,1.0,1.0,5.0,0.0,1,0,0,semiconductor_electronics,2025-11-18
1.0,2.0,44.0,129.0,0.14675000000000005,-0.4919090909090908,-0.6194,-0.9746,,0.0,0.0,0.0,1.0,1.0,6.0,0.0,2,0,0,semiconductor_electronics,2025-11-19
220.0,221.0,222.0,265.0,0.47547647058823506,0.4774468468468466,-0.9734,-0.9734,-0.437423529411765,35.0,35.0,0.0,0.0,1.0,7.0,0.0,3,0,0,semiconductor_electronics,2025-11-20
0.0,221.0,222.0,265.0,0.47547647058823506,0.4774468468468466,-0.9734,-0.9734,-0.437423529411765,0.0,35.0,0.0,0.0,1.0,8.0,0.0,4,0,0,semiconductor_electronics,2025-11-21
0.0,220.0,222.0,265.0,0.4804531818181816,0.4774468468468466,-0.9734,-0.9734,0.33370318181818154,0.0,35.0,0.0,0.0,1.0,9.0,0.0,5,1,0,semiconductor_electronics,2025-11-22
0.0,0.0,222.0,265.0,,0.4774468468468466,,-0.9734,,0.0,0.0,0.0,0.0,1.0,10.0,0.0,6,1,0,semiconductor_electronics,2025-11-23
0.0,0.0,221.0,265.0,,0.47547647058823506,,-0.9734,,0.0,0.0,0.0,0.0,1.0,11.0,0.0,0,0,1,semiconductor_electronics,2025-11-24
0.0,0.0,221.0,265.0,,0.47547647058823506,,-0.9734,,0.0,0.0,0.0,0.0,1.0,12.0,0.0,1,0,1,semiconductor_electronics,2025-11-25
2.0,2.0,222.0,266.0,-0.46875,0.4719018018018016,-0.9375,-0.9734,,0.0,0.0,0.0,0.0,1.0,13.0,0.0,2,0,1,semiconductor_electronics,2025-11-26
40.0,42.0,42.0,264.0,-0.4741904761904762,-0.4741904761904762,-0.9722,-0.9722,,6.0,6.0,1.0,1.0,1.0,0.0,1.0,3,0,0,semiconductor_electronics,2025-11-27
0.0,42.0,42.0,264.0,-0.4741904761904762,-0.4741904761904762,-0.9722,-0.9722,,0.0,6.0,1.0,1.0,1.0,1.0,1.0,4,0,0,semiconductor_electronics,2025-11-28
0.0,40.0,42.0,264.0,-0.4744625,-0.4741904761904762,-0.9722,-0.9722,-0.005712500000000009,0.0,6.0,1.0,1.0,1.0,2.0,1.0,5,1,0,semiconductor_electronics,2025-11-29
0.0,0.0,42.0,264.0,,-0.4741904761904762,,-0.9722,,0.0,0.0,0.0,1.0,1.0,3.0,0.0,6,1,0,semiconductor_electronics,2025-11-30
0.0,0.0,42.0,263.0,,-0.4741904761904762,,-0.9722,,0.0,0.0,0.0,1.0,1.0,4.0,0.0,0,0,0,semiconductor_electronics,2025-12-01
0.0,0.0,42.0,263.0,,-0.4741904761904762,,-0.9722,,0.0,0.0,0.0,1.0,1.0,5.0,0.0,1,0,0,semiconductor_electronics,2025-12-02
0.0,0.0,40.0,262.0,,-0.4744625,,-0.9722,,0.0,0.0,0.0,1.0,1.0,6.0,0.0,2,0,0,semiconductor_electronics,2025-12-03
61.0,61.0,61.0,103.0,0.3314360655737704,0.3314360655737704,-0.9293,-0.9293,,3.0,3.0,0.0,0.0,1.0,7.0,0.0,3,0,0,semiconductor_electronics,2025-12-04
5.0,66.0,66.0,108.0,0.32723787878787874,0.32723787878787874,-0.9653,-0.9653,,0.0,3.0,0.0,0.0,1.0,8.0,0.0,4,0,0,semiconductor_electronics,2025-12-05
0.0,66.0,66.0,108.0,0.32723787878787874,0.32723787878787874,-0.9653,-0.9653,,0.0,3.0,0.0,0.0,1.0,9.0,0.0,5,1,0,semiconductor_electronics,2025-12-06
0.0,5.0,66.0,108.0,0.27601999999999993,0.32723787878787874,-0.9653,-0.9653,-0.05541606557377049,0.0,0.0,0.0,0.0,1.0,10.0,0.0,6,1,0,semiconductor_electronics,2025-12-07
0.0,0.0,66.0,108.0,,0.32723787878787874,,-0.9653,,0.0,0.0,0.0,0.0,1.0,11.0,0.0,0,0,0,semiconductor_electronics,2025-12-08
0.0,0.0,66.0,108.0,,0.32723787878787874,,-0.9653,,0.0,0.0,0.0,0.0,1.0,12.0,0.0,1,0,0,semiconductor_electronics,2025-12-09
0.0,0.0,66.0,106.0,,0.32723787878787874,,-0.9653,,0.0,0.0,0.0,0.0,1.0,13.0,0.0,2,0,0,semiconductor_electronics,2025-12-10
48.0,48.0,53.0,114.0,0.13283958333333334,0.14634716981132076,-0.9566,-0.9653,,3.0,3.0,0.0,0.0,0.0,14.0,0.0,3,0,0,semiconductor_electronics,2025-12-11
14.0,62.0,62.0,128.0,0.1361225806451613,0.1361225806451613,-0.9566,-0.9566,,1.0,4.0,0.0,0.0,0.0,15.0,0.0,4,0,0,semiconductor_electronics,2025-12-12
0.0,62.0,62.0,128.0,0.1361225806451613,0.1361225806451613,-0.9566,-0.9566,,0.0,4.0,0.0,0.0,0.0,16.0,0.0,5,1,0,semiconductor_electronics,2025-12-13
0.0,14.0,62.0,128.0,0.14737857142857141,0.1361225806451613,-0.9468,-0.9566,0.01453898809523807,0.0,1.0,0.0,0.0,0.0,17.0,0.0,6,1,0,semiconductor_electronics,2025-12-14
0.0,0.0,62.0,128.0,,0.1361225806451613,,-0.9566,,0.0,0.0,0.0,0.0,0.0,18.0,0.0,0,0,1,semiconductor_electronics,2025-12-15
0.0,0.0,62.0,128.0,,0.1361225806451613,,-0.9566,,0.0,0.0,0.0,0.0,0.0,19.0,0.0,1,0,1,semiconductor_electronics,2025-12-16
0.0,0.0,62.0,128.0,,0.1361225806451613,,-0.9566,,0.0,0.0,0.0,0.0,0.0,20.0,0.0,2,0,1,semiconductor_electronics,2025-12-17
56.0,56.0,70.0,123.0,-0.5258428571428572,-0.3911985714285715,-0.9754,-0.9754,,9.0,9.0,4.0,4.0,4.0,0.0,6.0,3,0,0,semiconductor_electronics,2025-12-18
0.0,56.0,56.0,118.0,-0.5258428571428572,-0.5258428571428572,-0.9754,-0.9754,,0.0,9.0,4.0,4.0,4.0,1.0,6.0,4,0,0,semiconductor_electronics,2025-12-19
0.0,56.0,56.0,118.0,-0.5258428571428572,-0.5258428571428572,-0.9754,-0.9754,,0.0,9.0,4.0,4.0,4.0,2.0,6.0,5,1,0,semiconductor_electronics,2025-12-20
0.0,0.0,56.0,118.0,,-0.5258428571428572,,-0.9754,,0.0,0.0,0.0,4.0,4.0,3.0,0.0,6,1,0,semiconductor_electronics,2025-12-21
0.0,0.0,56.0,118.0,,-0.5258428571428572,,-0.9754,,0.0,0.0,0.0,4.0,4.0,4.0,0.0,0,0,0,semiconductor_electronics,2025-12-22
0.0,0.0,56.0,118.0,,-0.5258428571428572,,-0.9754,,0.0,0.0,0.0,4.0,4.0,5.0,0.0,1,0,0,semiconductor_electronics,2025-12-23
1.0,1.0,57.0,119.0,-0.8615,-0.5317315789473684,-0.8615,-0.9754,,0.0,0.0,0.0,4.0,4.0,6.0,0.0,2,0,0,semiconductor_electronics,2025-12-24
38.0,39.0,39.0,109.0,-0.14393076923076925,-0.14393076923076925,-0.9706,-0.9706,,4.0,4.0,0.0,0.0,4.0,7.0,0.0,3,0,0,semiconductor_electronics,2025-12-25
7.0,46.0,46.0,102.0,-0.20926521739130435,-0.20926521739130435,-0.9709,-0.9709,,0.0,4.0,0.0,0.0,4.0,8.0,0.0,4,0,0,semiconductor_electronics,2025-12-26
0.0,45.0,46.0,102.0,-0.19477111111111114,-0.20926521739130435,-0.9709,-0.9709,0.6667288888888889,0.0,4.0,0.0,0.0,4.0,9.0,0.0,5,1,0,semiconductor_electronics,2025-12-27
0.0,7.0,46.0,102.0,-0.5732714285714285,-0.20926521739130435,-0.9709,-0.9709,-0.4293406593406593,0.0,0.0,0.0,0.0,4.0,10.0,0.0,6,1,0,semiconductor_electronics,2025-12-28
0.0,0.0,46.0,102.0,,-0.20926521739130435,,-0.9709,,0.0,0.0,0.0,0.0,4.0,11.0,0.0,0,0,1,semiconductor_electronics,2025-12-29
1.0,1.0,47.0,103.0,0.9456,-0.1846936170212766,0.9456,-0.9709,1.1403711111111112,0.0,0.0,0.0,0.0,4.0,12.0,0.0,1,0,1,semiconductor_electronics,2025-12-30
1.0,2.0,47.0,104.0,0.95,-0.14605744680851063,0.9456,-0.9709,1.5232714285714284,0.0,0.0,0.0,0.0,4.0,13.0,0.0,2,0,1,semiconductor_electronics,2025-12-31
35.0,37.0,44.0,83.0,0.22060000000000002,0.09430227272727273,-0.9532,-0.9709,,5.0,5.0,2.0,2.0,2.0,0.0,6.0,3,0,0,semiconductor_electronics,2026-01-01
55.0,91.0,92.0,138.0,0.383943956043956,0.3900489130434782,-0.9688,-0.9688,-0.5616560439560441,0.0,5.0,2.0,2.0,2.0,1.0,6.0,4,0,0,semiconductor_electronics,2026-01-02
1.0,91.0,93.0,139.0,0.3734560439560439,0.3858548387096773,-0.9688,-0.9688,-0.576543956043956,0.0,5.0,2.0,2.0,2.0,2.0,6.0,5,1,0,semiconductor_electronics,2026-01-03
1.0,57.0,94.0,140.0,0.4863561403508771,0.38174999999999987,-0.9688,-0.9688,0.2657561403508771,0.0,0.0,0.0,2.0,2.0,3.0,0.0,6,1,1,semiconductor_electronics,2026-01-04
0.0,2.0,94.0,140.0,0.0,0.38174999999999987,0.0,-0.9688,-0.383943956043956,0.0,0.0,0.0,2.0,2.0,4.0,0.0,0,0,1,semiconductor_electronics,2026-01-05
1.0,2.0,94.0,141.0,-0.2654,0.36604361702127647,-0.5308,-0.9688,-0.638856043956044,0.0,0.0,0.0,2.0,2.0,5.0,1.0,1,0,1,semiconductor_electronics,2026-01-06
2.0,3.0,95.0,142.0,-0.7590333333333333,0.3337621052631578,-0.9749,-0.9749,-1.2453894736842104,1.0,1.0,2.0,4.0,4.0,0.0,3.0,2,0,0,semiconductor_electronics,2026-01-07
63.0,66.0,123.0,167.0,-0.6064378787878787,-0.10002113821138216,-0.9749,-0.9749,-0.6064378787878787,6.0,7.0,2.0,2.0,4.0,1.0,6.0,3,0,0,semiconductor_electronics,2026-01-08
2.0,67.0,70.0,162.0,-0.6139358208955223,-0.5952071428571429,-0.9749,-0.9749,-0.3485358208955223,2.0,9.0,2.0,2.0,4.0,2.0,5.0,4,0,0,semiconductor_electronics,2026-01-09
1.0,66.0,70.0,163.0,-0.6077833333333332,-0.6055828571428571,-0.9749,-0.9749,0.1512500000000001,0.0,8.0,0.0,2.0,4.0,3.0,3.0,5,1,0,semiconductor_electronics,2026-01-10
0.0,3.0,69.0,163.0,-0.7886333333333321,-0.614359420289855,-0.8781,-0.9749,-0.18219545454545338,0.0,2.0,0.0,2.0,4.0,4.0,0.0,6,1,0,semiconductor_electronics,2026-01-11
0.0,1.0,69.0,163.0,-0.7263,-0.614359420289855,-0.7263,-0.9749,-0.1123641791044776,0.0,0.0,0.0,2.0,4.0,5.0,0.0,0,0,1,semiconductor_electronics,2026-01-12
1.0,1.0,69.0,163.0,0.0,-0.6066666666666667,0.0,-0.9749,0.6077833333333332,0.0,0.0,0.0,2.0,4.0,6.0,0.0,1,0,1,semiconductor_electronics,2026-01-13
2.0,3.0,69.0,164.0,-0.4498333333333333,-0.6009159420289856,-0.7857,-0.9749,0.33879999999999877,0.0,0.0,0.0,0.0,4.0,7.0,0.0,2,0,1,semiconductor_electronics,2026-01-14
74.0,77.0,80.0,203.0,-0.49639350649350644,-0.5073525000000001,-0.975,-0.975,0.2299064935064935,6.0,6.0,1.0,1.0,3.0,0.0,3.0,3,0,0,semiconductor_electronics,2026-01-15
2.0,78.0,80.0,150.0,-0.4872205128205128,-0.4841187500000001,-0.975,-0.975,-0.4872205128205128,1.0,7.0,1.0,1.0,3.0,1.0,3.0,4,0,0,semiconductor_electronics,2026-01-16
2.0,78.0,81.0,151.0,-0.46991923076923076,-0.4691753086419754,-0.975,-0.975,-0.02008589743589745,0.0,7.0,1.0,1.0,3.0,2.0,3.0,5,1,0,semiconductor_electronics,2026-01-17
0.0,4.0,81.0,150.0,0.05477499999999935,-0.4691753086419754,-0.6454,-0.975,0.5511685064935058,0.0,1.0,0.0,1.0,3.0,3.0,0.0,6,1,0,semiconductor_electronics,2026-01-18
1.0,3.0,82.0,151.0,-0.24953333333333336,-0.47258292682926833,-0.7486,-0.975,0.23768717948717946,0.0,0.0,0.0,1.0,3.0,4.0,0.0,0,0,0,semiconductor_electronics,2026-01-19
3.0,4.0,84.0,153.0,-0.1945,-0.46168095238095247,-0.8435,-0.975,0.27541923076923075,0.0,0.0,0.0,1.0,3.0,5.0,0.0,1,0,0,semiconductor_electronics,2026-01-20
4.0,8.0,86.0,155.0,-0.329775,-0.45688255813953493,-0.951,-0.975,-0.38454999999999934,1.0,1.0,0.0,1.0,1.0,6.0,0.0,2,0,0,semiconductor_electronics,2026-01-21
101.0,108.0,113.0,193.0,0.3664287037037037,0.3455292035398229,-0.9518,-0.9518,0.615962037037037,5.0,6.0,0.0,0.0,1.0,7.0,0.0,3,0,0,semiconductor_electronics,2026-01-22
3.0,108.0,114.0,194.0,0.3583435185185185,0.33265877192982446,-0.9518,-0.9518,0.5528435185185185,0.0,6.0,0.0,0.0,1.0,8.0,0.0,4,0,0,semiconductor_electronics,2026-01-23
0.0,104.0,112.0,193.0,0.3900125,0.33859910714285707,-0.9518,-0.9518,0.7197875,0.0,5.0,0.0,0.0,1.0,9.0,1.0,5,1,0,semiconductor_electronics,2026-01-24
1.0,4.0,113.0,194.0,-0.22565000000000002,0.33560265486725654,-0.9026,-0.9518,-0.5920787037037036,0.0,0.0,0.0,0.0,1.0,10.0,1.0,6,1,0,semiconductor_electronics,2026-01-25
0.0,1.0,112.0,194.0,0.0,0.3452830357142856,0.0,-0.9518,-0.3583435185185185,0.0,0.0,0.0,0.0,1.0,11.0,1.0,0,0,0,semiconductor_electronics,2026-01-26
0.0,1.0,109.0,193.0,0.0,0.3550559633027522,0.0,-0.9518,-0.3900125,0.0,0.0,0.0,0.0,1.0,12.0,0.0,1,0,0,semiconductor_electronics,2026-01-27
1.0,1.0,106.0,192.0,0.0,0.38265377358490554,0.0,-0.9518,0.22565000000000002,0.0,0.0,0.0,0.0,1.0,13.0,0.0,2,0,0,semiconductor_electronics,2026-01-28
63.0,64.0,68.0,181.0,0.2884171875,0.25817794117647047,-0.9373,-0.9373,0.2884171875,4.0,4.0,0.0,0.0,0.0,14.0,1.0,3,0,0,semiconductor_electronics,2026-01-29
1.0,65.0,66.0,180.0,0.2744153846153846,0.27025757575757564,-0.9373,-0.9373,0.2744153846153846,1.0,5.0,0.0,0.0,0.0,15.0,1.0,4,0,0,semiconductor_electronics,2026-01-30
3.0,67.0,69.0,181.0,0.24478208955223882,0.23768695652173905,-0.9373,-0.9373,0.24478208955223882,0.0,5.0,0.0,0.0,0.0,16.0,1.0,5,1,0,semiconductor_electronics,2026-01-31
0.0,4.0,68.0,181.0,-0.5145749999999998,0.24118235294117638,-0.7555,-0.9373,-0.8029921874999998,0.0,1.0,0.0,0.0,0.0,17.0,0.0,6,1,0,semiconductor_electronics,2026-02-01
1.0,4.0,69.0,181.0,-0.6006499999999999,0.22368695652173903,-0.966,-0.966,-0.8750653846153845,0.0,0.0,0.0,0.0,0.0,18.0,0.0,0,0,1,semiconductor_electronics,2026-02-02
0.0,1.0,69.0,178.0,-0.966,0.22368695652173903,-0.966,-0.966,-1.2107820895522388,0.0,0.0,0.0,0.0,0.0,19.0,0.0,1,0,1,semiconductor_electronics,2026-02-03
4.0,5.0,72.0,178.0,-0.37582,0.2016847222222221,-0.966,-0.966,0.1387549999999998,0.0,0.0,0.0,0.0,0.0,20.0,0.0,2,0,1,semiconductor_electronics,2026-02-04
102.0,106.0,111.0,179.0,-0.7216801886792452,-0.7164180180180181,-0.9766,-0.9766,-0.12103018867924531,21.0,21.0,1.0,1.0,1.0,0.0,1.0,3,0,0,semiconductor_electronics,2026-02-05
2.0,108.0,112.0,178.0,-0.7144657407407407,-0.7104008928571428,-0.9766,-0.9766,0.2515342592592593,0.0,21.0,1.0,1.0,1.0,1.0,2.0,4,0,0,semiconductor_electronics,2026-02-06
0.0,104.0,109.0,178.0,-0.7331653846153845,-0.7167733944954128,-0.9766,-0.9766,-0.3573453846153845,0.0,21.0,1.0,1.0,1.0,2.0,2.0,5,1,0,semiconductor_electronics,2026-02-07
5.0,7.0,114.0,182.0,-0.023871428571428575,-0.6809754385964912,-0.9074,-0.9766,0.6978087601078167,2.0,2.0,0.0,1.0,1.0,3.0,1.0,6,1,0,semiconductor_electronics,2026-02-08
0.0,5.0,113.0,182.0,0.09942,-0.6784530973451328,-0.9074,-0.9766,0.8138857407407406,0.0,2.0,0.0,1.0,1.0,4.0,0.0,0,0,0,semiconductor_electronics,2026-02-09
0.0,5.0,113.0,182.0,0.09942,-0.6784530973451328,-0.9074,-0.9766,0.8325853846153844,0.0,2.0,0.0,1.0,1.0,5.0,0.0,1,0,0,semiconductor_electronics,2026-02-10
0.0,0.0,109.0,181.0,,-0.694973394495413,,-0.9766,,0.0,0.0,0.0,1.0,1.0,6.0,0.0,2,0,0,semiconductor_electronics,2026-02-11
50.0,50.0,57.0,168.0,-0.19100999999999999,-0.17048421052631602,-0.9754,-0.9754,-0.29042999999999997,4.0,4.0,0.0,0.0,1.0,7.0,0.0,3,0,0,semiconductor_electronics,2026-02-12
2.0,52.0,57.0,169.0,-0.15203269230769229,-0.12997543859649147,-0.9754,-0.9754,-0.2514526923076923,0.0,4.0,0.0,0.0,1.0,8.0,0.0,4,0,0,semiconductor_electronics,2026-02-13
0.0,52.0,57.0,166.0,-0.15203269230769229,-0.12997543859649147,-0.9754,-0.9754,,0.0,4.0,0.0,0.0,1.0,9.0,0.0,5,1,0,semiconductor_electronics,2026-02-14
0.0,2.0,52.0,166.0,0.8224,-0.15203269230769256,0.822,-0.9754,1.01341,0.0,0.0,0.0,0.0,1.0,10.0,0.0,6,1,0,semiconductor_electronics,2026-02-15
1.0,1.0,53.0,166.0,-0.8817,-0.16580000000000025,-0.8817,-0.9754,-0.7296673076923077,0.0,0.0,0.0,0.0,1.0,11.0,0.0,0,0,0,semiconductor_electronics,2026-02-16
0.0,1.0,53.0,166.0,-0.8817,-0.16580000000000025,-0.8817,-0.9754,-0.7296673076923077,0.0,0.0,0.0,0.0,1.0,12.0,0.0,1,0,0,semiconductor_electronics,2026-02-17
6.0,7.0,59.0,168.0,0.13892857142857143,-0.1175118644067799,-0.8817,-0.9754,-0.6834714285714286,2.0,2.0,0.0,0.0,1.0,13.0,0.0,2,0,0,semiconductor_electronics,2026-02-18
91.0,97.0,100.0,157.0,0.3802989690721649,0.37652099999999983,-0.9593,-0.9593,1.261998969072165,5.0,7.0,0.0,0.0,0.0,14.0,0.0,3,0,0,semiconductor_electronics,2026-02-19
9.0,106.0,107.0,164.0,0.3260462264150943,0.31475887850467277,-0.9714,-0.9714,1.2077462264150944,1.0,8.0,0.0,0.0,0.0,15.0,0.0,4,0,0,semiconductor_electronics,2026-02-20
3.0,103.0,110.0,167.0,0.3139203883495145,0.3027845454545453,-0.9714,-0.9714,0.1749918169209431,0.0,6.0,0.0,0.0,0.0,16.0,0.0,5,1,0,semiconductor_electronics,2026-02-21
0.0,12.0,110.0,162.0,-0.22508333333333339,0.3027845454545453,-0.9714,-0.9714,-0.6053823024054983,0.0,1.0,0.0,0.0,0.0,17.0,0.0,6,1,0,semiconductor_electronics,2026-02-22
1.0,4.0,110.0,163.0,-0.09322499999999999,0.31079999999999985,-0.7886,-0.9714,-0.4192712264150943,0.0,0.0,0.0,0.0,0.0,18.0,0.0,0,0,0,semiconductor_electronics,2026-02-23
1.0,2.0,111.0,164.0,0.0,0.30799999999999983,0.0,-0.9714,-0.3139203883495145,0.0,0.0,0.0,0.0,0.0,19.0,0.0,1,0,0,semiconductor_electronics,2026-02-24
4.0,6.0,109.0,168.0,-0.12901666666666667,0.28953853211009156,-0.7741,-0.9714,0.09606666666666672,0.0,0.0,0.0,0.0,0.0,20.0,0.0,2,0,0,semiconductor_electronics,2026-02-25
61.0,66.0,79.0,179.0,-0.43561212121212123,-0.39811898734177237,-0.9753,-0.9753,-0.3423871212121212,0.0,0.0,0.0,0.0,0.0,21.0,2.0,3,0,0,semiconductor_electronics,2026-02-26
0.0,65.0,70.0,177.0,-0.44231384615384617,-0.4160471428571431,-0.9753,-0.9753,-0.44231384615384617,0.0,0.0,0.0,0.0,0.0,22.0,2.0,4,0,0,semiconductor_electronics,2026-02-27
0.0,61.0,67.0,177.0,-0.45862786885245904,-0.4291104477611943,-0.9753,-0.9753,-0.3296112021857924,0.0,0.0,0.0,0.0,0.0,23.0,2.0,5,1,0,semiconductor_electronics,2026-02-28
0.0,0.0,67.0,177.0,,-0.4291104477611943,,-0.9753,,0.0,0.0,0.0,0.0,0.0,24.0,0.0,6,1,0,semiconductor_electronics,2026-03-01
1.0,1.0,67.0,177.0,0.0,-0.4291104477611943,0.0,-0.9753,0.44231384615384617,0.0,0.0,0.0,0.0,0.0,25.0,3.0,0,0,1,semiconductor_electronics,2026-03-02
0.0,1.0,66.0,177.0,0.0,-0.43561212121212145,0.0,-0.9753,0.45862786885245904,0.0,0.0,0.0,0.0,0.0,26.0,5.0,1,0,1,semiconductor_electronics,2026-03-03
4.0,5.0,66.0,175.0,0.060879999999999976,-0.4192712121212123,-0.8292,-0.9753,,0.0,0.0,0.0,0.0,0.0,27.0,6.0,2,0,1,semiconductor_electronics,2026-03-04
46.0,50.0,51.0,130.0,0.39962400000000003,0.3917882352941174,-0.9449,-0.9449,0.39962400000000003,0.0,0.0,1.0,1.0,1.0,0.0,21.0,3,0,1,semiconductor_electronics,2026-03-05
3.0,53.0,54.0,124.0,0.3591716981132076,0.35252037037037015,-0.9449,-0.9449,0.3591716981132076,0.0,0.0,2.0,2.0,2.0,0.0,23.0,4,0,0,semiconductor_electronics,2026-03-06
1.0,50.0,55.0,122.0,0.361282,0.33397272727272703,-0.9449,-0.9449,0.300402,1.0,1.0,2.0,2.0,2.0,1.0,23.0,5,1,0,semiconductor_electronics,2026-03-07
0.0,4.0,55.0,122.0,-0.40317500000000006,0.33397272727272703,-0.9298,-0.9449,-0.802799,0.0,1.0,1.0,2.0,2.0,2.0,7.0,6,1,0,semiconductor_electronics,2026-03-08
2.0,3.0,56.0,123.0,-0.4258,0.3171196428571426,-0.6676,-0.9449,-0.7849716981132075,1.0,2.0,0.0,2.0,2.0,3.0,7.0,0,0,1,semiconductor_electronics,2026-03-09
3.0,5.0,59.0,125.0,-0.5673199999999999,0.2632525423728811,-0.9005,-0.9449,-0.9286019999999999,2.0,3.0,0.0,2.0,2.0,4.0,7.0,1,0,1,semiconductor_electronics,2026-03-10
4.0,9.0,59.0,125.0,-0.39436666666666664,0.24601355932203367,-0.9331,-0.9449,0.008808333333333418,0.0,3.0,0.0,2.0,2.0,5.0,8.0,2,0,1,semiconductor_electronics,2026-03-11
54.0,61.0,67.0,118.0,-0.40891803278688527,-0.4054701492537316,-0.9749,-0.9749,0.016881967213114746,7.0,9.0,1.0,2.0,3.0,0.0,61.0,3,0,0,semiconductor_electronics,2026-03-12
2.0,60.0,66.0,120.0,-0.3908466666666667,-0.40840909090909117,-0.9749,-0.9749,0.17647333333333326,0.0,7.0,1.0,1.0,3.0,1.0,64.0,4,0,0,semiconductor_electronics,2026-03-13
1.0,57.0,66.0,121.0,-0.39891403508771933,-0.39829393939393964,-0.9749,-0.9749,-0.004547368421052689,0.0,7.0,1.0,1.0,3.0,2.0,61.0,5,1,0,semiconductor_electronics,2026-03-14
1.0,4.0,67.0,122.0,-0.1834,-0.3923492537313435,-0.7336,-0.9749,0.22551803278688526,0.0,0.0,0.0,1.0,3.0,3.0,6.0,6,1,0,semiconductor_electronics,2026-03-15
2.0,4.0,67.0,123.0,-0.207575,-0.39564029850746296,-0.8303,-0.9749,0.18327166666666667,1.0,1.0,0.0,1.0,3.0,4.0,4.0,0,0,0,semiconductor_electronics,2026-03-16
2.0,5.0,66.0,125.0,-0.32688,-0.3800787878787881,-0.8303,-0.9749,0.07203403508771933,0.0,1.0,0.0,1.0,3.0,5.0,4.0,1,0,0,semiconductor_electronics,2026-03-17
0.0,4.0,62.0,121.0,-0.4086,-0.39310483870967766,-0.8303,-0.9749,-0.2252,0.0,1.0,0.0,1.0,3.0,6.0,4.0,2,0,0,semiconductor_electronics,2026-03-18
43.0,45.0,51.0,118.0,0.12242888888888892,0.07736078431372523,-0.9706,-0.9706,0.33000388888888893,5.0,5.0,0.0,0.0,2.0,7.0,19.0,3,0,0,semiconductor_electronics,2026-03-19
28.0,71.0,77.0,143.0,0.1708098591549296,0.13627402597402583,-0.9706,-0.9706,0.4976898591549296,2.0,7.0,0.0,0.0,1.0,8.0,24.0,4,0,0,semiconductor_electronics,2026-03-20
1.0,72.0,77.0,143.0,0.15818194444444444,0.12668441558441543,-0.9706,-0.9706,0.5667819444444444,0.0,7.0,0.0,0.0,1.0,9.0,23.0,5,1,0,semiconductor_electronics,2026-03-21
1.0,30.0,77.0,144.0,0.18899333333333332,0.13439999999999983,-0.9572,-0.9706,0.0665644444444444,0.0,2.0,0.0,0.0,1.0,10.0,7.0,6,1,0,semiconductor_electronics,2026-03-22
0.0,2.0,75.0,142.0,-0.07215000000000016,0.14905466666666647,-0.7384,-0.9706,-0.24295985915492976,0.0,0.0,0.0,0.0,1.0,11.0,3.0,0,0,1,semiconductor_electronics,2026-03-23
3.0,4.0,76.0,142.0,0.148525,0.15767368421052613,0.0,-0.9706,-0.009656944444444454,0.0,0.0,0.0,0.0,1.0,12.0,4.0,1,0,1,semiconductor_electronics,2026-03-24
0.0,3.0,76.0,138.0,0.0,0.15767368421052613,0.0,-0.9706,-0.18899333333333332,0.0,0.0,0.0,0.0,1.0,13.0,4.0,2,0,1,semiconductor_electronics,2026-03-25
62.0,65.0,95.0,146.0,0.19678615384615386,0.19432526315789458,-0.9728,-0.9728,0.268936153846154,4.0,4.0,1.0,1.0,1.0,0.0,10.0,3,0,0,semiconductor_electronics,2026-03-26
14.0,76.0,81.0,158.0,0.20453684210526316,0.19012962962962945,-0.9728,-0.9728,0.056011842105263165,5.0,9.0,1.0,1.0,1.0,1.0,10.0,4,0,0,semiconductor_electronics,2026-03-27
2.0,78.0,82.0,159.0,0.21100384615384618,0.2079560975609754,-0.9728,-0.9728,0.21100384615384618,0.0,9.0,1.0,1.0,1.0,2.0,9.0,5,1,0,semiconductor_electronics,2026-03-28
0.0,16.0,81.0,158.0,0.22920000000000007,0.2031888888888887,-0.9573,-0.9728,0.03241384615384621,0.0,5.0,0.0,1.0,1.0,3.0,2.0,6,1,0,semiconductor_electronics,2026-03-29
0.0,2.0,81.0,156.0,0.45675,0.2031888888888887,0.0,-0.9728,0.25221315789473686,0.0,0.0,0.0,1.0,1.0,4.0,0.0,0,0,0,semiconductor_electronics,2026-03-30
1.0,1.0,79.0,155.0,0.0,0.20833291139240487,0.0,-0.9728,-0.21100384615384618,0.0,0.0,0.0,1.0,1.0,5.0,0.0,1,0,0,semiconductor_electronics,2026-03-31
1.0,2.0,80.0,156.0,0.0,0.2057287499999998,0.0,-0.9728,-0.22920000000000007,1.0,1.0,0.0,1.0,1.0,6.0,1.0,2,0,0,semiconductor_electronics,2026-04-01
52.0,54.0,70.0,165.0,0.2479388888888889,0.24365571428571406,-0.966,-0.966,-0.2088111111111111,5.0,6.0,0.0,0.0,1.0,7.0,6.0,3,0,0,semiconductor_electronics,2026-04-02
25.0,78.0,81.0,162.0,0.30893589743589744,0.3087716049382714,-0.966,-0.966,0.30893589743589744,2.0,8.0,0.0,0.0,1.0,8.0,6.0,4,0,0,semiconductor_electronics,2026-04-03
1.0,78.0,80.0,162.0,0.30893589743589744,0.30121249999999977,-0.966,-0.966,0.30893589743589744,0.0,7.0,0.0,0.0,1.0,9.0,5.0,5,1,0,semiconductor_electronics,2026-04-04
0.0,26.0,80.0,161.0,0.41185769230769237,0.30121249999999977,-0.9224,-0.966,0.16391880341880347,0.0,2.0,0.0,0.0,1.0,10.0,0.0,6,1,0,semiconductor_electronics,2026-04-05
2.0,3.0,82.0,163.0,0.0,0.2938658536585364,0.0,-0.966,-0.30893589743589744,0.0,0.0,0.0,0.0,1.0,11.0,2.0,0,0,0,semiconductor_electronics,2026-04-06
1.0,3.0,82.0,161.0,0.0,0.2938658536585364,0.0,-0.966,-0.30893589743589744,1.0,1.0,0.0,0.0,1.0,12.0,3.0,1,0,0,semiconductor_electronics,2026-04-07
2.0,5.0,83.0,163.0,-0.17324,0.2798891566265058,-0.8662,-0.966,-0.5850976923076924,0.0,1.0,0.0,0.0,1.0,13.0,4.0,2,0,0,semiconductor_electronics,2026-04-08
64.0,67.0,95.0,165.0,0.21458208955223879,0.264055789473684,-0.9325,-0.9325,0.21458208955223879,3.0,4.0,0.0,0.0,0.0,14.0,11.0,3,0,0,semiconductor_electronics,2026-04-09
15.0,81.0,85.0,166.0,0.16555925925925924,0.15776823529411746,-0.9325,-0.9325,0.16555925925925924,3.0,6.0,0.0,0.0,0.0,15.0,14.0,4,0,0,semiconductor_electronics,2026-04-10
3.0,82.0,87.0,167.0,0.17410365853658535,0.15414137931034463,-0.9325,-0.9325,0.34734365853658533,1.0,7.0,0.0,0.0,0.0,16.0,13.0,5,1,0,semiconductor_electronics,2026-04-11
1.0,19.0,88.0,168.0,-0.10035263157894739,0.14170795454545435,-0.94,-0.94,-0.31493472113118615,0.0,4.0,0.0,0.0,0.0,17.0,5.0,6,1,0,semiconductor_electronics,2026-04-12
6.0,10.0,92.0,174.0,-0.14118999999999998,0.13041739130434762,-0.94,-0.94,-0.3067492592592592,2.0,3.0,0.0,0.0,0.0,18.0,8.0,0,0,1,semiconductor_electronics,2026-04-13
1.0,8.0,92.0,174.0,-0.2421875,0.12470434782608678,-0.94,-0.94,-0.4162911585365854,0.0,2.0,0.0,0.0,0.0,19.0,13.0,1,0,1,semiconductor_electronics,2026-04-14
4.0,11.0,94.0,177.0,-0.0972090909090909,0.13050212765957428,-0.7349,-0.94,0.00314354066985649,2.0,4.0,0.0,0.0,0.0,20.0,14.0,2,0,1,semiconductor_electronics,2026-04-15
114.0,119.0,144.0,239.0,0.5131361344537814,0.4075319444444443,-0.9565,-0.9565,0.6543261344537814,12.0,14.0,1.0,1.0,1.0,0.0,42.0,3,0,0,semiconductor_electronics,2026-04-16
3.0,121.0,132.0,217.0,0.494988429752066,0.43906136363636344,-0.9565,-0.9565,0.7371759297520659,1.0,15.0,1.0,1.0,1.0,1.0,40.0,4,0,0,semiconductor_electronics,2026-04-17
0.0,117.0,129.0,216.0,0.5125247863247863,0.44927209302325566,-0.9565,-0.9565,0.6097338772338772,0.0,13.0,1.0,1.0,1.0,2.0,39.0,5,1,0,semiconductor_electronics,2026-04-18
1.0,4.0,129.0,217.0,-0.6012500000000001,0.45105658914728664,-0.9321,-0.9565,-1.1143861344537815,1.0,2.0,0.0,1.0,1.0,3.0,5.0,6,1,0,semiconductor_electronics,2026-04-19
2.0,3.0,125.0,217.0,-0.2366,0.4692655999999998,-0.7098,-0.9565,-0.731588429752066,0.0,1.0,0.0,1.0,1.0,4.0,5.0,0,0,1,semiconductor_electronics,2026-04-20
1.0,4.0,125.0,217.0,-0.30332499999999996,0.4694423999999998,-0.7098,-0.9565,-0.8158497863247862,0.0,1.0,0.0,1.0,1.0,5.0,5.0,1,0,1,semiconductor_electronics,2026-04-21
2.0,5.0,123.0,217.0,-0.10069999999999998,0.4776593495934957,-0.5035,-0.9565,0.50055,0.0,0.0,0.0,1.0,1.0,6.0,7.0,2,0,1,semiconductor_electronics,2026-04-22
56.0,59.0,65.0,209.0,-0.6172084745762713,-0.5972353846153848,-0.9741,-0.9741,-0.3806084745762712,22.0,22.0,1.0,1.0,2.0,0.0,78.0,3,0,0,semiconductor_electronics,2026-04-23
2.0,60.0,64.0,196.0,-0.6143883333333334,-0.5949468750000003,-0.9741,-0.9741,-0.31106333333333347,0.0,22.0,1.0,1.0,2.0,1.0,78.0,4,0,0,semiconductor_electronics,2026-04-24
3.0,61.0,67.0,196.0,-0.6258655737704918,-0.587926865671642,-0.9741,-0.9741,-0.5251655737704918,1.0,23.0,1.0,1.0,2.0,2.0,78.0,5,1,0,semiconductor_electronics,2026-04-25
0.0,5.0,66.0,195.0,-0.45319999999999966,-0.5860803030303032,-0.9515,-0.9741,0.1640084745762716,0.0,1.0,0.0,1.0,2.0,3.0,5.0,6,1,0,semiconductor_electronics,2026-04-26
2.0,5.0,66.0,191.0,-0.44966,-0.6002287878787882,-0.9338,-0.9741,0.16472833333333342,0.0,1.0,0.0,1.0,2.0,4.0,6.0,0,0,0,semiconductor_electronics,2026-04-27
5.0,7.0,70.0,195.0,-0.21097142857142856,-0.566494285714286,-0.9338,-0.9741,0.4148941451990632,0.0,0.0,0.0,1.0,2.0,5.0,4.0,1,0,0,semiconductor_electronics,2026-04-28
1.0,8.0,69.0,192.0,-0.2557375,-0.5829521739130437,-0.9338,-0.9741,0.19746249999999965,0.0,0.0,0.0,1.0,2.0,6.0,7.0,2,0,0,semiconductor_electronics,2026-04-29
55.0,61.0,68.0,133.0,-0.44585901639344266,-0.44701764705882374,-0.9734,-0.9734,0.00380098360655734,20.0,20.0,0.0,0.0,1.0,7.0,93.0,3,0,0,semiconductor_electronics,2026-04-30
1.0,57.0,67.0,131.0,-0.467621052631579,-0.4394880597014928,-0.9734,-0.9734,-0.25664962406015046,0.0,20.0,0.0,0.0,1.0,8.0,93.0,4,0,0,semiconductor_electronics,2026-05-01
0.0,56.0,64.0,131.0,-0.4658089285714286,-0.4395500000000002,-0.9734,-0.9734,-0.21007142857142858,0.0,20.0,0.0,0.0,1.0,9.0,91.0,5,1,0,semiconductor_electronics,2026-05-02
1.0,2.0,65.0,131.0,-0.3907,-0.444809230769231,-0.7814,-0.9734,0.05515901639344267,0.0,0.0,0.0,0.0,1.0,10.0,5.0,6,1,0,semiconductor_electronics,2026-05-03
2.0,3.0,65.0,131.0,-0.2604666666666667,-0.4304430769230772,-0.7814,-0.9734,0.2071543859649123,0.0,0.0,0.0,0.0,1.0,11.0,8.0,0,0,0,semiconductor_electronics,2026-05-04
1.0,4.0,61.0,131.0,0.042300000000000004,-0.4341836065573773,-0.7814,-0.9734,0.5081089285714286,0.0,0.0,0.0,0.0,1.0,12.0,7.0,1,0,0,semiconductor_electronics,2026-05-05
2.0,5.0,62.0,131.0,0.51586,-0.3917322580645164,0.0,-0.9734,0.90656,0.0,0.0,0.0,0.0,1.0,13.0,9.0,2,0,0,semiconductor_electronics,2026-05-06
64.0,67.0,71.0,139.0,0.03566865671641792,0.02265352112676037,-0.9741,-0.9741,0.29613532338308457,8.0,8.0,0.0,0.0,0.0,14.0,21.0,3,0,0,semiconductor_electronics,2026-05-07
1.0,67.0,71.0,138.0,0.02148059701492538,0.02265352112676037,-0.9741,-0.9741,-0.020819402985074623,0.0,8.0,0.0,0.0,0.0,15.0,23.0,4,0,0,semiconductor_electronics,2026-05-08
0.0,65.0,71.0,135.0,-0.0029153846153846053,0.02265352112676037,-0.9741,-0.9741,-0.5187753846153846,0.0,8.0,0.0,0.0,0.0,16.0,19.0,5,1,0,semiconductor_electronics,2026-05-09
0.0,1.0,70.0,135.0,0.0,0.0341399999999998,0.0,-0.9741,-0.03566865671641792,0.0,0.0,0.0,0.0,0.0,17.0,4.0,6,1,0,semiconductor_electronics,2026-05-10
0.0,0.0,68.0,133.0,,0.035144117647058624,,-0.9741,,0.0,0.0,0.0,0.0,0.0,18.0,1.0,0,0,0,semiconductor_electronics,2026-05-11
0.0,0.0,67.0,128.0,,0.02148059701492517,,-0.9741,,0.0,0.0,0.0,0.0,0.0,19.0,1.0,1,0,0,semiconductor_electronics,2026-05-12
1.0,1.0,66.0,128.0,0.0,-0.00287121212121233,0.0,-0.9741,0.0,1.0,1.0,0.0,0.0,0.0,20.0,0.0,2,0,0,semiconductor_electronics,2026-05-13
152.0,153.0,154.0,225.0,0.34614705882352936,0.3438993506493505,-0.9561,-0.9561,,12.0,13.0,0.0,0.0,0.0,21.0,7.0,3,0,0,semiconductor_electronics,2026-05-14
0.0,153.0,153.0,224.0,0.34614705882352936,0.3461470588235293,-0.9561,-0.9561,,0.0,13.0,0.0,0.0,0.0,22.0,7.0,4,0,0,semiconductor_electronics,2026-05-15
0.0,152.0,153.0,224.0,0.34842434210526313,0.3461470588235293,-0.9561,-0.9561,0.34842434210526313,0.0,12.0,0.0,0.0,0.0,23.0,7.0,5,1,0,semiconductor_electronics,2026-05-16
0.0,0.0,153.0,223.0,,0.3461470588235293,,-0.9561,,0.0,0.0,0.0,0.0,0.0,24.0,0.0,6,1,0,semiconductor_electronics,2026-05-17
0.0,0.0,153.0,221.0,,0.3461470588235293,,-0.9561,,0.0,0.0,0.0,0.0,0.0,25.0,0.0,0,0,0,semiconductor_electronics,2026-05-18
0.0,0.0,153.0,220.0,,0.3461470588235293,,-0.9561,,0.0,0.0,0.0,0.0,0.0,26.0,1.0,1,0,0,semiconductor_electronics,2026-05-19
0.0,0.0,152.0,218.0,,0.34842434210526313,,-0.9561,,0.0,0.0,0.0,0.0,0.0,27.0,1.0,2,0,0,semiconductor_electronics,2026-05-20
5.0,5.0,5.0,159.0,0.56486,0.56486,0.0,0.0,,0.0,0.0,0.0,0.0,0.0,28.0,1.0,3,0,0,semiconductor_electronics,2026-05-21
7.0,12.0,12.0,165.0,0.5982916666666667,0.5982916666666654,0.0,0.0,,0.0,0.0,0.0,0.0,0.0,29.0,0.0,4,0,0,semiconductor_electronics,2026-05-22
0.0,12.0,12.0,165.0,0.5982916666666667,0.5982916666666654,0.0,0.0,,0.0,0.0,0.0,0.0,0.0,30.0,1.0,5,1,0,semiconductor_electronics,2026-05-23
0.0,7.0,12.0,165.0,0.6221714285714286,0.5982916666666654,0.0,0.0,0.05731142857142857,0.0,0.0,0.0,0.0,0.0,31.0,2.0,6,1,0,semiconductor_electronics,2026-05-24
3.0,3.0,15.0,168.0,0.8184999999999999,0.6423333333333324,0.7762,0.0,0.22020833333333323,0.0,0.0,0.0,0.0,0.0,32.0,3.0,0,0,0,semiconductor_electronics,2026-05-25
5.0,8.0,20.0,173.0,0.6725125,0.6279799999999993,0.0,0.0,0.07422083333333329,0.0,0.0,0.0,0.0,0.0,33.0,2.0,1,0,0,semiconductor_electronics,2026-05-26
17.0,25.0,37.0,189.0,0.249076,0.36233513513513477,-0.9673,-0.9673,-0.37309542857142863,1.0,1.0,0.0,0.0,0.0,34.0,1.0,2,0,0,semiconductor_electronics,2026-05-27
6.0,28.0,38.0,43.0,0.2139142857142857,0.33684999999999965,-0.9673,-0.9673,-0.6045857142857142,0.0,1.0,0.0,0.0,0.0,35.0,0.0,3,0,0,semiconductor_electronics,2026-05-28
0.0,23.0,31.0,43.0,0.13326086956521738,0.27242258064516084,-0.9673,-0.9673,-0.5392516304347825,0.0,1.0,0.0,0.0,0.0,36.0,0.0,4,0,0,semiconductor_electronics,2026-05-29
1.0,7.0,32.0,44.0,0.44007142857142856,0.2908562499999996,0.0,-0.9673,0.19099542857142857,0.0,0.0,0.0,0.0,0.0,37.0,1.0,5,1,0,semiconductor_electronics,2026-05-30
2.0,3.0,34.0,46.0,0.2874333333333333,0.273747058823529,0.0,-0.9673,0.07351904761904762,0.0,0.0,0.0,0.0,0.0,38.0,1.0,6,1,0,semiconductor_electronics,2026-05-31
8.0,11.0,39.0,54.0,0.3132636363636363,0.24193589743589705,-0.9674,-0.9674,0.18000276679841892,0.0,0.0,0.0,0.0,0.0,39.0,2.0,0,0,0,semiconductor_electronics,2026-06-01
7.0,17.0,41.0,61.0,0.2509823529411765,0.199853658536585,-0.9674,-0.9674,-0.18908907563025207,0.0,0.0,0.0,0.0,0.0,40.0,2.0,1,0,0,semiconductor_electronics,2026-06-02
2.0,17.0,26.0,63.0,0.3071,0.3192769230769225,-0.9674,-0.9674,0.019666666666666666,0.0,0.0,0.0,0.0,0.0,41.0,2.0,2,0,0,semiconductor_electronics,2026-06-03
3.0,12.0,23.0,61.0,0.29775833333333335,0.30517391304347763,-0.9623,-0.9674,-0.015505303030302953,0.0,0.0,0.0,0.0,0.0,42.0,1.0,3,0,0,semiconductor_electronics,2026-06-04
5.0,10.0,28.0,59.0,0.06335999999999997,0.20580714285714236,-0.9724,-0.9724,-0.18762235294117652,0.0,0.0,0.0,0.0,0.0,43.0,0.0,4,0,0,semiconductor_electronics,2026-06-05
3.0,11.0,30.0,62.0,-0.11727272727272729,0.13102333333333285,-0.9724,-0.9724,-0.4243727272727273,0.0,0.0,0.0,0.0,0.0,44.0,0.0,5,1,0,semiconductor_electronics,2026-06-06
1.0,9.0,29.0,63.0,-0.24733333333333332,0.13554137931034432,-0.9724,-0.9724,-0.5450916666666666,0.0,0.0,0.0,0.0,0.0,45.0,0.0,6,1,0,semiconductor_electronics,2026-06-07
2.0,6.0,23.0,62.0,-0.1616,0.05856956521739067,-0.9696,-0.9724,-0.22495999999999997,0.0,0.0,0.0,0.0,0.0,46.0,0.0,0,0,0,semiconductor_electronics,2026-06-08
2.0,5.0,18.0,59.0,0.0,-0.018666666666667473,0.0,-0.9724,0.11727272727272729,0.0,0.0,0.0,0.0,0.0,47.0,0.0,1,0,0,semiconductor_electronics,2026-06-09
7.0,11.0,23.0,49.0,0.055400000000000005,-0.029591304347826714,0.0,-0.9724,0.3027333333333333,0.0,0.0,0.0,0.0,0.0,48.0,0.0,2,0,0,semiconductor_electronics,2026-06-10
1.0,10.0,21.0,44.0,0.15536,-0.032019047619048294,0.0,-0.9724,0.31696,0.0,0.0,0.0,0.0,0.0,49.0,0.0,3,0,0,semiconductor_electronics,2026-06-11
3.0,11.0,19.0,47.0,0.2879454545454545,0.11567368421052557,0.0,-0.9696,0.2879454545454545,0.0,0.0,0.0,0.0,0.0,50.0,0.0,4,0,0,semiconductor_electronics,2026-06-12
1.0,5.0,17.0,47.0,0.68604,0.23762352941176387,0.0,0.0,0.63064,0.0,0.0,0.0,0.0,0.0,51.0,0.0,5,1,0,semiconductor_electronics,2026-06-13
0.0,4.0,16.0,45.0,0.6214999999999999,0.2524749999999991,0.0,0.0,0.46613999999999994,0.0,0.0,0.0,0.0,0.0,52.0,0.0,6,1,0,semiconductor_electronics,2026-06-14
1.0,2.0,15.0,38.0,0.4361,0.26930666666666575,0.0,0.0,0.14815454545454548,0.0,0.0,0.0,0.0,0.0,53.0,0.0,0,0,0,semiconductor_electronics,2026-06-15
7.0,8.0,20.0,38.0,0.379775,0.35388999999999926,0.0,0.0,-0.306265,0.0,0.0,0.0,0.0,0.0,54.0,0.0,1,0,1,semiconductor_electronics,2026-06-16
24.0,32.0,37.0,60.0,0.2760125,0.3314216216216212,-0.8284,-0.8284,-0.34548749999999995,0.0,0.0,0.0,0.0,0.0,55.0,0.0,2,0,1,semiconductor_electronics,2026-06-17
48.0,79.0,84.0,105.0,0.3278177215189873,0.33789999999999976,-0.964,-0.964,-0.10828227848101268,0.0,0.0,0.0,0.0,0.0,56.0,0.0,3,0,1,semiconductor_electronics,2026-06-18
60.0,132.0,141.0,160.0,0.3845863636363636,0.38777163120567365,-0.9722,-0.9722,0.004811363636363641,0.0,0.0,1.0,1.0,1.0,0.0,1.0,4,0,1,semiconductor_electronics,2026-06-19
25.0,133.0,165.0,182.0,0.4112473684210526,0.38501999999999986,-0.9722,-0.9722,0.1352348684210526,0.0,0.0,1.0,1.0,1.0,1.0,1.0,5,1,1,semiconductor_electronics,2026-06-20
20.0,105.0,185.0,201.0,0.4209733333333333,0.37891783783783767,-0.9722,-0.9722,0.093155611814346,0.0,0.0,2.0,2.0,2.0,0.0,2.0,6,1,0,semiconductor_electronics,2026-06-21
90.0,135.0,274.0,289.0,0.35135481481481473,0.3694762773722627,-0.9721,-0.9722,-0.033231548821548884,0.0,0.0,1.0,2.0,2.0,1.0,1.0,0,0,1,semiconductor_electronics,2026-06-22
121.0,231.0,388.0,408.0,0.21887662337662336,0.2862128865979381,-0.9759,-0.9759,-0.19237074504442922,1.0,1.0,1.0,2.0,2.0,2.0,3.0,1,0,1,semiconductor_electronics,2026-06-23
11.0,222.0,375.0,412.0,0.19975315315315315,0.28163359999999993,-0.9759,-0.9759,-0.22122018018018016,0.0,1.0,0.0,2.0,2.0,3.0,3.0,2,0,1,semiconductor_electronics,2026-06-24
0.0,0.0,0.0,0.0,,,,,,0.0,0.0,0.0,0.0,0.0,999.0,0.0,2,0,1,european_auto,2025-01-01
3.0,3.0,3.0,3.0,0.245,0.245,0.0,0.0,,0.0,0.0,0.0,0.0,0.0,999.0,0.0,3,0,1,european_auto,2025-01-02
34.0,37.0,37.0,37.0,-0.0020513513513513624,-0.0020513513513513624,-0.9696,-0.9696,,0.0,0.0,1.0,1.0,1.0,0.0,1.0,4,0,1,european_auto,2025-01-03
0.0,37.0,37.0,37.0,-0.0020513513513513624,-0.0020513513513513624,-0.9696,-0.9696,,0.0,0.0,2.0,2.0,2.0,0.0,2.0,5,1,0,european_auto,2025-01-04
0.0,34.0,37.0,37.0,-0.02385000000000001,-0.0020513513513513624,-0.9696,-0.9696,-0.26885000000000003,0.0,0.0,2.0,2.0,2.0,1.0,2.0,6,1,0,european_auto,2025-01-05
0.0,0.0,37.0,37.0,,-0.0020513513513513624,,-0.9696,,0.0,0.0,1.0,2.0,2.0,2.0,1.0,0,0,0,european_auto,2025-01-06
0.0,0.0,37.0,37.0,,-0.0020513513513513624,,-0.9696,,0.0,0.0,0.0,2.0,2.0,3.0,0.0,1,0,0,european_auto,2025-01-07
0.0,0.0,37.0,37.0,,-0.0020513513513513624,,-0.9696,,0.0,0.0,0.0,2.0,2.0,4.0,0.0,2,0,0,european_auto,2025-01-08
7.0,7.0,41.0,44.0,0.053714285714285714,-0.010607317073170742,-0.5422,-0.9696,,1.0,1.0,0.0,2.0,2.0,5.0,0.0,3,0,0,european_auto,2025-01-09
34.0,41.0,41.0,78.0,0.327590243902439,0.327590243902439,-0.9613,-0.9613,,5.0,6.0,0.0,1.0,2.0,6.0,0.0,4,0,0,european_auto,2025-01-10
0.0,41.0,41.0,78.0,0.327590243902439,0.327590243902439,-0.9613,-0.9613,,0.0,6.0,0.0,0.0,2.0,7.0,0.0,5,1,0,european_auto,2025-01-11
0.0,34.0,41.0,78.0,0.38397647058823525,0.327590243902439,-0.9613,-0.9613,0.33026218487394954,0.0,5.0,0.0,0.0,2.0,8.0,0.0,6,1,0,european_auto,2025-01-12
0.0,0.0,41.0,78.0,,0.327590243902439,,-0.9613,,0.0,0.0,0.0,0.0,2.0,9.0,0.0,0,0,0,european_auto,2025-01-13
0.0,0.0,41.0,78.0,,0.327590243902439,,-0.9613,,0.0,0.0,0.0,0.0,2.0,10.0,0.0,1,0,0,european_auto,2025-01-14
0.0,0.0,41.0,78.0,,0.327590243902439,,-0.9613,,0.0,0.0,0.0,0.0,2.0,11.0,0.0,2,0,0,european_auto,2025-01-15
4.0,4.0,38.0,79.0,-0.325575,0.30928684210526314,-0.7924,-0.9613,,1.0,1.0,0.0,0.0,2.0,12.0,1.0,3,0,0,european_auto,2025-01-16
28.0,32.0,32.0,73.0,-0.09674062500000001,-0.09674062500000001,-0.9755,-0.9755,,1.0,2.0,0.0,0.0,1.0,13.0,1.0,4,0,0,european_auto,2025-01-17
0.0,32.0,32.0,73.0,-0.09674062500000001,-0.09674062500000001,-0.9755,-0.9755,,0.0,2.0,0.0,0.0,0.0,14.0,1.0,5,1,0,european_auto,2025-01-18
0.0,28.0,32.0,73.0,-0.06405000000000001,-0.09674062500000001,-0.9755,-0.9755,0.261525,0.0,1.0,0.0,0.0,0.0,15.0,0.0,6,1,0,european_auto,2025-01-19
0.0,0.0,32.0,73.0,,-0.09674062500000001,,-0.9755,,0.0,0.0,0.0,0.0,0.0,16.0,0.0,0,0,0,european_auto,2025-01-20
0.0,0.0,32.0,73.0,,-0.09674062500000001,,-0.9755,,0.0,0.0,0.0,0.0,0.0,17.0,0.0,1,0,0,european_auto,2025-01-21
0.0,0.0,32.0,73.0,,-0.09674062500000001,,-0.9755,,0.0,0.0,0.0,0.0,0.0,18.0,0.0,2,0,0,european_auto,2025-01-22
7.0,7.0,35.0,73.0,0.10692857142857144,-0.02985428571428572,-0.9713,-0.9755,,1.0,1.0,0.0,0.0,0.0,19.0,0.0,3,0,0,european_auto,2025-01-23
23.0,30.0,30.0,62.0,0.24880999999999995,0.24880999999999995,-0.9713,-0.9713,,1.0,2.0,0.0,0.0,0.0,20.0,0.0,4,0,0,european_auto,2025-01-24
1.0,31.0,31.0,63.0,0.27053870967741933,0.27053870967741933,-0.9713,-0.9713,,0.0,2.0,0.0,0.0,0.0,21.0,0.0,5,1,0,european_auto,2025-01-25
0.0,24.0,31.0,63.0,0.3182583333333333,0.27053870967741933,-0.9254,-0.9713,0.21132976190476188,0.0,1.0,0.0,0.0,0.0,22.0,0.0,6,1,0,european_auto,2025-01-26
0.0,1.0,31.0,63.0,0.9224,0.27053870967741933,0.9224,-0.9713,0.67359,0.0,0.0,0.0,0.0,0.0,23.0,0.0,0,0,0,european_auto,2025-01-27
0.0,0.0,31.0,63.0,,0.27053870967741933,,-0.9713,,0.0,0.0,0.0,0.0,0.0,24.0,0.0,1,0,0,european_auto,2025-01-28
0.0,0.0,31.0,63.0,,0.27053870967741933,,-0.9713,,0.0,0.0,0.0,0.0,0.0,25.0,0.0,2,0,0,european_auto,2025-01-29
13.0,13.0,37.0,72.0,-0.15266923076923078,0.15279729729729727,-0.9745,-0.9745,-1.0750692307692309,0.0,0.0,0.0,0.0,0.0,26.0,0.0,3,0,0,european_auto,2025-01-30
19.0,32.0,33.0,63.0,-0.091925,-0.06118787878787878,-0.9745,-0.9745,,1.0,1.0,0.0,0.0,0.0,27.0,1.0,4,0,0,european_auto,2025-01-31
0.0,32.0,32.0,63.0,-0.091925,-0.09192499999999999,-0.9745,-0.9745,,0.0,1.0,0.0,0.0,0.0,28.0,1.0,5,1,0,european_auto,2025-02-01
0.0,19.0,32.0,63.0,-0.05036315789473683,-0.09192499999999999,-0.9723,-0.9745,0.10230607287449395,0.0,1.0,0.0,0.0,0.0,29.0,1.0,6,1,0,european_auto,2025-02-02
0.0,0.0,32.0,63.0,,-0.09192499999999999,,-0.9745,,0.0,0.0,0.0,0.0,0.0,30.0,0.0,0,0,0,european_auto,2025-02-03
0.0,0.0,32.0,63.0,,-0.09192499999999999,,-0.9745,,0.0,0.0,0.0,0.0,0.0,31.0,0.0,1,0,1,european_auto,2025-02-04
0.0,0.0,32.0,63.0,,-0.09192499999999999,,-0.9745,,0.0,0.0,0.0,0.0,0.0,32.0,0.0,2,0,1,european_auto,2025-02-05
10.0,10.0,29.0,66.0,0.025999999999999995,-0.024031034482758614,-0.9532,-0.9723,,0.0,0.0,0.0,0.0,0.0,33.0,0.0,3,0,1,european_auto,2025-02-06
36.0,46.0,46.0,79.0,-0.25410652173913045,-0.25410652173913045,-0.9758,-0.9758,,6.0,6.0,2.0,2.0,2.0,0.0,2.0,4,0,0,european_auto,2025-02-07
0.0,46.0,46.0,78.0,-0.25410652173913045,-0.25410652173913045,-0.9758,-0.9758,,0.0,6.0,2.0,2.0,2.0,1.0,2.0,5,1,0,european_auto,2025-02-08
0.0,36.0,46.0,78.0,-0.3319138888888889,-0.25410652173913045,-0.9758,-0.9758,-0.35791388888888886,0.0,6.0,2.0,2.0,2.0,2.0,2.0,6,1,0,european_auto,2025-02-09
0.0,0.0,46.0,78.0,,-0.25410652173913045,,-0.9758,,0.0,0.0,0.0,2.0,2.0,3.0,0.0,0,0,0,european_auto,2025-02-10
0.0,0.0,46.0,78.0,,-0.25410652173913045,,-0.9758,,0.0,0.0,0.0,2.0,2.0,4.0,0.0,1,0,0,european_auto,2025-02-11
0.0,0.0,46.0,78.0,,-0.25410652173913045,,-0.9758,,0.0,0.0,0.0,2.0,2.0,5.0,0.0,2,0,0,european_auto,2025-02-12
4.0,4.0,40.0,69.0,-0.571175,-0.35584,-0.8947,-0.9758,,0.0,0.0,0.0,2.0,2.0,6.0,0.0,3,0,0,european_auto,2025-02-13
23.0,27.0,27.0,73.0,-0.5843888888888888,-0.5843888888888888,-0.9673,-0.9673,,3.0,3.0,0.0,0.0,2.0,7.0,1.0,4,0,0,european_auto,2025-02-14
0.0,27.0,27.0,73.0,-0.5843888888888888,-0.5843888888888888,-0.9673,-0.9673,,0.0,3.0,0.0,0.0,2.0,8.0,1.0,5,1,0,european_auto,2025-02-15
0.0,23.0,27.0,73.0,-0.5866869565217391,-0.5843888888888888,-0.9673,-0.9673,-0.01551195652173909,0.0,3.0,0.0,0.0,2.0,9.0,1.0,6,1,0,european_auto,2025-02-16
0.0,0.0,27.0,73.0,,-0.5843888888888888,,-0.9673,,0.0,0.0,0.0,0.0,2.0,10.0,0.0,0,0,0,european_auto,2025-02-17
0.0,0.0,27.0,73.0,,-0.5843888888888888,,-0.9673,,0.0,0.0,0.0,0.0,2.0,11.0,0.0,1,0,0,european_auto,2025-02-18
0.0,0.0,27.0,73.0,,-0.5843888888888888,,-0.9673,,0.0,0.0,0.0,0.0,2.0,12.0,0.0,2,0,0,european_auto,2025-02-19
5.0,5.0,28.0,68.0,0.04954000000000001,-0.473075,-0.6846,-0.9673,,1.0,1.0,0.0,0.0,2.0,13.0,0.0,3,0,0,european_auto,2025-02-20
31.0,36.0,36.0,63.0,0.17556388888888885,0.1755638888888889,-0.9735,-0.9735,,0.0,1.0,0.0,0.0,0.0,14.0,0.0,4,0,0,european_auto,2025-02-21
0.0,36.0,36.0,63.0,0.17556388888888885,0.1755638888888889,-0.9735,-0.9735,,0.0,1.0,0.0,0.0,0.0,15.0,0.0,5,1,0,european_auto,2025-02-22
0.0,31.0,36.0,63.0,0.19589032258064518,0.1755638888888889,-0.9735,-0.9735,0.14635032258064518,0.0,0.0,0.0,0.0,0.0,16.0,0.0,6,1,0,european_auto,2025-02-23
0.0,0.0,36.0,63.0,,0.1755638888888889,,-0.9735,,0.0,0.0,0.0,0.0,0.0,17.0,0.0,0,0,0,european_auto,2025-02-24
0.0,0.0,36.0,63.0,,0.1755638888888889,,-0.9735,,0.0,0.0,0.0,0.0,0.0,18.0,0.0,1,0,0,european_auto,2025-02-25
0.0,0.0,36.0,63.0,,0.1755638888888889,,-0.9735,,0.0,0.0,0.0,0.0,0.0,19.0,0.0,2,0,0,european_auto,2025-02-26
1.0,1.0,32.0,60.0,0.9408,0.21916875000000002,0.9408,-0.9735,,0.0,0.0,0.0,0.0,0.0,20.0,0.0,3,0,0,european_auto,2025-02-27
24.0,25.0,25.0,61.0,0.48924399999999985,0.4892439999999999,0.0,0.0,,0.0,0.0,0.0,0.0,0.0,21.0,0.0,4,0,0,european_auto,2025-02-28
0.0,25.0,25.0,61.0,0.48924399999999985,0.4892439999999999,0.0,0.0,,0.0,0.0,0.0,0.0,0.0,22.0,0.0,5,1,0,european_auto,2025-03-01
0.0,24.0,25.0,61.0,0.4704291666666666,0.4892439999999999,0.0,0.0,-0.47037083333333335,0.0,0.0,0.0,0.0,0.0,23.0,0.0,6,1,0,european_auto,2025-03-02
0.0,0.0,25.0,61.0,,0.4892439999999999,,0.0,,0.0,0.0,0.0,0.0,0.0,24.0,0.0,0,0,0,european_auto,2025-03-03
0.0,0.0,25.0,61.0,,0.4892439999999999,,0.0,,0.0,0.0,0.0,0.0,0.0,25.0,0.0,1,0,0,european_auto,2025-03-04
0.0,0.0,25.0,61.0,,0.4892439999999999,,0.0,,0.0,0.0,0.0,0.0,0.0,26.0,0.0,2,0,0,european_auto,2025-03-05
119.0,119.0,143.0,175.0,0.3648235294117646,0.3825475524475524,-0.9728,-0.9728,,3.0,3.0,0.0,0.0,0.0,27.0,0.0,3,0,0,european_auto,2025-03-06
0.0,119.0,119.0,144.0,0.3648235294117646,0.3648235294117646,-0.9728,-0.9728,,0.0,3.0,0.0,0.0,0.0,28.0,0.0,4,0,0,european_auto,2025-03-07
0.0,119.0,119.0,144.0,0.3648235294117646,0.3648235294117646,-0.9728,-0.9728,,0.0,3.0,0.0,0.0,0.0,29.0,0.0,5,1,0,european_auto,2025-03-08
0.0,0.0,119.0,144.0,,0.3648235294117646,,-0.9728,,0.0,0.0,0.0,0.0,0.0,30.0,0.0,6,1,0,european_auto,2025-03-09
0.0,0.0,119.0,144.0,,0.3648235294117646,,-0.9728,,0.0,0.0,0.0,0.0,0.0,31.0,0.0,0,0,0,european_auto,2025-03-10
0.0,0.0,119.0,144.0,,0.3648235294117646,,-0.9728,,0.0,0.0,0.0,0.0,0.0,32.0,0.0,1,0,0,european_auto,2025-03-11
0.0,0.0,119.0,144.0,,0.3648235294117646,,-0.9728,,0.0,0.0,0.0,0.0,0.0,33.0,0.0,2,0,0,european_auto,2025-03-12
51.0,51.0,51.0,194.0,0.1301980392156863,0.1301980392156863,-0.9627,-0.9627,,2.0,2.0,0.0,0.0,0.0,34.0,0.0,3,0,0,european_auto,2025-03-13
0.0,51.0,51.0,170.0,0.1301980392156863,0.1301980392156863,-0.9627,-0.9627,,0.0,2.0,0.0,0.0,0.0,35.0,0.0,4,0,0,european_auto,2025-03-14
0.0,51.0,51.0,170.0,0.1301980392156863,0.1301980392156863,-0.9627,-0.9627,,0.0,2.0,0.0,0.0,0.0,36.0,0.0,5,1,0,european_auto,2025-03-15
0.0,0.0,51.0,170.0,,0.1301980392156863,,-0.9627,,0.0,0.0,0.0,0.0,0.0,37.0,0.0,6,1,0,european_auto,2025-03-16
0.0,0.0,51.0,170.0,,0.1301980392156863,,-0.9627,,0.0,0.0,0.0,0.0,0.0,38.0,0.0,0,0,0,european_auto,2025-03-17
0.0,0.0,51.0,170.0,,0.1301980392156863,,-0.9627,,0.0,0.0,0.0,0.0,0.0,39.0,0.0,1,0,0,european_auto,2025-03-18
0.0,0.0,51.0,170.0,,0.1301980392156863,,-0.9627,,0.0,0.0,0.0,0.0,0.0,40.0,0.0,2,0,0,european_auto,2025-03-19
21.0,21.0,21.0,72.0,0.3567714285714286,0.3567714285714286,-0.955,-0.955,,0.0,0.0,0.0,0.0,0.0,41.0,0.0,3,0,0,european_auto,2025-03-20
0.0,21.0,21.0,72.0,0.3567714285714286,0.3567714285714286,-0.955,-0.955,,0.0,0.0,0.0,0.0,0.0,42.0,0.0,4,0,0,european_auto,2025-03-21
0.0,21.0,21.0,72.0,0.3567714285714286,0.3567714285714286,-0.955,-0.955,,0.0,0.0,0.0,0.0,0.0,43.0,0.0,5,1,0,european_auto,2025-03-22
0.0,0.0,21.0,72.0,,0.3567714285714286,,-0.955,,0.0,0.0,0.0,0.0,0.0,44.0,0.0,6,1,0,european_auto,2025-03-23
0.0,0.0,21.0,72.0,,0.3567714285714286,,-0.955,,0.0,0.0,0.0,0.0,0.0,45.0,0.0,0,0,0,european_auto,2025-03-24
0.0,0.0,21.0,72.0,,0.3567714285714286,,-0.955,,0.0,0.0,0.0,0.0,0.0,46.0,0.0,1,0,0,european_auto,2025-03-25
0.0,0.0,21.0,72.0,,0.3567714285714286,,-0.955,,0.0,0.0,0.0,0.0,0.0,47.0,0.0,2,0,0,european_auto,2025-03-26
61.0,61.0,61.0,82.0,0.20489344262295078,0.20489344262295078,-0.9707,-0.9707,,1.0,1.0,0.0,0.0,0.0,48.0,0.0,3,0,0,european_auto,2025-03-27
0.0,61.0,61.0,82.0,0.20489344262295078,0.20489344262295078,-0.9707,-0.9707,,0.0,1.0,0.0,0.0,0.0,49.0,0.0,4,0,0,european_auto,2025-03-28
0.0,61.0,61.0,82.0,0.20489344262295078,0.20489344262295078,-0.9707,-0.9707,,0.0,1.0,0.0,0.0,0.0,50.0,0.0,5,1,0,european_auto,2025-03-29
0.0,0.0,61.0,82.0,,0.20489344262295078,,-0.9707,,0.0,0.0,0.0,0.0,0.0,51.0,0.0,6,1,0,european_auto,2025-03-30
0.0,0.0,61.0,82.0,,0.20489344262295078,,-0.9707,,0.0,0.0,0.0,0.0,0.0,52.0,0.0,0,0,0,european_auto,2025-03-31
0.0,0.0,61.0,82.0,,0.20489344262295078,,-0.9707,,0.0,0.0,0.0,0.0,0.0,53.0,0.0,1,0,0,european_auto,2025-04-01
0.0,0.0,61.0,82.0,,0.20489344262295078,,-0.9707,,0.0,0.0,0.0,0.0,0.0,54.0,0.0,2,0,0,european_auto,2025-04-02
65.0,65.0,65.0,126.0,0.1634938461538461,0.1634938461538461,-0.9669,-0.9669,,3.0,3.0,0.0,0.0,0.0,55.0,0.0,3,0,0,european_auto,2025-04-03
0.0,65.0,65.0,126.0,0.1634938461538461,0.1634938461538461,-0.9669,-0.9669,,0.0,3.0,0.0,0.0,0.0,56.0,0.0,4,0,0,european_auto,2025-04-04
0.0,65.0,65.0,126.0,0.1634938461538461,0.1634938461538461,-0.9669,-0.9669,,0.0,3.0,0.0,0.0,0.0,57.0,0.0,5,1,0,european_auto,2025-04-05
0.0,0.0,65.0,126.0,,0.1634938461538461,,-0.9669,,0.0,0.0,0.0,0.0,0.0,58.0,0.0,6,1,0,european_auto,2025-04-06
0.0,0.0,65.0,126.0,,0.1634938461538461,,-0.9669,,0.0,0.0,0.0,0.0,0.0,59.0,0.0,0,0,0,european_auto,2025-04-07
0.0,0.0,65.0,126.0,,0.1634938461538461,,-0.9669,,0.0,0.0,0.0,0.0,0.0,60.0,0.0,1,0,0,european_auto,2025-04-08
0.0,0.0,65.0,126.0,,0.1634938461538461,,-0.9669,,0.0,0.0,0.0,0.0,0.0,61.0,0.0,2,0,0,european_auto,2025-04-09
19.0,19.0,19.0,84.0,0.42608421052631584,0.42608421052631584,-0.8721,-0.8721,,1.0,1.0,0.0,0.0,0.0,62.0,0.0,3,0,0,european_auto,2025-04-10
0.0,19.0,19.0,84.0,0.42608421052631584,0.42608421052631584,-0.8721,-0.8721,,0.0,1.0,0.0,0.0,0.0,63.0,0.0,4,0,0,european_auto,2025-04-11
0.0,19.0,19.0,84.0,0.42608421052631584,0.42608421052631584,-0.8721,-0.8721,,0.0,1.0,0.0,0.0,0.0,64.0,0.0,5,1,0,european_auto,2025-04-12
0.0,0.0,19.0,84.0,,0.42608421052631584,,-0.8721,,0.0,0.0,0.0,0.0,0.0,65.0,0.0,6,1,0,european_auto,2025-04-13
0.0,0.0,19.0,84.0,,0.42608421052631584,,-0.8721,,0.0,0.0,0.0,0.0,0.0,66.0,0.0,0,0,0,european_auto,2025-04-14
0.0,0.0,19.0,84.0,,0.42608421052631584,,-0.8721,,0.0,0.0,0.0,0.0,0.0,67.0,0.0,1,0,0,european_auto,2025-04-15
0.0,0.0,19.0,84.0,,0.42608421052631584,,-0.8721,,0.0,0.0,0.0,0.0,0.0,68.0,0.0,2,0,0,european_auto,2025-04-16
31.0,31.0,31.0,50.0,-0.33592580645161296,-0.33592580645161296,-0.9757,-0.9757,,2.0,2.0,0.0,0.0,0.0,69.0,2.0,3,0,0,european_auto,2025-04-17
0.0,31.0,31.0,50.0,-0.33592580645161296,-0.33592580645161296,-0.9757,-0.9757,,0.0,2.0,0.0,0.0,0.0,70.0,2.0,4,0,0,european_auto,2025-04-18
0.0,31.0,31.0,50.0,-0.33592580645161296,-0.33592580645161296,-0.9757,-0.9757,,0.0,2.0,0.0,0.0,0.0,71.0,2.0,5,1,0,european_auto,2025-04-19
0.0,0.0,31.0,50.0,,-0.33592580645161296,,-0.9757,,0.0,0.0,0.0,0.0,0.0,72.0,0.0,6,1,0,european_auto,2025-04-20
0.0,0.0,31.0,50.0,,-0.33592580645161296,,-0.9757,,0.0,0.0,0.0,0.0,0.0,73.0,0.0,0,0,1,european_auto,2025-04-21
0.0,0.0,31.0,50.0,,-0.33592580645161296,,-0.9757,,0.0,0.0,0.0,0.0,0.0,74.0,0.0,1,0,1,european_auto,2025-04-22
0.0,0.0,31.0,50.0,,-0.33592580645161296,,-0.9757,,0.0,0.0,0.0,0.0,0.0,75.0,0.0,2,0,1,european_auto,2025-04-23
57.0,57.0,57.0,88.0,-0.08593157894736841,-0.08593157894736841,-0.9748,-0.9748,,4.0,4.0,1.0,1.0,1.0,0.0,2.0,3,0,0,european_auto,2025-04-24
0.0,57.0,57.0,88.0,-0.08593157894736841,-0.08593157894736841,-0.9748,-0.9748,,0.0,4.0,1.0,1.0,1.0,1.0,2.0,4,0,0,european_auto,2025-04-25
0.0,57.0,57.0,88.0,-0.08593157894736841,-0.08593157894736841,-0.9748,-0.9748,,0.0,4.0,1.0,1.0,1.0,2.0,2.0,5,1,0,european_auto,2025-04-26
0.0,0.0,57.0,88.0,,-0.08593157894736841,,-0.9748,,0.0,0.0,0.0,1.0,1.0,3.0,0.0,6,1,0,european_auto,2025-04-27
0.0,0.0,57.0,88.0,,-0.08593157894736841,,-0.9748,,0.0,0.0,0.0,1.0,1.0,4.0,0.0,0,0,0,european_auto,2025-04-28
0.0,0.0,57.0,88.0,,-0.08593157894736841,,-0.9748,,0.0,0.0,0.0,1.0,1.0,5.0,0.0,1,0,0,european_auto,2025-04-29
0.0,0.0,57.0,88.0,,-0.08593157894736841,,-0.9748,,0.0,0.0,0.0,1.0,1.0,6.0,0.0,2,0,0,european_auto,2025-04-30
44.0,44.0,44.0,101.0,0.23643636363636364,0.23643636363636364,-0.9533,-0.9533,,3.0,3.0,0.0,0.0,1.0,7.0,0.0,3,0,0,european_auto,2025-05-01
0.0,44.0,44.0,101.0,0.23643636363636364,0.23643636363636364,-0.9533,-0.9533,,0.0,3.0,0.0,0.0,1.0,8.0,0.0,4,0,0,european_auto,2025-05-02
0.0,44.0,44.0,101.0,0.23643636363636364,0.23643636363636364,-0.9533,-0.9533,,0.0,3.0,0.0,0.0,1.0,9.0,0.0,5,1,0,european_auto,2025-05-03
0.0,0.0,44.0,101.0,,0.23643636363636364,,-0.9533,,0.0,0.0,0.0,0.0,1.0,10.0,0.0,6,1,0,european_auto,2025-05-04
0.0,0.0,44.0,101.0,,0.23643636363636364,,-0.9533,,0.0,0.0,0.0,0.0,1.0,11.0,0.0,0,0,1,european_auto,2025-05-05
0.0,0.0,44.0,101.0,,0.23643636363636364,,-0.9533,,0.0,0.0,0.0,0.0,1.0,12.0,0.0,1,0,1,european_auto,2025-05-06
0.0,0.0,44.0,101.0,,0.23643636363636364,,-0.9533,,0.0,0.0,0.0,0.0,1.0,13.0,0.0,2,0,1,european_auto,2025-05-07
34.0,34.0,34.0,78.0,-0.29607058823529414,-0.29607058823529414,-0.9722,-0.9722,,6.0,6.0,2.0,2.0,2.0,0.0,2.0,3,0,0,european_auto,2025-05-08
0.0,34.0,34.0,78.0,-0.29607058823529414,-0.29607058823529414,-0.9722,-0.9722,,0.0,6.0,2.0,2.0,2.0,1.0,2.0,4,0,0,european_auto,2025-05-09
0.0,34.0,34.0,78.0,-0.29607058823529414,-0.29607058823529414,-0.9722,-0.9722,,0.0,6.0,2.0,2.0,2.0,2.0,2.0,5,1,0,european_auto,2025-05-10
0.0,0.0,34.0,78.0,,-0.29607058823529414,,-0.9722,,0.0,0.0,0.0,2.0,2.0,3.0,0.0,6,1,0,european_auto,2025-05-11
0.0,0.0,34.0,78.0,,-0.29607058823529414,,-0.9722,,0.0,0.0,0.0,2.0,2.0,4.0,0.0,0,0,0,european_auto,2025-05-12
0.0,0.0,34.0,78.0,,-0.29607058823529414,,-0.9722,,0.0,0.0,0.0,2.0,2.0,5.0,0.0,1,0,0,european_auto,2025-05-13
0.0,0.0,34.0,78.0,,-0.29607058823529414,,-0.9722,,0.0,0.0,0.0,2.0,2.0,6.0,0.0,2,0,0,european_auto,2025-05-14
0.0,0.0,0.0,34.0,,,,,,0.0,0.0,0.0,0.0,2.0,7.0,0.0,3,0,0,european_auto,2025-05-15
0.0,0.0,0.0,34.0,,,,,,0.0,0.0,0.0,0.0,2.0,8.0,0.0,4,0,0,european_auto,2025-05-16
0.0,0.0,0.0,34.0,,,,,,0.0,0.0,0.0,0.0,2.0,9.0,0.0,5,1,0,european_auto,2025-05-17
0.0,0.0,0.0,34.0,,,,,,0.0,0.0,0.0,0.0,2.0,10.0,0.0,6,1,0,european_auto,2025-05-18
0.0,0.0,0.0,34.0,,,,,,0.0,0.0,0.0,0.0,2.0,11.0,0.0,0,0,0,european_auto,2025-05-19
0.0,0.0,0.0,34.0,,,,,,0.0,0.0,0.0,0.0,2.0,12.0,0.0,1,0,0,european_auto,2025-05-20
0.0,0.0,0.0,34.0,,,,,,0.0,0.0,0.0,0.0,2.0,13.0,0.0,2,0,0,european_auto,2025-05-21
0.0,0.0,0.0,0.0,,,,,,0.0,0.0,0.0,0.0,0.0,14.0,0.0,3,0,0,european_auto,2025-05-22
0.0,0.0,0.0,0.0,,,,,,0.0,0.0,0.0,0.0,0.0,15.0,0.0,4,0,0,european_auto,2025-05-23
0.0,0.0,0.0,0.0,,,,,,0.0,0.0,0.0,0.0,0.0,16.0,0.0,5,1,0,european_auto,2025-05-24
0.0,0.0,0.0,0.0,,,,,,0.0,0.0,0.0,0.0,0.0,17.0,0.0,6,1,0,european_auto,2025-05-25
0.0,0.0,0.0,0.0,,,,,,0.0,0.0,0.0,0.0,0.0,18.0,0.0,0,0,0,european_auto,2025-05-26
1.0,1.0,1.0,1.0,-0.7349,-0.7349,-0.7349,-0.7349,,0.0,0.0,0.0,0.0,0.0,19.0,0.0,1,0,0,european_auto,2025-05-27
0.0,1.0,1.0,1.0,-0.7349,-0.7349,-0.7349,-0.7349,,0.0,0.0,0.0,0.0,0.0,20.0,0.0,2,0,0,european_auto,2025-05-28
0.0,1.0,1.0,1.0,-0.7349,-0.7349,-0.7349,-0.7349,,0.0,0.0,0.0,0.0,0.0,21.0,0.0,3,0,0,european_auto,2025-05-29
0.0,0.0,1.0,1.0,,-0.7349,,-0.7349,,0.0,0.0,0.0,0.0,0.0,22.0,0.0,4,0,0,european_auto,2025-05-30
0.0,0.0,1.0,1.0,,-0.7349,,-0.7349,,0.0,0.0,0.0,0.0,0.0,23.0,0.0,5,1,0,european_auto,2025-05-31
0.0,0.0,1.0,1.0,,-0.7349,,-0.7349,,0.0,0.0,0.0,0.0,0.0,24.0,0.0,6,1,0,european_auto,2025-06-01
0.0,0.0,1.0,1.0,,-0.7349,,-0.7349,,0.0,0.0,0.0,0.0,0.0,25.0,0.0,0,0,0,european_auto,2025-06-02
0.0,0.0,0.0,1.0,,,,,,0.0,0.0,0.0,0.0,0.0,26.0,0.0,1,0,0,european_auto,2025-06-03
0.0,0.0,0.0,1.0,,,,,,0.0,0.0,0.0,0.0,0.0,27.0,0.0,2,0,0,european_auto,2025-06-04
0.0,0.0,0.0,1.0,,,,,,0.0,0.0,0.0,0.0,0.0,28.0,0.0,3,0,0,european_auto,2025-06-05
0.0,0.0,0.0,1.0,,,,,,0.0,0.0,0.0,0.0,0.0,29.0,0.0,4,0,0,european_auto,2025-06-06
0.0,0.0,0.0,1.0,,,,,,0.0,0.0,0.0,0.0,0.0,30.0,0.0,5,1,0,european_auto,2025-06-07
0.0,0.0,0.0,1.0,,,,,,0.0,0.0,0.0,0.0,0.0,31.0,0.0,6,1,0,european_auto,2025-06-08
0.0,0.0,0.0,1.0,,,,,,0.0,0.0,0.0,0.0,0.0,32.0,0.0,0,0,0,european_auto,2025-06-09
0.0,0.0,0.0,0.0,,,,,,0.0,0.0,0.0,0.0,0.0,33.0,0.0,1,0,0,european_auto,2025-06-10
1.0,1.0,1.0,1.0,0.9604,0.9604,0.9604,0.9604,,0.0,0.0,0.0,0.0,0.0,34.0,0.0,2,0,0,european_auto,2025-06-11
56.0,57.0,57.0,57.0,0.29094035087719305,0.29094035087719305,-0.9731,-0.9731,,3.0,3.0,0.0,0.0,0.0,35.0,1.0,3,0,0,european_auto,2025-06-12
0.0,57.0,57.0,57.0,0.29094035087719305,0.29094035087719305,-0.9731,-0.9731,,0.0,3.0,0.0,0.0,0.0,36.0,1.0,4,0,0,european_auto,2025-06-13
0.0,56.0,57.0,57.0,0.27898571428571434,0.29094035087719305,-0.9731,-0.9731,-0.6814142857142858,0.0,3.0,0.0,0.0,0.0,37.0,1.0,5,1,0,european_auto,2025-06-14
0.0,0.0,57.0,57.0,,0.29094035087719305,,-0.9731,,0.0,0.0,0.0,0.0,0.0,38.0,0.0,6,1,0,european_auto,2025-06-15
1.0,1.0,58.0,58.0,0.0,0.28592413793103455,0.0,-0.9731,-0.29094035087719305,0.0,0.0,0.0,0.0,0.0,39.0,0.0,0,0,0,european_auto,2025-06-16
1.0,2.0,59.0,59.0,-0.48445,0.2646559322033899,-0.9689,-0.9731,-0.7634357142857143,1.0,1.0,0.0,0.0,0.0,40.0,1.0,1,0,0,european_auto,2025-06-17
0.0,2.0,58.0,59.0,-0.48445,0.25266034482758626,-0.9689,-0.9731,,0.0,1.0,0.0,0.0,0.0,41.0,2.0,2,0,0,european_auto,2025-06-18
22.0,23.0,24.0,81.0,-0.6298521739130436,-0.6036083333333334,-0.9721,-0.9721,-0.6298521739130436,1.0,2.0,0.0,0.0,0.0,42.0,7.0,3,0,0,european_auto,2025-06-19
0.0,22.0,24.0,81.0,-0.6144409090909092,-0.6036083333333334,-0.9721,-0.9721,-0.1299909090909092,0.0,1.0,0.0,0.0,0.0,43.0,6.0,4,0,0,european_auto,2025-06-20
0.0,22.0,24.0,81.0,-0.6144409090909092,-0.6036083333333334,-0.9721,-0.9721,-0.1299909090909092,0.0,1.0,0.0,0.0,0.0,44.0,5.0,5,1,0,european_auto,2025-06-21
0.0,0.0,24.0,81.0,,-0.6036083333333334,,-0.9721,,0.0,0.0,0.0,0.0,0.0,45.0,0.0,6,1,0,european_auto,2025-06-22
0.0,0.0,23.0,81.0,,-0.6298521739130436,,-0.9721,,0.0,0.0,0.0,0.0,0.0,46.0,0.0,0,0,0,european_auto,2025-06-23
1.0,1.0,23.0,82.0,0.0,-0.5877260869565218,0.0,-0.9721,0.6144409090909092,0.0,0.0,0.0,0.0,0.0,47.0,0.0,1,0,0,european_auto,2025-06-24
0.0,1.0,23.0,81.0,0.0,-0.5877260869565218,0.0,-0.9721,,0.0,0.0,0.0,0.0,0.0,48.0,0.0,2,0,0,european_auto,2025-06-25
34.0,35.0,35.0,59.0,-0.03817999999999999,-0.03817999999999999,-0.972,-0.972,,0.0,0.0,0.0,0.0,0.0,49.0,2.0,3,0,0,european_auto,2025-06-26
0.0,34.0,35.0,59.0,-0.039302941176470575,-0.03817999999999999,-0.972,-0.972,-0.039302941176470575,0.0,0.0,0.0,0.0,0.0,50.0,2.0,4,0,0,european_auto,2025-06-27
0.0,34.0,35.0,59.0,-0.039302941176470575,-0.03817999999999999,-0.972,-0.972,-0.039302941176470575,0.0,0.0,0.0,0.0,0.0,51.0,2.0,5,1,0,european_auto,2025-06-28
0.0,0.0,35.0,59.0,,-0.03817999999999999,,-0.972,,0.0,0.0,0.0,0.0,0.0,52.0,0.0,6,1,0,european_auto,2025-06-29
1.0,1.0,36.0,59.0,-0.911,-0.06242499999999999,-0.911,-0.972,-0.8716970588235294,0.0,0.0,0.0,0.0,0.0,53.0,0.0,0,0,0,european_auto,2025-06-30
3.0,4.0,38.0,61.0,-0.33965,-0.07091842105263158,-0.911,-0.972,-0.3003470588235294,0.0,0.0,0.0,0.0,0.0,54.0,0.0,1,0,0,european_auto,2025-07-01
3.0,7.0,41.0,64.0,-0.4716714285714286,-0.1131219512195122,-0.974,-0.974,,0.0,0.0,0.0,0.0,0.0,55.0,1.0,2,0,0,european_auto,2025-07-02
39.0,45.0,46.0,81.0,-0.30840000000000006,-0.32150000000000006,-0.974,-0.974,0.6026,1.0,1.0,0.0,0.0,0.0,56.0,1.0,3,0,0,european_auto,2025-07-03
0.0,42.0,46.0,81.0,-0.31977142857142865,-0.32150000000000006,-0.974,-0.974,0.019878571428571357,0.0,1.0,0.0,0.0,0.0,57.0,1.0,4,0,0,european_auto,2025-07-04
0.0,39.0,46.0,81.0,-0.2945461538461539,-0.32150000000000006,-0.9724,-0.974,0.17712527472527467,0.0,1.0,0.0,0.0,0.0,58.0,0.0,5,1,0,european_auto,2025-07-05
0.0,0.0,46.0,81.0,,-0.32150000000000006,,-0.974,,0.0,0.0,0.0,0.0,0.0,59.0,0.0,6,1,1,european_auto,2025-07-06
0.0,0.0,45.0,81.0,,-0.30840000000000006,,-0.974,,0.0,0.0,0.0,0.0,0.0,60.0,0.0,0,0,1,european_auto,2025-07-07
1.0,1.0,43.0,81.0,-0.9735,-0.3349744186046512,-0.9735,-0.974,-0.6789538461538461,0.0,0.0,0.0,0.0,0.0,61.0,0.0,1,0,1,european_auto,2025-07-08
4.0,5.0,44.0,85.0,-0.9092799999999996,-0.3644022727272728,-0.9741,-0.9741,,2.0,2.0,1.0,1.0,1.0,0.0,2.0,2,0,0,european_auto,2025-07-09
44.0,49.0,49.0,95.0,-0.4335040816326531,-0.4335040816326531,-0.9741,-0.9741,,2.0,4.0,1.0,1.0,1.0,1.0,2.0,3,0,0,european_auto,2025-07-10
0.0,48.0,49.0,95.0,-0.42225416666666665,-0.4335040816326531,-0.9741,-0.9741,0.5512458333333334,0.0,4.0,1.0,1.0,1.0,2.0,2.0,4,0,0,european_auto,2025-07-11
0.0,44.0,49.0,95.0,-0.37943863636363645,-0.4335040816326531,-0.9727,-0.9741,0.5298413636363632,0.0,2.0,0.0,1.0,1.0,3.0,0.0,5,1,0,european_auto,2025-07-12
0.0,0.0,49.0,95.0,,-0.4335040816326531,,-0.9741,,0.0,0.0,0.0,1.0,1.0,4.0,0.0,6,1,0,european_auto,2025-07-13
0.0,0.0,49.0,94.0,,-0.4335040816326531,,-0.9741,,0.0,0.0,0.0,1.0,1.0,5.0,0.0,0,0,0,european_auto,2025-07-14
0.0,0.0,48.0,91.0,,-0.42225416666666665,,-0.9741,,0.0,0.0,0.0,1.0,1.0,6.0,0.0,1,0,0,european_auto,2025-07-15
1.0,1.0,45.0,89.0,0.0,-0.37100666666666676,0.0,-0.9727,,0.0,0.0,0.0,0.0,1.0,7.0,0.0,2,0,0,european_auto,2025-07-16
39.0,40.0,40.0,89.0,0.2347525,0.2347525,-0.9764,-0.9764,,3.0,3.0,0.0,0.0,1.0,8.0,2.0,3,0,0,european_auto,2025-07-17
0.0,40.0,40.0,89.0,0.2347525,0.2347525,-0.9764,-0.9764,,0.0,3.0,0.0,0.0,1.0,9.0,2.0,4,0,0,european_auto,2025-07-18
0.0,39.0,40.0,89.0,0.24077179487179487,0.2347525,-0.9764,-0.9764,0.24077179487179487,0.0,3.0,0.0,0.0,1.0,10.0,2.0,5,1,0,european_auto,2025-07-19
0.0,0.0,40.0,89.0,,0.2347525,,-0.9764,,0.0,0.0,0.0,0.0,1.0,11.0,0.0,6,1,0,european_auto,2025-07-20
1.0,1.0,41.0,90.0,0.0,0.22902682926829268,0.0,-0.9764,-0.2347525,0.0,0.0,0.0,0.0,1.0,12.0,0.0,0,0,0,european_auto,2025-07-21
2.0,3.0,43.0,91.0,0.2723,0.23737209302325582,0.0,-0.9764,0.03152820512820512,0.0,0.0,0.0,0.0,1.0,13.0,0.0,1,0,0,european_auto,2025-07-22
9.0,12.0,51.0,96.0,0.06820833333333332,0.2001686274509804,-0.8998,-0.9764,,1.0,1.0,0.0,0.0,0.0,14.0,0.0,2,0,0,european_auto,2025-07-23
74.0,85.0,86.0,126.0,-0.40240823529411773,-0.397729069767442,-0.9762,-0.9762,-0.40240823529411773,2.0,3.0,0.0,0.0,0.0,15.0,0.0,3,0,0,european_auto,2025-07-24
0.0,83.0,86.0,126.0,-0.4219469879518073,-0.397729069767442,-0.9762,-0.9762,-0.6942469879518073,0.0,3.0,0.0,0.0,0.0,16.0,0.0,4,0,0,european_auto,2025-07-25
2.0,76.0,88.0,128.0,-0.47145394736842117,-0.3978636363636365,-0.9762,-0.9762,-0.5396622807017545,0.0,2.0,0.0,0.0,0.0,17.0,0.0,5,1,0,european_auto,2025-07-26
0.0,2.0,88.0,128.0,-0.40365,-0.3978636363636365,-0.8073,-0.9762,-0.0012417647058822756,0.0,0.0,0.0,0.0,0.0,18.0,0.0,6,1,0,european_auto,2025-07-27
2.0,4.0,89.0,130.0,-0.201825,-0.3933932584269664,-0.8073,-0.9762,0.2201219879518073,0.0,0.0,0.0,0.0,0.0,19.0,0.0,0,0,0,european_auto,2025-07-28
1.0,3.0,88.0,131.0,-0.3202,-0.41806250000000006,-0.9606,-0.9762,0.15125394736842118,0.0,0.0,0.0,0.0,0.0,20.0,2.0,1,0,0,european_auto,2025-07-29
6.0,9.0,85.0,136.0,-0.03363333333333333,-0.4250964705882354,-0.9606,-0.9762,0.37001666666666666,0.0,0.0,0.0,0.0,0.0,21.0,7.0,2,0,0,european_auto,2025-07-30
69.0,76.0,80.0,166.0,-0.49390657894736856,-0.4793025000000001,-0.9739,-0.9739,-0.2920815789473685,2.0,2.0,0.0,0.0,0.0,22.0,11.0,3,0,0,european_auto,2025-07-31
1.0,76.0,81.0,167.0,-0.46877500000000016,-0.46166419753086435,-0.9739,-0.9739,-0.14857500000000018,0.0,2.0,0.0,0.0,0.0,23.0,9.0,4,0,0,european_auto,2025-08-01
1.0,71.0,80.0,168.0,-0.518205633802817,-0.4636912500000001,-0.9739,-0.9739,-0.4845723004694837,0.0,2.0,0.0,0.0,0.0,24.0,4.0,5,1,0,european_auto,2025-08-02
0.0,2.0,80.0,168.0,0.22080000000000055,-0.4636912500000001,-0.5078,-0.9739,0.7147065789473691,0.0,0.0,0.0,0.0,0.0,25.0,0.0,6,1,0,european_auto,2025-08-03
1.0,2.0,79.0,168.0,0.16799999999999998,-0.45887974683544314,-0.5078,-0.9739,0.6367750000000001,0.0,0.0,0.0,0.0,0.0,26.0,0.0,0,0,0,european_auto,2025-08-04
1.0,2.0,79.0,167.0,0.4219,-0.44672025316455705,0.0,-0.9739,0.9401056338028171,0.0,0.0,0.0,0.0,0.0,27.0,0.0,1,0,0,european_auto,2025-08-05
3.0,5.0,76.0,161.0,0.49119999999999997,-0.4517973684210528,0.0,-0.9739,0.2703999999999994,1.0,1.0,0.0,0.0,0.0,28.0,0.0,2,0,1,european_auto,2025-08-06
36.0,40.0,43.0,123.0,0.17271,0.19055348837209304,-0.9739,-0.9739,0.00471000000000002,1.0,2.0,0.0,0.0,0.0,29.0,1.0,3,0,1,european_auto,2025-08-07
3.0,42.0,45.0,126.0,0.18495714285714288,0.18009333333333338,-0.9739,-0.9739,-0.23694285714285712,0.0,2.0,0.0,0.0,0.0,30.0,1.0,4,0,1,european_auto,2025-08-08
0.0,39.0,44.0,124.0,0.15784615384615386,0.19572727272727278,-0.9739,-0.9739,-0.3333538461538461,0.0,1.0,1.0,1.0,1.0,0.0,2.0,5,1,0,european_auto,2025-08-09
0.0,3.0,44.0,124.0,0.2866,0.19572727272727278,0.0,-0.9739,0.11389000000000002,0.0,0.0,1.0,1.0,1.0,1.0,1.0,6,1,0,european_auto,2025-08-10
0.0,0.0,43.0,122.0,,0.18065581395348843,,-0.9739,,0.0,0.0,1.0,1.0,1.0,2.0,1.0,0,0,0,european_auto,2025-08-11
1.0,1.0,43.0,122.0,-0.9623,0.15827674418604654,-0.9623,-0.9739,-1.120146153846154,0.0,0.0,0.0,1.0,1.0,3.0,0.0,1,0,0,european_auto,2025-08-12
2.0,3.0,42.0,118.0,-0.9564666666666667,0.07825238095238099,-0.9699,-0.9739,-1.2430666666666668,0.0,0.0,0.0,1.0,1.0,4.0,0.0,2,0,0,european_auto,2025-08-13
28.0,31.0,34.0,77.0,-0.3308806451612904,-0.27639705882352944,-0.9752,-0.9752,,1.0,1.0,0.0,1.0,1.0,5.0,0.0,3,0,0,european_auto,2025-08-14
1.0,31.0,32.0,77.0,-0.2738032258064517,-0.2953187500000001,-0.9752,-0.9752,0.6884967741935484,0.0,1.0,0.0,1.0,1.0,6.0,0.0,4,0,0,european_auto,2025-08-15
0.0,29.0,32.0,76.0,-0.2269241379310346,-0.2953187500000001,-0.9752,-0.9752,0.7295425287356321,0.0,1.0,0.0,0.0,1.0,7.0,0.0,5,1,0,european_auto,2025-08-16
0.0,1.0,32.0,76.0,0.8071,-0.2953187500000001,0.8071,-0.9752,1.1379806451612904,0.0,0.0,0.0,0.0,1.0,8.0,0.0,6,1,0,european_auto,2025-08-17
0.0,0.0,32.0,75.0,,-0.2953187500000001,,-0.9752,,0.0,0.0,0.0,0.0,1.0,9.0,0.0,0,0,0,european_auto,2025-08-18
0.0,0.0,31.0,74.0,,-0.2738032258064517,,-0.9752,,0.0,0.0,0.0,0.0,1.0,10.0,0.0,1,0,1,european_auto,2025-08-19
1.0,1.0,30.0,72.0,0.0,-0.21936000000000005,0.0,-0.9752,-0.8071,0.0,0.0,0.0,0.0,1.0,11.0,0.0,2,0,1,european_auto,2025-08-20
37.0,38.0,39.0,73.0,0.3033105263157895,0.3162282051282052,-0.9636,-0.9636,,0.0,0.0,0.0,0.0,1.0,12.0,0.0,3,0,1,european_auto,2025-08-21
2.0,40.0,40.0,72.0,0.335405,0.33540500000000006,-0.9636,-0.9636,,0.0,0.0,1.0,1.0,2.0,0.0,1.0,4,0,0,european_auto,2025-08-22
0.0,39.0,40.0,72.0,0.3440051282051282,0.33540500000000006,-0.9636,-0.9636,0.3440051282051282,0.0,0.0,1.0,1.0,1.0,1.0,1.0,5,1,0,european_auto,2025-08-23
0.0,2.0,40.0,72.0,0.9452,0.33540500000000006,0.9442,-0.9636,0.6418894736842106,0.0,0.0,1.0,1.0,1.0,2.0,1.0,6,1,0,european_auto,2025-08-24
0.0,0.0,40.0,72.0,,0.33540500000000006,,-0.9636,,0.0,0.0,0.0,1.0,1.0,3.0,0.0,0,0,0,european_auto,2025-08-25
0.0,0.0,40.0,71.0,,0.33540500000000006,,-0.9636,,0.0,0.0,0.0,1.0,1.0,4.0,0.0,1,0,0,european_auto,2025-08-26
0.0,0.0,39.0,69.0,,0.34400512820512824,,-0.9636,,0.0,0.0,0.0,1.0,1.0,5.0,0.0,2,0,0,european_auto,2025-08-27
51.0,51.0,53.0,92.0,0.17070784313725493,0.199933962264151,-0.973,-0.973,,2.0,2.0,0.0,1.0,1.0,6.0,0.0,3,0,0,european_auto,2025-08-28
1.0,52.0,52.0,92.0,0.16742500000000002,0.16742500000000005,-0.973,-0.973,,0.0,2.0,0.0,0.0,1.0,7.0,0.0,4,0,0,european_auto,2025-08-29
0.0,52.0,52.0,92.0,0.16742500000000002,0.16742500000000005,-0.973,-0.973,,0.0,2.0,0.0,0.0,1.0,8.0,0.0,5,1,1,european_auto,2025-08-30
0.0,1.0,52.0,92.0,0.0,0.16742500000000005,0.0,-0.973,-0.17070784313725493,0.0,0.0,0.0,0.0,1.0,9.0,0.0,6,1,1,european_auto,2025-08-31
0.0,0.0,52.0,92.0,,0.16742500000000005,,-0.973,,0.0,0.0,0.0,0.0,1.0,10.0,0.0,0,0,1,european_auto,2025-09-01
1.0,1.0,53.0,93.0,0.9405,0.18201132075471704,0.9405,-0.973,0.773075,0.0,0.0,1.0,1.0,2.0,0.0,1.0,1,0,1,european_auto,2025-09-02
5.0,6.0,58.0,97.0,-0.2907166666666667,0.12003103448275868,-0.9542,-0.973,-0.2907166666666667,0.0,0.0,1.0,1.0,2.0,1.0,1.0,2,0,1,european_auto,2025-09-03
43.0,49.0,50.0,103.0,-0.5560938775510204,-0.544972,-0.9744,-0.9744,,1.0,1.0,2.0,2.0,3.0,0.0,4.0,3,0,0,european_auto,2025-09-04
1.0,49.0,50.0,102.0,-0.5572897959183674,-0.527334,-0.9744,-0.9744,-1.4977897959183673,0.0,1.0,1.0,2.0,2.0,1.0,3.0,4,0,0,european_auto,2025-09-05
1.0,45.0,51.0,103.0,-0.5278888888888889,-0.4999862745098039,-0.9744,-0.9744,-0.23717222222222217,0.0,1.0,1.0,2.0,2.0,2.0,3.0,5,1,0,european_auto,2025-09-06
1.0,3.0,52.0,104.0,0.5831,-0.4903711538461538,0.0,-0.9744,1.1391938775510204,0.0,0.0,0.0,2.0,2.0,3.0,0.0,6,1,0,european_auto,2025-09-07
3.0,5.0,55.0,107.0,0.54966,-0.42942545454545455,0.0,-0.9744,1.1069497959183674,0.0,0.0,0.0,2.0,2.0,4.0,0.0,0,0,1,european_auto,2025-09-08
1.0,5.0,55.0,108.0,0.49664,-0.4355745454545455,0.0,-0.9744,1.0245288888888888,0.0,0.0,0.0,1.0,2.0,5.0,0.0,1,0,1,european_auto,2025-09-09
0.0,4.0,50.0,108.0,0.6208,-0.42543600000000004,0.0,-0.9744,0.03770000000000007,0.0,0.0,0.0,1.0,2.0,6.0,0.0,2,0,1,european_auto,2025-09-10
42.0,43.0,49.0,99.0,0.13823953488372098,0.19539795918367348,-0.9678,-0.9678,-0.41142046511627905,0.0,0.0,1.0,1.0,3.0,0.0,2.0,3,0,0,european_auto,2025-09-11
0.0,42.0,48.0,98.0,0.12719047619047621,0.18109583333333334,-0.9678,-0.9678,-0.3694495238095238,0.0,0.0,1.0,1.0,3.0,1.0,2.0,4,0,0,european_auto,2025-09-12
2.0,44.0,49.0,100.0,0.10074318181818186,0.14114081632653064,-0.9678,-0.9678,-0.5200568181818181,0.0,0.0,1.0,1.0,3.0,2.0,2.0,5,1,0,european_auto,2025-09-13
0.0,2.0,48.0,100.0,-0.45465,0.14408125000000002,-0.9093,-0.9678,-0.592889534883721,0.0,0.0,0.0,1.0,3.0,3.0,0.0,6,1,0,european_auto,2025-09-14
1.0,3.0,46.0,101.0,-0.3031,0.10945652173913048,-0.9093,-0.9678,-0.4302904761904762,0.0,0.0,0.0,1.0,3.0,4.0,0.0,0,0,1,european_auto,2025-09-15
0.0,1.0,45.0,100.0,0.0,0.09850444444444448,0.0,-0.9678,-0.10074318181818186,0.0,0.0,0.0,1.0,2.0,5.0,0.0,1,0,1,european_auto,2025-09-16
6.0,7.0,51.0,101.0,-0.35594285714285717,0.03806078431372552,-0.9394,-0.9678,0.09870714285714283,0.0,0.0,0.0,1.0,2.0,6.0,0.0,2,0,1,european_auto,2025-09-17
21.0,27.0,30.0,79.0,-0.37695925925925927,-0.3695733333333333,-0.9735,-0.9735,-0.07385925925925929,2.0,2.0,1.0,1.0,2.0,0.0,1.0,3,0,0,european_auto,2025-09-18
0.0,27.0,30.0,78.0,-0.37695925925925927,-0.3695733333333333,-0.9735,-0.9735,-0.37695925925925927,0.0,2.0,1.0,1.0,2.0,1.0,1.0,4,0,0,european_auto,2025-09-19
0.0,21.0,28.0,77.0,-0.36601428571428574,-0.36349642857142855,-0.9735,-0.9735,-0.010071428571428565,0.0,2.0,1.0,1.0,2.0,2.0,1.0,5,1,0,european_auto,2025-09-20
0.0,0.0,28.0,76.0,,-0.36349642857142855,,-0.9735,,0.0,0.0,0.0,1.0,2.0,3.0,0.0,6,1,0,european_auto,2025-09-21
1.0,1.0,28.0,74.0,-0.8881,-0.39521428571428574,-0.8881,-0.9735,-0.5111407407407407,0.0,0.0,0.0,1.0,2.0,4.0,0.0,0,0,1,european_auto,2025-09-22
0.0,1.0,28.0,73.0,-0.8881,-0.39521428571428574,-0.8881,-0.9735,-0.5220857142857143,0.0,0.0,0.0,1.0,2.0,5.0,0.0,1,0,1,european_auto,2025-09-23
2.0,3.0,24.0,75.0,-0.48406666666666665,-0.38077083333333334,-0.8881,-0.9735,,0.0,0.0,0.0,1.0,2.0,6.0,1.0,2,0,1,european_auto,2025-09-24
34.0,36.0,37.0,67.0,-0.36181944444444447,-0.3760432432432433,-0.9745,-0.9745,0.5262805555555555,5.0,5.0,4.0,4.0,5.0,0.0,5.0,3,0,0,european_auto,2025-09-25
1.0,37.0,38.0,68.0,-0.32703783783783785,-0.3418026315789474,-0.9745,-0.9745,0.5610621621621621,0.0,5.0,4.0,4.0,5.0,1.0,5.0,4,0,0,european_auto,2025-09-26
0.0,35.0,38.0,66.0,-0.3296085714285715,-0.3418026315789474,-0.9745,-0.9745,0.15445809523809517,0.0,5.0,4.0,4.0,5.0,2.0,4.0,5,1,0,european_auto,2025-09-27
0.0,1.0,38.0,66.0,0.9251,-0.3418026315789474,0.9251,-0.9745,1.2869194444444445,0.0,0.0,0.0,4.0,5.0,3.0,0.0,6,1,0,european_auto,2025-09-28
1.0,1.0,38.0,66.0,0.0,-0.31843157894736845,0.0,-0.9745,0.32703783783783785,0.0,0.0,0.0,4.0,5.0,4.0,0.0,0,0,0,european_auto,2025-09-29
3.0,4.0,41.0,69.0,0.0,-0.2951317073170732,0.0,-0.9745,0.3296085714285715,0.0,0.0,0.0,4.0,5.0,5.0,0.0,1,0,0,european_auto,2025-09-30
6.0,10.0,45.0,69.0,0.052270000000000004,-0.24474666666666672,0.0,-0.9745,-0.87283,0.0,0.0,0.0,4.0,5.0,6.0,0.0,2,0,0,european_auto,2025-10-01
63.0,72.0,74.0,111.0,0.4027041666666666,0.40432162162162155,-0.9423,-0.9423,0.4027041666666666,8.0,8.0,0.0,0.0,4.0,7.0,0.0,3,0,0,european_auto,2025-10-02
1.0,70.0,74.0,112.0,0.4142099999999999,0.3918202702702702,-0.9423,-0.9423,0.4142099999999999,0.0,8.0,0.0,0.0,4.0,8.0,0.0,4,0,0,european_auto,2025-10-03
1.0,65.0,75.0,113.0,0.4477861538461538,0.3950506666666666,-0.9423,-0.9423,0.3955161538461538,0.0,8.0,0.0,0.0,4.0,9.0,0.0,5,1,0,european_auto,2025-10-04
0.0,2.0,75.0,113.0,0.31705000000000005,0.3950506666666666,0.0,-0.9423,-0.08565416666666653,0.0,0.0,0.0,0.0,4.0,10.0,0.0,6,1,0,european_auto,2025-10-05
1.0,2.0,75.0,113.0,0.31705,0.3950506666666666,0.0,-0.9423,-0.09715999999999991,1.0,1.0,0.0,0.0,4.0,11.0,0.0,0,0,0,european_auto,2025-10-06
1.0,2.0,73.0,114.0,0.47275,0.4188260273972602,0.0,-0.9423,0.024963846153846225,0.0,1.0,0.0,0.0,4.0,12.0,0.0,1,0,0,european_auto,2025-10-07
5.0,7.0,72.0,117.0,0.5072714285714286,0.4535694444444444,-0.5938,-0.9423,0.19022142857142854,4.0,5.0,0.0,0.0,4.0,13.0,1.0,2,0,0,european_auto,2025-10-08
24.0,30.0,33.0,107.0,-0.3270466666666666,-0.2780999999999999,-0.9732,-0.9732,-0.6440966666666665,1.0,5.0,0.0,0.0,0.0,14.0,3.0,3,0,0,european_auto,2025-10-09
1.0,30.0,33.0,107.0,-0.3829933333333333,-0.30030909090909086,-0.9732,-0.9732,-0.8557433333333333,0.0,5.0,0.0,0.0,0.0,15.0,3.0,4,0,0,european_auto,2025-10-10
0.0,25.0,32.0,107.0,-0.563808,-0.32950937499999994,-0.9732,-0.9732,-1.0710794285714287,0.0,1.0,0.0,0.0,0.0,16.0,2.0,5,1,0,european_auto,2025-10-11
0.0,1.0,32.0,107.0,-0.7329,-0.32950937499999994,-0.7329,-0.9732,-0.4058533333333334,0.0,0.0,0.0,0.0,0.0,17.0,0.0,6,1,0,european_auto,2025-10-12
0.0,0.0,31.0,106.0,,-0.34013870967741927,,-0.9732,,0.0,0.0,0.0,0.0,0.0,18.0,0.0,0,0,0,european_auto,2025-10-13
0.0,0.0,30.0,103.0,,-0.38299333333333324,,-0.9732,,0.0,0.0,0.0,0.0,0.0,19.0,0.0,1,0,0,european_auto,2025-10-14
1.0,1.0,26.0,98.0,-0.857,-0.5750846153846153,-0.857,-0.9732,-0.12409999999999999,0.0,0.0,0.0,0.0,0.0,20.0,0.0,2,0,0,european_auto,2025-10-15
22.0,23.0,24.0,57.0,0.04340869565217389,0.011062499999999975,-0.9603,-0.9603,,2.0,2.0,0.0,0.0,0.0,21.0,1.0,3,0,0,european_auto,2025-10-16
3.0,26.0,26.0,59.0,0.0998923076923077,0.09989230769230767,-0.9603,-0.9603,,1.0,3.0,0.0,0.0,0.0,22.0,2.0,4,0,0,european_auto,2025-10-17
0.0,25.0,26.0,58.0,0.138168,0.09989230769230767,-0.9603,-0.9603,0.995168,0.0,3.0,0.0,0.0,0.0,23.0,2.0,5,1,0,european_auto,2025-10-18
1.0,4.0,27.0,59.0,0.17505000000000007,0.06291111111111108,-0.8986,-0.9603,0.13164130434782617,0.0,1.0,0.0,0.0,0.0,24.0,1.0,6,1,0,european_auto,2025-10-19
0.0,1.0,27.0,58.0,-0.8986,0.06291111111111108,-0.8986,-0.9603,-0.9984923076923077,0.0,0.0,0.0,0.0,0.0,25.0,0.0,0,0,0,european_auto,2025-10-20
0.0,1.0,27.0,57.0,-0.8986,0.06291111111111108,-0.8986,-0.9603,-1.036768,0.0,0.0,0.0,0.0,0.0,26.0,0.0,1,0,0,european_auto,2025-10-21
1.0,1.0,27.0,53.0,-0.8485,0.0632259259259259,-0.8485,-0.9603,-1.0235500000000002,0.0,0.0,0.0,0.0,0.0,27.0,0.0,2,0,0,european_auto,2025-10-22
35.0,36.0,40.0,64.0,0.025200000000000007,0.04018500000000001,-0.962,-0.962,0.9238,2.0,2.0,0.0,0.0,0.0,28.0,2.0,3,0,0,european_auto,2025-10-23
0.0,36.0,37.0,63.0,0.025200000000000007,0.00023243243243243684,-0.962,-0.962,0.9238,0.0,2.0,0.0,0.0,0.0,29.0,2.0,4,0,0,european_auto,2025-10-24
0.0,35.0,37.0,63.0,0.05016285714285715,0.00023243243243243684,-0.962,-0.962,0.8986628571428572,0.0,2.0,0.0,0.0,0.0,30.0,2.0,5,1,0,european_auto,2025-10-25
0.0,0.0,36.0,63.0,,0.025200000000000004,,-0.962,,0.0,0.0,0.0,0.0,0.0,31.0,0.0,6,1,0,european_auto,2025-10-26
0.0,0.0,36.0,63.0,,0.025200000000000004,,-0.962,,0.0,0.0,0.0,0.0,0.0,32.0,0.0,0,0,0,european_auto,2025-10-27
0.0,0.0,36.0,63.0,,0.025200000000000004,,-0.962,,0.0,0.0,0.0,0.0,0.0,33.0,0.0,1,0,0,european_auto,2025-10-28
0.0,0.0,35.0,62.0,,0.05016285714285715,,-0.962,,0.0,0.0,0.0,0.0,0.0,34.0,0.0,2,0,0,european_auto,2025-10-29
2.0,2.0,2.0,42.0,0.0,0.0,0.0,0.0,,0.0,0.0,0.0,0.0,0.0,35.0,0.0,3,0,0,european_auto,2025-10-30
0.0,2.0,2.0,39.0,0.0,0.0,0.0,0.0,,0.0,0.0,0.0,0.0,0.0,36.0,0.0,4,0,0,european_auto,2025-10-31
0.0,2.0,2.0,39.0,0.0,0.0,0.0,0.0,,0.0,0.0,0.0,0.0,0.0,37.0,0.0,5,1,0,european_auto,2025-11-01
0.0,0.0,2.0,38.0,,0.0,,0.0,,0.0,0.0,0.0,0.0,0.0,38.0,0.0,6,1,0,european_auto,2025-11-02
0.0,0.0,2.0,38.0,,0.0,,0.0,,0.0,0.0,0.0,0.0,0.0,39.0,0.0,0,0,0,european_auto,2025-11-03
0.0,0.0,2.0,38.0,,0.0,,0.0,,0.0,0.0,0.0,0.0,0.0,40.0,0.0,1,0,0,european_auto,2025-11-04
3.0,3.0,5.0,40.0,-0.9677000000000001,-0.58062,-0.9736,-0.9736,,2.0,2.0,0.0,0.0,0.0,41.0,0.0,2,0,0,european_auto,2025-11-05
21.0,24.0,24.0,26.0,0.2763541666666667,0.2763541666666667,-0.9736,-0.9736,,2.0,4.0,0.0,0.0,0.0,42.0,0.0,3,0,0,european_auto,2025-11-06
0.0,24.0,24.0,26.0,0.2763541666666667,0.2763541666666667,-0.9736,-0.9736,,0.0,4.0,0.0,0.0,0.0,43.0,0.0,4,0,0,european_auto,2025-11-07
1.0,22.0,25.0,27.0,0.38915909090909095,0.226336,-0.9741,-0.9741,1.356859090909091,1.0,3.0,0.0,0.0,0.0,44.0,0.0,5,1,0,european_auto,2025-11-08
0.0,1.0,25.0,27.0,-0.9741,0.226336,-0.9741,-0.9741,-1.2504541666666666,0.0,1.0,0.0,0.0,0.0,45.0,0.0,6,1,0,european_auto,2025-11-09
0.0,1.0,25.0,27.0,-0.9741,0.226336,-0.9741,-0.9741,-1.2504541666666666,0.0,1.0,0.0,0.0,0.0,46.0,0.0,0,0,1,european_auto,2025-11-10
0.0,0.0,25.0,27.0,,0.226336,,-0.9741,,0.0,0.0,0.0,0.0,0.0,47.0,0.0,1,0,1,european_auto,2025-11-11
0.0,0.0,22.0,27.0,,0.38915909090909095,,-0.9741,,0.0,0.0,0.0,0.0,0.0,48.0,0.0,2,0,1,european_auto,2025-11-12
28.0,28.0,29.0,53.0,-0.4730607142857142,-0.4903379310344827,-0.9762,-0.9762,0.5010392857142858,3.0,3.0,7.0,7.0,7.0,0.0,7.0,3,0,0,european_auto,2025-11-13
0.0,28.0,29.0,53.0,-0.4730607142857142,-0.4903379310344827,-0.9762,-0.9762,,0.0,3.0,7.0,7.0,7.0,1.0,7.0,4,0,0,european_auto,2025-11-14
0.0,28.0,28.0,53.0,-0.4730607142857142,-0.4730607142857142,-0.9762,-0.9762,,0.0,3.0,7.0,7.0,7.0,2.0,7.0,5,1,0,european_auto,2025-11-15
0.0,0.0,28.0,53.0,,-0.4730607142857142,,-0.9762,,0.0,0.0,0.0,7.0,7.0,3.0,0.0,6,1,0,european_auto,2025-11-16
0.0,0.0,28.0,53.0,,-0.4730607142857142,,-0.9762,,0.0,0.0,0.0,7.0,7.0,4.0,0.0,0,0,0,european_auto,2025-11-17
0.0,0.0,28.0,53.0,,-0.4730607142857142,,-0.9762,,0.0,0.0,0.0,7.0,7.0,5.0,0.0,1,0,0,european_auto,2025-11-18
0.0,0.0,28.0,50.0,,-0.4730607142857142,,-0.9762,,0.0,0.0,0.0,7.0,7.0,6.0,0.0,2,0,0,european_auto,2025-11-19
35.0,35.0,35.0,64.0,0.5426999999999998,0.5426999999999998,-0.9726,-0.9726,,3.0,3.0,0.0,0.0,7.0,7.0,0.0,3,0,0,european_auto,2025-11-20
0.0,35.0,35.0,64.0,0.5426999999999998,0.5426999999999998,-0.9726,-0.9726,,0.0,3.0,0.0,0.0,7.0,8.0,0.0,4,0,0,european_auto,2025-11-21
0.0,35.0,35.0,63.0,0.5426999999999998,0.5426999999999998,-0.9726,-0.9726,,0.0,3.0,0.0,0.0,7.0,9.0,0.0,5,1,0,european_auto,2025-11-22
0.0,0.0,35.0,63.0,,0.5426999999999998,,-0.9726,,0.0,0.0,0.0,0.0,7.0,10.0,0.0,6,1,0,european_auto,2025-11-23
0.0,0.0,35.0,63.0,,0.5426999999999998,,-0.9726,,0.0,0.0,0.0,0.0,7.0,11.0,0.0,0,0,0,european_auto,2025-11-24
0.0,0.0,35.0,63.0,,0.5426999999999998,,-0.9726,,0.0,0.0,0.0,0.0,7.0,12.0,0.0,1,0,0,european_auto,2025-11-25
1.0,1.0,36.0,64.0,-0.9375,0.5015833333333332,-0.9375,-0.9726,,0.0,0.0,0.0,0.0,7.0,13.0,0.0,2,0,0,european_auto,2025-11-26
4.0,5.0,5.0,40.0,-0.60258,-0.60258,-0.9375,-0.9375,,1.0,1.0,0.0,0.0,0.0,14.0,1.0,3,0,0,european_auto,2025-11-27
0.0,5.0,5.0,40.0,-0.60258,-0.60258,-0.9375,-0.9375,,0.0,1.0,0.0,0.0,0.0,15.0,1.0,4,0,0,european_auto,2025-11-28
0.0,4.0,5.0,40.0,-0.51885,-0.60258,-0.91,-0.9375,0.41864999999999997,0.0,1.0,0.0,0.0,0.0,16.0,1.0,5,1,0,european_auto,2025-11-29
0.0,0.0,5.0,40.0,,-0.60258,,-0.9375,,0.0,0.0,0.0,0.0,0.0,17.0,0.0,6,1,0,european_auto,2025-11-30
0.0,0.0,5.0,40.0,,-0.60258,,-0.9375,,0.0,0.0,0.0,0.0,0.0,18.0,0.0,0,0,0,european_auto,2025-12-01
1.0,1.0,6.0,41.0,0.902,-0.35181666666666667,0.902,-0.9375,1.4208500000000002,0.0,0.0,0.0,0.0,0.0,19.0,0.0,1,0,0,european_auto,2025-12-02
0.0,1.0,5.0,41.0,0.902,-0.23468,0.902,-0.91,,0.0,0.0,0.0,0.0,0.0,20.0,0.0,2,0,0,european_auto,2025-12-03
37.0,38.0,38.0,43.0,0.498386842105263,0.498386842105263,-0.9293,-0.9293,,2.0,2.0,0.0,0.0,0.0,21.0,0.0,3,0,0,european_auto,2025-12-04
4.0,41.0,42.0,47.0,0.4054097560975608,0.4172333333333332,-0.9653,-0.9653,-0.4965902439024392,1.0,3.0,0.0,0.0,0.0,22.0,0.0,4,0,0,european_auto,2025-12-05
1.0,42.0,43.0,48.0,0.3957571428571427,0.4075302325581394,-0.9653,-0.9653,-0.5062428571428573,1.0,4.0,0.0,0.0,0.0,23.0,0.0,5,1,0,european_auto,2025-12-06
0.0,5.0,43.0,48.0,-0.2829799999999999,0.4075302325581394,-0.9653,-0.9653,-0.7813668421052629,0.0,2.0,0.0,0.0,0.0,24.0,0.0,6,1,0,european_auto,2025-12-07
0.0,1.0,43.0,48.0,0.0,0.4075302325581394,0.0,-0.9653,-0.4054097560975608,0.0,1.0,0.0,0.0,0.0,25.0,0.0,0,0,0,european_auto,2025-12-08
0.0,0.0,42.0,48.0,,0.3957571428571427,,-0.9653,,0.0,0.0,0.0,0.0,0.0,26.0,0.0,1,0,0,european_auto,2025-12-09
0.0,0.0,42.0,47.0,,0.3957571428571427,,-0.9653,,0.0,0.0,0.0,0.0,0.0,27.0,0.0,2,0,0,european_auto,2025-12-10
29.0,29.0,34.0,72.0,0.3169206896551724,0.22870000000000001,-0.9654,-0.9654,0.3169206896551724,1.0,1.0,0.0,0.0,0.0,28.0,0.0,3,0,0,european_auto,2025-12-11
5.0,34.0,35.0,77.0,0.3795588235294117,0.3687142857142857,-0.9654,-0.9654,,1.0,2.0,0.0,0.0,0.0,29.0,0.0,4,0,0,european_auto,2025-12-12
0.0,34.0,34.0,77.0,0.3795588235294117,0.3795588235294117,-0.9654,-0.9654,,0.0,2.0,0.0,0.0,0.0,30.0,0.0,5,1,0,european_auto,2025-12-13
0.0,5.0,34.0,77.0,0.74286,0.3795588235294117,0.0,-0.9654,0.42593931034482757,0.0,1.0,0.0,0.0,0.0,31.0,0.0,6,1,0,european_auto,2025-12-14
0.0,0.0,34.0,77.0,,0.3795588235294117,,-0.9654,,0.0,0.0,0.0,0.0,0.0,32.0,0.0,0,0,0,european_auto,2025-12-15
0.0,0.0,34.0,76.0,,0.3795588235294117,,-0.9654,,0.0,0.0,0.0,0.0,0.0,33.0,0.0,1,0,0,european_auto,2025-12-16
2.0,2.0,36.0,78.0,0.05519999999999997,0.36153888888888885,-0.8383,-0.9654,-0.6876599999999999,0.0,0.0,0.0,0.0,0.0,34.0,0.0,2,0,0,european_auto,2025-12-17
13.0,15.0,20.0,54.0,-0.5327,-0.21380999999999997,-0.9741,-0.9741,,4.0,4.0,0.0,0.0,0.0,35.0,6.0,3,0,0,european_auto,2025-12-18
0.0,15.0,15.0,50.0,-0.5327,-0.5327,-0.9741,-0.9741,,0.0,4.0,0.0,0.0,0.0,36.0,6.0,4,0,0,european_auto,2025-12-19
0.0,13.0,15.0,49.0,-0.6231461538461538,-0.5327,-0.9741,-0.9741,-0.6783461538461537,0.0,4.0,0.0,0.0,0.0,37.0,6.0,5,1,0,european_auto,2025-12-20
0.0,0.0,15.0,49.0,,-0.5327,,-0.9741,,0.0,0.0,0.0,0.0,0.0,38.0,0.0,6,1,0,european_auto,2025-12-21
0.0,0.0,15.0,49.0,,-0.5327,,-0.9741,,0.0,0.0,0.0,0.0,0.0,39.0,0.0,0,0,0,european_auto,2025-12-22
0.0,0.0,15.0,49.0,,-0.5327,,-0.9741,,0.0,0.0,0.0,0.0,0.0,40.0,0.0,1,0,0,european_auto,2025-12-23
2.0,2.0,15.0,51.0,0.0,-0.54006,0.0,-0.9741,,0.0,0.0,0.0,0.0,0.0,41.0,0.0,2,0,0,european_auto,2025-12-24
11.0,13.0,13.0,33.0,-0.08153076923076921,-0.08153076923076921,-0.9609,-0.9609,,1.0,1.0,0.0,0.0,0.0,42.0,0.0,3,0,0,european_auto,2025-12-25
4.0,17.0,17.0,32.0,-0.20771176470588235,-0.20771176470588235,-0.9743,-0.9743,,0.0,1.0,0.0,0.0,0.0,43.0,0.0,4,0,0,european_auto,2025-12-26
0.0,15.0,17.0,32.0,-0.23540666666666665,-0.20771176470588235,-0.9743,-0.9743,-0.23540666666666665,0.0,1.0,0.0,0.0,0.0,44.0,0.0,5,1,0,european_auto,2025-12-27
0.0,4.0,17.0,32.0,-0.6178,-0.20771176470588235,-0.9743,-0.9743,-0.5362692307692308,0.0,0.0,0.0,0.0,0.0,45.0,0.0,6,1,0,european_auto,2025-12-28
0.0,0.0,17.0,32.0,,-0.20771176470588235,,-0.9743,,0.0,0.0,0.0,0.0,0.0,46.0,0.0,0,0,0,european_auto,2025-12-29
0.0,0.0,17.0,32.0,,-0.20771176470588235,,-0.9743,,0.0,0.0,0.0,0.0,0.0,47.0,0.0,1,0,0,european_auto,2025-12-30
0.0,0.0,15.0,30.0,,-0.23540666666666665,,-0.9743,,0.0,0.0,0.0,0.0,0.0,48.0,0.0,2,0,0,european_auto,2025-12-31
7.0,7.0,11.0,24.0,0.053342857142857136,-0.19070909090909094,-0.8288,-0.9743,,1.0,1.0,0.0,0.0,0.0,49.0,6.0,3,0,0,european_auto,2026-01-01
10.0,17.0,17.0,34.0,0.024035294117647044,0.024035294117647044,-0.9603,-0.9603,,0.0,1.0,0.0,0.0,0.0,50.0,6.0,4,0,0,european_auto,2026-01-02
1.0,18.0,18.0,35.0,-0.030877777777777796,-0.030877777777777796,-0.9644,-0.9644,,0.0,1.0,0.0,0.0,0.0,51.0,6.0,5,1,0,european_auto,2026-01-03
0.0,11.0,18.0,35.0,-0.0844727272727273,-0.030877777777777796,-0.9644,-0.9644,-0.13781558441558445,0.0,0.0,0.0,0.0,0.0,52.0,0.0,6,1,0,european_auto,2026-01-04
1.0,2.0,19.0,36.0,-0.4822,-0.029252631578947384,-0.9644,-0.9644,-0.5062352941176471,0.0,0.0,0.0,0.0,0.0,53.0,0.0,0,0,1,european_auto,2026-01-05
1.0,2.0,20.0,37.0,-0.23275,-0.05106500000000001,-0.4655,-0.9644,-0.20187222222222223,0.0,0.0,0.0,0.0,0.0,54.0,1.0,1,0,1,european_auto,2026-01-06
0.0,2.0,20.0,35.0,-0.23275,-0.05106500000000001,-0.4655,-0.9644,-0.1482772727272727,0.0,0.0,0.0,0.0,0.0,55.0,3.0,2,0,1,european_auto,2026-01-07
15.0,16.0,28.0,39.0,-0.5067499999999999,-0.3227571428571428,-0.9418,-0.9644,-0.024549999999999905,1.0,1.0,2.0,2.0,2.0,0.0,6.0,3,0,0,european_auto,2026-01-08
0.0,15.0,18.0,35.0,-0.5095,-0.5040222222222221,-0.9418,-0.9644,-0.27674999999999994,0.0,1.0,2.0,2.0,2.0,1.0,5.0,4,0,0,european_auto,2026-01-09
0.0,15.0,17.0,35.0,-0.5095,-0.47694117647058815,-0.9418,-0.9418,-0.27674999999999994,0.0,1.0,2.0,2.0,2.0,2.0,3.0,5,1,0,european_auto,2026-01-10
0.0,0.0,17.0,35.0,,-0.47694117647058815,,-0.9418,,0.0,0.0,0.0,2.0,2.0,3.0,0.0,6,1,0,european_auto,2026-01-11
1.0,1.0,17.0,36.0,0.0,-0.47694117647058826,0.0,-0.9418,0.5095,0.0,0.0,0.0,2.0,2.0,4.0,0.0,0,0,0,european_auto,2026-01-12
0.0,1.0,16.0,36.0,0.0,-0.47765625,0.0,-0.9418,0.5095,0.0,0.0,0.0,2.0,2.0,5.0,0.0,1,0,0,european_auto,2026-01-13
1.0,2.0,17.0,37.0,-0.39300000000000046,-0.49579411764705883,-0.786,-0.9418,,0.0,0.0,0.0,2.0,2.0,6.0,0.0,2,0,0,european_auto,2026-01-14
30.0,31.0,32.0,60.0,-0.25069677419354836,-0.24286249999999995,-0.9695,-0.9695,-0.25069677419354836,3.0,3.0,0.0,0.0,2.0,7.0,3.0,3,0,0,european_auto,2026-01-15
2.0,33.0,34.0,52.0,-0.18492424242424246,-0.17948529411764702,-0.9695,-0.9695,-0.18492424242424246,0.0,3.0,0.0,0.0,2.0,8.0,3.0,4,0,0,european_auto,2026-01-16
1.0,33.0,35.0,52.0,-0.18915151515151518,-0.20079999999999995,-0.9695,-0.9695,0.20384848484848528,0.0,3.0,0.0,0.0,2.0,9.0,3.0,5,1,0,european_auto,2026-01-17
0.0,3.0,35.0,52.0,0.24786666666666632,-0.20079999999999995,-0.9255,-0.9695,0.49856344086021465,0.0,0.0,0.0,0.0,2.0,10.0,0.0,6,1,0,european_auto,2026-01-18
0.0,1.0,34.0,51.0,-0.9255,-0.20670588235294113,-0.9255,-0.9695,-0.7405757575757576,0.0,0.0,0.0,0.0,2.0,11.0,0.0,0,0,0,european_auto,2026-01-19
2.0,2.0,36.0,52.0,-0.38105,-0.21639166666666665,-0.7621,-0.9695,-0.19189848484848482,0.0,0.0,0.0,0.0,2.0,12.0,0.0,1,0,0,european_auto,2026-01-20
0.0,2.0,35.0,52.0,-0.38105,-0.20011714285714283,-0.7621,-0.9695,-0.6289166666666663,0.0,0.0,0.0,0.0,2.0,13.0,0.0,2,0,0,european_auto,2026-01-21
34.0,36.0,39.0,71.0,0.3447888888888888,0.3373333333333333,-0.97,-0.97,1.2702888888888888,1.0,1.0,0.0,0.0,0.0,14.0,0.0,3,0,0,european_auto,2026-01-22
1.0,35.0,38.0,72.0,0.34925142857142855,0.27726842105263155,-0.97,-0.97,0.7303014285714285,0.0,1.0,0.0,0.0,0.0,15.0,0.0,4,0,0,european_auto,2026-01-23
0.0,35.0,37.0,72.0,0.34925142857142855,0.3097756756756757,-0.97,-0.97,0.7303014285714285,0.0,1.0,0.0,0.0,0.0,16.0,1.0,5,1,0,european_auto,2026-01-24
0.0,1.0,37.0,72.0,-0.9507,0.3097756756756757,-0.9507,-0.97,-1.295488888888889,0.0,0.0,0.0,0.0,0.0,17.0,1.0,6,1,0,european_auto,2026-01-25
0.0,0.0,37.0,71.0,,0.3097756756756757,,-0.97,,0.0,0.0,0.0,0.0,0.0,18.0,1.0,0,0,1,european_auto,2026-01-26
0.0,0.0,35.0,71.0,,0.34925142857142855,,-0.97,,0.0,0.0,0.0,0.0,0.0,19.0,0.0,1,0,1,european_auto,2026-01-27
0.0,0.0,35.0,70.0,,0.34925142857142855,,-0.97,,0.0,0.0,0.0,0.0,0.0,20.0,0.0,2,0,1,european_auto,2026-01-28
30.0,30.0,31.0,70.0,0.22420999999999996,0.1863096774193548,-0.9703,-0.9703,,5.0,5.0,1.0,1.0,1.0,0.0,1.0,3,0,0,european_auto,2026-01-29
0.0,30.0,30.0,68.0,0.22420999999999996,0.22420999999999996,-0.9703,-0.9703,,0.0,5.0,1.0,1.0,1.0,1.0,1.0,4,0,0,european_auto,2026-01-30
0.0,30.0,30.0,67.0,0.22420999999999996,0.22420999999999996,-0.9703,-0.9703,,0.0,5.0,1.0,1.0,1.0,2.0,1.0,5,1,0,european_auto,2026-01-31
0.0,0.0,30.0,67.0,,0.22420999999999996,,-0.9703,,0.0,0.0,0.0,1.0,1.0,3.0,0.0,6,1,0,european_auto,2026-02-01
0.0,0.0,30.0,67.0,,0.22420999999999996,,-0.9703,,0.0,0.0,0.0,1.0,1.0,4.0,0.0,0,0,0,european_auto,2026-02-02
0.0,0.0,30.0,65.0,,0.22420999999999996,,-0.9703,,0.0,0.0,0.0,1.0,1.0,5.0,0.0,1,0,0,european_auto,2026-02-03
0.0,0.0,30.0,65.0,,0.22420999999999996,,-0.9703,,0.0,0.0,0.0,1.0,1.0,6.0,0.0,2,0,0,european_auto,2026-02-04
14.0,14.0,14.0,45.0,-0.6555142857142858,-0.6555142857142858,-0.9733,-0.9733,,1.0,1.0,0.0,0.0,1.0,7.0,1.0,3,0,0,european_auto,2026-02-05
0.0,14.0,14.0,44.0,-0.6555142857142858,-0.6555142857142858,-0.9733,-0.9733,,0.0,1.0,0.0,0.0,1.0,8.0,2.0,4,0,0,european_auto,2026-02-06
0.0,14.0,14.0,44.0,-0.6555142857142858,-0.6555142857142858,-0.9733,-0.9733,,0.0,1.0,0.0,0.0,1.0,9.0,2.0,5,1,0,european_auto,2026-02-07
0.0,0.0,14.0,44.0,,-0.6555142857142858,,-0.9733,,0.0,0.0,0.0,0.0,1.0,10.0,1.0,6,1,0,european_auto,2026-02-08
0.0,0.0,14.0,44.0,,-0.6555142857142858,,-0.9733,,0.0,0.0,0.0,0.0,1.0,11.0,0.0,0,0,0,european_auto,2026-02-09
0.0,0.0,14.0,44.0,,-0.6555142857142858,,-0.9733,,0.0,0.0,0.0,0.0,1.0,12.0,0.0,1,0,0,european_auto,2026-02-10
1.0,1.0,15.0,45.0,-0.9621,-0.6759533333333334,-0.9621,-0.9733,,0.0,0.0,0.0,0.0,1.0,13.0,0.0,2,0,0,european_auto,2026-02-11
35.0,36.0,36.0,50.0,-0.6329944444444444,-0.6329944444444444,-0.9757,-0.9757,,1.0,1.0,0.0,0.0,0.0,14.0,0.0,3,0,0,european_auto,2026-02-12
3.0,39.0,39.0,53.0,-0.5543076923076924,-0.5543076923076924,-0.9757,-0.9757,,0.0,1.0,0.0,0.0,0.0,15.0,0.0,4,0,0,european_auto,2026-02-13
0.0,38.0,39.0,53.0,-0.5435763157894737,-0.5543076923076924,-0.9757,-0.9757,0.4185236842105262,0.0,1.0,0.0,0.0,0.0,16.0,0.0,5,1,0,european_auto,2026-02-14
0.0,3.0,39.0,53.0,0.3899333333333333,-0.5543076923076924,-0.475,-0.9757,1.0229277777777777,0.0,0.0,0.0,0.0,0.0,17.0,0.0,6,1,0,european_auto,2026-02-15
0.0,0.0,39.0,53.0,,-0.5543076923076924,,-0.9757,,0.0,0.0,0.0,0.0,0.0,18.0,0.0,0,0,0,european_auto,2026-02-16
0.0,0.0,39.0,53.0,,-0.5543076923076924,,-0.9757,,0.0,0.0,0.0,0.0,0.0,19.0,0.0,1,0,0,european_auto,2026-02-17
1.0,1.0,39.0,54.0,0.0,-0.5296384615384616,0.0,-0.9757,-0.3899333333333333,0.0,0.0,0.0,0.0,0.0,20.0,0.0,2,0,0,european_auto,2026-02-18
24.0,25.0,28.0,64.0,0.321336,0.3286857142857143,-0.8279,-0.8279,,0.0,0.0,0.0,0.0,0.0,21.0,0.0,3,0,0,european_auto,2026-02-19
3.0,28.0,28.0,67.0,0.38335,0.38335,-0.8279,-0.8279,,0.0,0.0,0.0,0.0,0.0,22.0,0.0,4,0,0,european_auto,2026-02-20
1.0,28.0,29.0,68.0,0.3590964285714286,0.3467137931034483,-0.8279,-0.8279,0.3590964285714286,0.0,0.0,0.0,0.0,0.0,23.0,0.0,5,1,0,european_auto,2026-02-21
1.0,5.0,30.0,69.0,0.26538000000000006,0.31201,-0.6944,-0.8279,-0.05595599999999995,0.0,0.0,0.0,0.0,0.0,24.0,0.0,6,1,0,european_auto,2026-02-22
0.0,2.0,30.0,69.0,-0.68675,0.31201,-0.6944,-0.8279,-1.0701,0.0,0.0,0.0,0.0,0.0,25.0,0.0,0,0,1,european_auto,2026-02-23
0.0,1.0,30.0,69.0,-0.6944,0.31201,-0.6944,-0.8279,-1.0534964285714286,0.0,0.0,0.0,0.0,0.0,26.0,0.0,1,0,1,european_auto,2026-02-24
3.0,3.0,32.0,71.0,-0.06373333333333335,0.286534375,-0.7738,-0.8279,-0.3291133333333334,1.0,1.0,0.0,0.0,0.0,27.0,0.0,2,0,1,european_auto,2026-02-25
29.0,32.0,37.0,65.0,-0.4538281249999999,-0.35663783783783776,-0.9759,-0.9759,0.23292187500000006,1.0,2.0,1.0,1.0,1.0,0.0,2.0,3,0,0,european_auto,2026-02-26
0.0,32.0,34.0,62.0,-0.4538281249999999,-0.4675294117647058,-0.9759,-0.9759,0.2405718750000001,0.0,2.0,1.0,1.0,1.0,1.0,2.0,4,0,0,european_auto,2026-02-27
0.0,29.0,33.0,62.0,-0.49418275862068956,-0.46111818181818176,-0.9759,-0.9759,-0.4304494252873562,0.0,1.0,1.0,1.0,1.0,2.0,2.0,5,1,0,european_auto,2026-02-28
0.0,0.0,32.0,62.0,,-0.4538281249999999,,-0.9759,,0.0,0.0,0.0,1.0,1.0,3.0,0.0,6,1,0,european_auto,2026-03-01
0.0,0.0,32.0,62.0,,-0.4538281249999999,,-0.9759,,0.0,0.0,0.0,1.0,1.0,4.0,3.0,0,0,0,european_auto,2026-03-02
0.0,0.0,32.0,62.0,,-0.4538281249999999,,-0.9759,,0.0,0.0,0.0,1.0,1.0,5.0,5.0,1,0,0,european_auto,2026-03-03
0.0,0.0,29.0,61.0,,-0.49418275862068956,,-0.9759,,0.0,0.0,0.0,1.0,1.0,6.0,6.0,2,0,0,european_auto,2026-03-04
17.0,17.0,17.0,54.0,0.13877058823529406,0.13877058823529406,-0.9015,-0.9015,,0.0,0.0,0.0,0.0,1.0,7.0,21.0,3,0,0,european_auto,2026-03-05
2.0,19.0,19.0,53.0,0.12035263157894731,0.12035263157894731,-0.9015,-0.9015,,0.0,0.0,0.0,0.0,1.0,8.0,23.0,4,0,0,european_auto,2026-03-06
0.0,19.0,19.0,52.0,0.12035263157894731,0.12035263157894731,-0.9015,-0.9015,,0.0,0.0,0.0,0.0,1.0,9.0,23.0,5,1,0,european_auto,2026-03-07
0.0,2.0,19.0,51.0,-0.036199999999999954,0.12035263157894731,-0.8563,-0.9015,-0.17497058823529402,0.0,0.0,0.0,0.0,1.0,10.0,7.0,6,1,0,european_auto,2026-03-08
0.0,0.0,19.0,51.0,,0.12035263157894731,,-0.9015,,0.0,0.0,0.0,0.0,1.0,11.0,7.0,0,0,0,european_auto,2026-03-09
0.0,0.0,19.0,51.0,,0.12035263157894731,,-0.9015,,0.0,0.0,0.0,0.0,1.0,12.0,7.0,1,0,0,european_auto,2026-03-10
0.0,0.0,19.0,48.0,,0.12035263157894731,,-0.9015,,0.0,0.0,0.0,0.0,1.0,13.0,8.0,2,0,0,european_auto,2026-03-11
30.0,30.0,32.0,49.0,-0.6330633333333332,-0.5957593749999999,-0.9745,-0.9745,,3.0,3.0,0.0,0.0,0.0,14.0,61.0,3,0,0,european_auto,2026-03-12
0.0,30.0,30.0,49.0,-0.6330633333333332,-0.6330633333333332,-0.9745,-0.9745,,0.0,3.0,0.0,0.0,0.0,15.0,64.0,4,0,0,european_auto,2026-03-13
0.0,30.0,30.0,49.0,-0.6330633333333332,-0.6330633333333332,-0.9745,-0.9745,,0.0,3.0,0.0,0.0,0.0,16.0,61.0,5,1,0,european_auto,2026-03-14
0.0,0.0,30.0,49.0,,-0.6330633333333332,,-0.9745,,0.0,0.0,0.0,0.0,0.0,17.0,6.0,6,1,0,european_auto,2026-03-15
0.0,0.0,30.0,49.0,,-0.6330633333333332,,-0.9745,,0.0,0.0,0.0,0.0,0.0,18.0,4.0,0,0,1,european_auto,2026-03-16
0.0,0.0,30.0,49.0,,-0.6330633333333332,,-0.9745,,0.0,0.0,0.0,0.0,0.0,19.0,4.0,1,0,1,european_auto,2026-03-17
0.0,0.0,30.0,49.0,,-0.6330633333333332,,-0.9745,,0.0,0.0,0.0,0.0,0.0,20.0,4.0,2,0,1,european_auto,2026-03-18
10.0,10.0,10.0,42.0,0.25646,0.25646,-0.9406,-0.9406,,0.0,0.0,1.0,1.0,1.0,0.0,19.0,3,0,0,european_auto,2026-03-19
6.0,16.0,16.0,46.0,0.31905000000000006,0.31904999999999983,-0.9406,-0.9406,,0.0,0.0,1.0,1.0,1.0,1.0,24.0,4,0,0,european_auto,2026-03-20
1.0,17.0,17.0,47.0,0.24809411764705888,0.24809411764705866,-0.9406,-0.9406,,0.0,0.0,1.0,1.0,1.0,2.0,23.0,5,1,0,european_auto,2026-03-21
0.0,7.0,17.0,47.0,0.2361428571428572,0.24809411764705866,-0.9402,-0.9406,-0.02031714285714281,0.0,0.0,0.0,1.0,1.0,3.0,7.0,6,1,0,european_auto,2026-03-22
0.0,1.0,17.0,47.0,-0.8872,0.24809411764705866,-0.8872,-0.9406,-1.20625,0.0,0.0,0.0,1.0,1.0,4.0,3.0,0,0,1,european_auto,2026-03-23
0.0,0.0,17.0,47.0,,0.24809411764705866,,-0.9406,,0.0,0.0,0.0,1.0,1.0,5.0,4.0,1,0,1,european_auto,2026-03-24
1.0,1.0,18.0,48.0,-0.5198,0.20543333333333316,-0.5198,-0.9406,-0.7559428571428572,0.0,0.0,0.0,1.0,1.0,6.0,4.0,2,0,1,european_auto,2026-03-25
13.0,14.0,21.0,31.0,0.3971,0.3434476190476189,-0.9018,-0.9402,1.2843,1.0,1.0,1.0,1.0,2.0,0.0,10.0,3,0,0,european_auto,2026-03-26
1.0,15.0,16.0,32.0,0.41362,0.3323187499999998,-0.9018,-0.9018,,1.0,2.0,1.0,1.0,2.0,1.0,10.0,4,0,0,european_auto,2026-03-27
0.0,14.0,15.0,32.0,0.48029285714285713,0.41361999999999977,-0.9018,-0.9018,1.0000928571428571,0.0,2.0,1.0,1.0,2.0,2.0,9.0,5,1,0,european_auto,2026-03-28
0.0,1.0,15.0,32.0,0.6449,0.41361999999999977,0.6449,-0.9018,0.24780000000000002,0.0,1.0,0.0,1.0,2.0,3.0,2.0,6,1,0,european_auto,2026-03-29
1.0,1.0,16.0,33.0,-0.7546,0.3406062499999998,-0.7546,-0.9018,-1.16822,0.0,0.0,0.0,1.0,2.0,4.0,0.0,0,0,0,european_auto,2026-03-30
0.0,1.0,16.0,33.0,-0.7546,0.3406062499999998,-0.7546,-0.9018,-1.2348928571428572,0.0,0.0,0.0,1.0,2.0,5.0,0.0,1,0,0,european_auto,2026-03-31
0.0,1.0,15.0,33.0,-0.7546,0.3979666666666664,-0.7546,-0.9018,-1.3995000000000002,0.0,0.0,0.0,1.0,2.0,6.0,1.0,2,0,0,european_auto,2026-04-01
22.0,22.0,24.0,45.0,0.38696818181818177,0.3501499999999998,-0.8699,-0.8699,1.1415681818181818,2.0,2.0,0.0,0.0,1.0,7.0,6.0,3,0,0,european_auto,2026-04-02
5.0,27.0,28.0,44.0,0.44964074074074073,0.4066321428571427,-0.8699,-0.8699,1.2042407407407407,0.0,2.0,0.0,0.0,1.0,8.0,6.0,4,0,0,european_auto,2026-04-03
0.0,27.0,28.0,43.0,0.44964074074074073,0.4066321428571427,-0.8699,-0.8699,1.2042407407407407,0.0,2.0,0.0,0.0,1.0,9.0,5.0,5,1,0,european_auto,2026-04-04
0.0,5.0,28.0,43.0,0.7254,0.4066321428571427,0.0,-0.8699,0.3384318181818183,0.0,0.0,0.0,0.0,1.0,10.0,0.0,6,1,0,european_auto,2026-04-05
0.0,0.0,27.0,43.0,,0.4496407407407406,,-0.8699,,0.0,0.0,0.0,0.0,1.0,11.0,2.0,0,0,0,european_auto,2026-04-06
1.0,1.0,28.0,44.0,0.0,0.43358214285714275,0.0,-0.8699,-0.44964074074074073,0.0,0.0,0.0,0.0,1.0,12.0,3.0,1,0,0,european_auto,2026-04-07
2.0,3.0,30.0,45.0,-0.30319999999999997,0.3743566666666665,-0.9096,-0.9096,-1.0286,0.0,0.0,0.0,0.0,1.0,13.0,4.0,2,0,0,european_auto,2026-04-08
15.0,18.0,23.0,47.0,0.15712222222222222,0.28066086956521724,-0.9205,-0.9205,,1.0,1.0,0.0,0.0,0.0,14.0,11.0,3,0,0,european_auto,2026-04-09
1.0,18.0,19.0,47.0,0.10748888888888888,0.10183157894736825,-0.9205,-0.9205,0.10748888888888888,0.0,1.0,0.0,0.0,0.0,15.0,14.0,4,0,0,european_auto,2026-04-10
0.0,16.0,19.0,47.0,0.177775,0.10183157894736825,-0.9205,-0.9205,0.48097499999999993,0.0,1.0,0.0,0.0,0.0,16.0,13.0,5,1,0,european_auto,2026-04-11
2.0,3.0,21.0,49.0,-0.618,0.04639047619047604,-0.9606,-0.9606,-0.7751222222222223,1.0,1.0,0.0,0.0,0.0,17.0,5.0,6,1,0,european_auto,2026-04-12
1.0,3.0,22.0,49.0,-0.3202000000000001,0.04428181818181803,-0.9606,-0.9606,-0.427688888888889,0.0,1.0,0.0,0.0,0.0,18.0,8.0,0,0,1,european_auto,2026-04-13
0.0,3.0,21.0,49.0,-0.3202000000000001,0.04639047619047604,-0.9606,-0.9606,-0.49797500000000006,0.0,1.0,0.0,0.0,0.0,19.0,13.0,1,0,1,european_auto,2026-04-14
1.0,2.0,20.0,50.0,0.4725999999999999,0.14144999999999985,0.0,-0.9606,1.0905999999999998,1.0,1.0,0.0,0.0,0.0,20.0,14.0,2,0,1,european_auto,2026-04-15
26.0,27.0,31.0,54.0,0.4699629629629629,0.3495161290322579,-0.882,-0.9606,0.790162962962963,2.0,3.0,1.0,1.0,1.0,0.0,42.0,3,0,0,european_auto,2026-04-16
0.0,27.0,30.0,49.0,0.4699629629629629,0.3909466666666665,-0.882,-0.9606,0.790162962962963,0.0,3.0,1.0,1.0,1.0,1.0,40.0,4,0,0,european_auto,2026-04-17
0.0,26.0,30.0,49.0,0.45168461538461535,0.3909466666666665,-0.882,-0.9606,-0.020915384615384558,0.0,2.0,1.0,1.0,1.0,2.0,39.0,5,1,0,european_auto,2026-04-18
0.0,0.0,28.0,49.0,,0.45317857142857126,,-0.882,,0.0,0.0,0.0,1.0,1.0,3.0,5.0,6,1,0,european_auto,2026-04-19
0.0,0.0,27.0,49.0,,0.46996296296296275,,-0.882,,0.0,0.0,0.0,1.0,1.0,4.0,5.0,0,0,1,european_auto,2026-04-20
0.0,0.0,27.0,48.0,,0.46996296296296275,,-0.882,,0.0,0.0,0.0,1.0,1.0,5.0,5.0,1,0,1,european_auto,2026-04-21
0.0,0.0,26.0,46.0,,0.45168461538461535,,-0.882,,0.0,0.0,0.0,1.0,1.0,6.0,7.0,2,0,1,european_auto,2026-04-22
24.0,24.0,24.0,55.0,-0.6098166666666666,-0.6098166666666666,-0.9764,-0.9764,,5.0,5.0,1.0,1.0,2.0,0.0,78.0,3,0,0,european_auto,2026-04-23
1.0,25.0,25.0,55.0,-0.5854239999999998,-0.585424,-0.9764,-0.9764,,0.0,5.0,1.0,1.0,2.0,1.0,78.0,4,0,0,european_auto,2026-04-24
1.0,26.0,26.0,56.0,-0.5312076923076922,-0.5312076923076924,-0.9764,-0.9764,,0.0,5.0,1.0,1.0,2.0,2.0,78.0,5,1,0,european_auto,2026-04-25
0.0,2.0,26.0,54.0,0.4120999999999997,-0.5312076923076924,0.0,-0.9764,1.0219166666666664,0.0,0.0,0.0,1.0,2.0,3.0,5.0,6,1,0,european_auto,2026-04-26
2.0,3.0,28.0,55.0,0.27473333333333333,-0.49326428571428577,0.0,-0.9764,0.8601573333333332,0.0,0.0,0.0,1.0,2.0,4.0,6.0,0,0,0,european_auto,2026-04-27
0.0,2.0,28.0,55.0,0.0,-0.49326428571428577,0.0,-0.9764,0.5312076923076922,0.0,0.0,0.0,1.0,2.0,5.0,4.0,1,0,0,european_auto,2026-04-28
1.0,3.0,29.0,55.0,-0.3239666666666667,-0.5097689655172414,-0.9719,-0.9764,-0.7360666666666664,0.0,0.0,0.0,1.0,2.0,6.0,7.0,2,0,0,european_auto,2026-04-29
25.0,26.0,30.0,54.0,-0.4996461538461538,-0.40555333333333343,-0.9734,-0.9734,-0.7743794871794871,5.0,5.0,0.0,0.0,1.0,7.0,93.0,3,0,0,european_auto,2026-04-30
0.0,26.0,29.0,54.0,-0.4996461538461538,-0.41953793103448284,-0.9734,-0.9734,-0.4996461538461538,0.0,5.0,0.0,0.0,1.0,8.0,93.0,4,0,0,european_auto,2026-05-01
1.0,26.0,29.0,55.0,-0.49507307692307684,-0.4773724137931035,-0.9734,-0.9734,-0.17110641025641016,0.0,5.0,0.0,0.0,1.0,9.0,91.0,5,1,0,european_auto,2026-05-02
0.0,1.0,29.0,55.0,-0.853,-0.4773724137931035,-0.853,-0.9734,-0.3533538461538462,0.0,0.0,0.0,0.0,1.0,10.0,5.0,6,1,0,european_auto,2026-05-03
1.0,2.0,28.0,56.0,-0.4265,-0.4944214285714286,-0.853,-0.9734,0.0731461538461538,0.0,0.0,0.0,0.0,1.0,11.0,8.0,0,0,0,european_auto,2026-05-04
1.0,2.0,29.0,57.0,-0.30185,-0.49818965517241387,-0.6037,-0.9734,0.19322307692307683,0.0,0.0,0.0,0.0,1.0,12.0,7.0,1,0,0,european_auto,2026-05-05
1.0,3.0,29.0,58.0,-0.46690000000000004,-0.49215862068965527,-0.797,-0.9734,0.38609999999999994,0.0,0.0,0.0,0.0,1.0,13.0,9.0,2,0,0,european_auto,2026-05-06
20.0,22.0,24.0,54.0,-0.11318636363636368,-0.13929583333333354,-0.9751,-0.9751,0.3133136363636363,0.0,0.0,0.0,0.0,0.0,14.0,21.0,3,0,0,european_auto,2026-05-07
0.0,21.0,24.0,53.0,-0.08982857142857148,-0.13929583333333354,-0.9751,-0.9751,0.21202142857142853,0.0,0.0,0.0,0.0,0.0,15.0,23.0,4,0,0,european_auto,2026-05-08
0.0,20.0,23.0,52.0,-0.05447000000000005,-0.10826521739130454,-0.9751,-0.9751,0.41242999999999996,0.0,0.0,0.0,0.0,0.0,16.0,19.0,5,1,0,european_auto,2026-05-09
0.0,0.0,23.0,52.0,,-0.10826521739130454,,-0.9751,,0.0,0.0,0.0,0.0,0.0,17.0,4.0,6,1,0,european_auto,2026-05-10
0.0,0.0,22.0,50.0,,-0.11318636363636383,,-0.9751,,0.0,0.0,0.0,0.0,0.0,18.0,1.0,0,0,0,european_auto,2026-05-11
0.0,0.0,21.0,50.0,,-0.08982857142857165,,-0.9751,,0.0,0.0,0.0,0.0,0.0,19.0,1.0,1,0,0,european_auto,2026-05-12
0.0,0.0,20.0,49.0,,-0.05447000000000005,,-0.9751,,0.0,0.0,0.0,0.0,0.0,20.0,0.0,2,0,0,european_auto,2026-05-13
19.0,19.0,19.0,43.0,0.4548526315789475,0.4548526315789475,-0.7885,-0.7885,,0.0,0.0,0.0,0.0,0.0,21.0,7.0,3,0,0,european_auto,2026-05-14
0.0,19.0,19.0,43.0,0.4548526315789475,0.4548526315789475,-0.7885,-0.7885,,0.0,0.0,0.0,0.0,0.0,22.0,7.0,4,0,0,european_auto,2026-05-15
0.0,19.0,19.0,42.0,0.4548526315789475,0.4548526315789475,-0.7885,-0.7885,,0.0,0.0,0.0,0.0,0.0,23.0,7.0,5,1,1,european_auto,2026-05-16
0.0,0.0,19.0,42.0,,0.4548526315789475,,-0.7885,,0.0,0.0,0.0,0.0,0.0,24.0,0.0,6,1,1,european_auto,2026-05-17
0.0,0.0,19.0,41.0,,0.4548526315789475,,-0.7885,,0.0,0.0,0.0,0.0,0.0,25.0,0.0,0,0,1,european_auto,2026-05-18
0.0,0.0,19.0,40.0,,0.4548526315789475,,-0.7885,,0.0,0.0,1.0,1.0,1.0,0.0,1.0,1,0,0,european_auto,2026-05-19
0.0,0.0,19.0,39.0,,0.4548526315789475,,-0.7885,,0.0,0.0,1.0,1.0,1.0,1.0,1.0,2,0,0,european_auto,2026-05-20
1.0,1.0,1.0,20.0,0.8947,0.8947,0.8947,0.8947,,0.0,0.0,1.0,1.0,1.0,2.0,1.0,3,0,0,european_auto,2026-05-21
1.0,2.0,2.0,21.0,0.44735,0.44734999999999825,0.0,0.0,,0.0,0.0,0.0,1.0,1.0,3.0,0.0,4,0,0,european_auto,2026-05-22
0.0,2.0,2.0,21.0,0.44735,0.44734999999999825,0.0,0.0,,0.0,0.0,0.0,1.0,1.0,4.0,1.0,5,1,0,european_auto,2026-05-23
0.0,1.0,2.0,21.0,0.0,0.44734999999999825,0.0,0.0,-0.8947,0.0,0.0,0.0,1.0,1.0,5.0,2.0,6,1,0,european_auto,2026-05-24
1.0,1.0,3.0,22.0,0.0,0.2982333333333322,0.0,0.0,-0.44735,0.0,0.0,0.0,1.0,1.0,6.0,3.0,0,0,0,european_auto,2026-05-25
3.0,4.0,6.0,25.0,-0.243025,-0.012900000000000578,-0.9721,-0.9721,-0.690375,0.0,0.0,0.0,0.0,1.0,7.0,2.0,1,0,0,european_auto,2026-05-26
4.0,8.0,10.0,29.0,-0.24559999999999998,-0.10701000000000035,-0.9737,-0.9737,-0.24559999999999998,0.0,0.0,0.0,0.0,1.0,8.0,1.0,2,0,0,european_auto,2026-05-27
1.0,8.0,10.0,11.0,-0.24559999999999998,-0.19648000000000035,-0.9737,-0.9737,-0.24559999999999998,0.0,0.0,0.0,0.0,1.0,9.0,0.0,3,0,0,european_auto,2026-05-28
3.0,8.0,12.0,14.0,0.1596625,0.025433333333333048,-0.9737,-0.9737,0.4026875,0.0,0.0,0.0,0.0,1.0,10.0,0.0,4,0,0,european_auto,2026-05-29
3.0,7.0,15.0,17.0,0.2450857142857143,-0.01661333333333356,-0.5544,-0.9737,0.4906857142857143,0.0,0.0,0.0,0.0,1.0,11.0,1.0,5,1,0,european_auto,2026-05-30
0.0,6.0,15.0,17.0,0.2859333333333334,-0.01661333333333356,-0.5544,-0.9737,0.5315333333333334,0.0,0.0,0.0,0.0,1.0,12.0,1.0,6,1,0,european_auto,2026-05-31
3.0,6.0,17.0,20.0,0.06418333333333337,0.04060588235294098,-0.5544,-0.9737,-0.09547916666666664,0.0,0.0,0.0,0.0,1.0,13.0,2.0,0,0,0,european_auto,2026-06-01
1.0,4.0,15.0,21.0,0.46210000000000007,0.17141999999999977,0.0,-0.9737,0.21701428571428577,0.0,0.0,0.0,0.0,0.0,14.0,2.0,1,0,0,european_auto,2026-06-02
1.0,5.0,12.0,22.0,0.5573400000000001,0.37519166666666637,0.0,-0.5544,0.2714066666666667,0.0,0.0,0.0,0.0,0.0,15.0,2.0,2,0,0,european_auto,2026-06-03
1.0,3.0,12.0,22.0,0.6157333333333335,0.37519166666666637,0.0,-0.5544,0.5515500000000001,0.0,0.0,0.0,0.0,0.0,16.0,1.0,3,0,0,european_auto,2026-06-04
1.0,3.0,10.0,22.0,0.10520000000000007,0.1609599999999997,-0.6227,-0.6227,-0.3569,0.0,0.0,0.0,0.0,0.0,17.0,0.0,4,0,0,european_auto,2026-06-05
1.0,3.0,8.0,23.0,-0.2075666666666666,0.27049999999999963,-0.6227,-0.6227,-0.7649066666666666,0.0,0.0,0.0,0.0,0.0,18.0,0.0,5,1,0,european_auto,2026-06-06
0.0,2.0,8.0,23.0,-0.3113499999999999,0.27049999999999963,-0.6227,-0.6227,-0.9270833333333334,0.0,0.0,0.0,0.0,0.0,19.0,0.0,6,1,0,european_auto,2026-06-07
5.0,6.0,10.0,27.0,0.26528333333333337,0.28161999999999965,0.0,-0.6227,0.1600833333333333,0.0,0.0,0.0,0.0,0.0,20.0,0.0,0,0,0,european_auto,2026-06-08
5.0,10.0,14.0,29.0,0.51417,0.38980714285714263,0.0,-0.6227,0.7217366666666666,0.0,0.0,0.0,0.0,0.0,21.0,0.0,1,0,0,european_auto,2026-06-09
7.0,17.0,20.0,32.0,0.5377882352941177,0.42598499999999984,0.0,-0.6227,0.8491382352941176,0.0,0.0,0.0,0.0,0.0,22.0,0.0,2,0,0,european_auto,2026-06-10
6.0,18.0,25.0,37.0,0.6924944444444444,0.5373559999999998,0.0,-0.6227,0.42721111111111104,0.0,0.0,0.0,0.0,0.0,23.0,0.0,3,0,0,european_auto,2026-06-11
4.0,17.0,28.0,38.0,0.5767235294117646,0.5337857142857142,0.0,0.0,0.06255352941176462,0.0,0.0,0.0,0.0,0.0,24.0,0.0,4,0,0,european_auto,2026-06-12
1.0,11.0,28.0,36.0,0.5975545454545453,0.561267857142857,0.0,0.0,0.05976631016042766,0.0,0.0,0.0,0.0,0.0,25.0,0.0,5,1,0,european_auto,2026-06-13
2.0,7.0,30.0,38.0,0.45762857142857144,0.5753333333333333,0.0,0.0,-0.23486587301587297,0.0,0.0,0.0,0.0,0.0,26.0,0.0,6,1,0,european_auto,2026-06-14
5.0,8.0,30.0,40.0,0.6103625,0.6079066666666666,0.0,0.0,0.033638970588235395,0.0,0.0,0.0,0.0,0.0,27.0,0.0,0,0,0,european_auto,2026-06-15
18.0,25.0,43.0,57.0,0.607712,0.5992232558139534,-0.5169,-0.5169,0.010157454545454692,0.0,0.0,0.0,0.0,0.0,28.0,0.0,1,0,0,european_auto,2026-06-16
11.0,34.0,47.0,67.0,0.4188911764705882,0.4757425531914893,-0.5169,-0.5169,-0.03873739495798323,0.0,0.0,0.0,0.0,0.0,29.0,0.0,2,0,0,european_auto,2026-06-17
12.0,41.0,53.0,78.0,0.3607512195121951,0.3879830188679245,-0.7061,-0.7061,-0.24961128048780495,0.0,0.0,0.0,0.0,0.0,30.0,0.0,3,0,0,european_auto,2026-06-18
13.0,36.0,62.0,90.0,0.3834416666666667,0.48009999999999997,-0.7061,-0.7061,-0.22427033333333335,0.0,0.0,0.0,0.0,0.0,31.0,1.0,4,0,0,european_auto,2026-06-19
4.0,29.0,65.0,93.0,0.535048275862069,0.48158769230769227,-0.7061,-0.7061,0.11615709939148083,0.0,0.0,0.0,0.0,0.0,32.0,1.0,5,1,0,european_auto,2026-06-20
4.0,21.0,67.0,97.0,0.544652380952381,0.42981194029850744,-0.9613,-0.9613,0.18390116144018592,0.0,0.0,0.0,0.0,0.0,33.0,2.0,6,1,0,european_auto,2026-06-21
16.0,24.0,78.0,108.0,0.3654458333333333,0.4314615384615384,-0.9613,-0.9613,-0.017995833333333378,0.0,0.0,0.0,0.0,0.0,34.0,1.0,0,0,0,european_auto,2026-06-22
12.0,32.0,72.0,115.0,0.30150625,0.3577583333333333,-0.9613,-0.9613,-0.23354202586206907,0.0,0.0,0.0,0.0,0.0,35.0,3.0,1,0,0,european_auto,2026-06-23
0.0,28.0,61.0,108.0,0.37891071428571427,0.41253442622950814,-0.9419,-0.9613,-0.16574166666666673,0.0,0.0,0.0,0.0,0.0,36.0,3.0,2,0,0,european_auto,2026-06-24
0.0,0.0,0.0,0.0,,,,,,0.0,0.0,0.0,0.0,0.0,999.0,0.0,2,0,0,critical_materials,2025-01-01
2.0,2.0,2.0,2.0,0.0,0.0,0.0,0.0,,0.0,0.0,0.0,0.0,0.0,999.0,0.0,3,0,0,critical_materials,2025-01-02
9.0,11.0,11.0,11.0,-0.19622727272727272,-0.19622727272727272,-0.9104,-0.9104,,0.0,0.0,0.0,0.0,0.0,999.0,1.0,4,0,0,critical_materials,2025-01-03
0.0,11.0,11.0,11.0,-0.19622727272727272,-0.19622727272727272,-0.9104,-0.9104,,0.0,0.0,0.0,0.0,0.0,999.0,2.0,5,1,0,critical_materials,2025-01-04
0.0,9.0,11.0,11.0,-0.23983333333333334,-0.19622727272727272,-0.9104,-0.9104,-0.23983333333333334,0.0,0.0,0.0,0.0,0.0,999.0,2.0,6,1,0,critical_materials,2025-01-05
0.0,0.0,11.0,11.0,,-0.19622727272727272,,-0.9104,,0.0,0.0,0.0,0.0,0.0,999.0,1.0,0,0,0,critical_materials,2025-01-06
0.0,0.0,11.0,11.0,,-0.19622727272727272,,-0.9104,,0.0,0.0,0.0,0.0,0.0,999.0,0.0,1,0,0,critical_materials,2025-01-07
0.0,0.0,11.0,11.0,,-0.19622727272727272,,-0.9104,,0.0,0.0,0.0,0.0,0.0,999.0,0.0,2,0,0,critical_materials,2025-01-08
0.0,0.0,9.0,11.0,,-0.23983333333333334,,-0.9104,,0.0,0.0,0.0,0.0,0.0,999.0,0.0,3,0,0,critical_materials,2025-01-09
8.0,8.0,8.0,19.0,0.4761375,0.4761375,0.0,0.0,,1.0,1.0,0.0,0.0,0.0,999.0,0.0,4,0,0,critical_materials,2025-01-10
0.0,8.0,8.0,19.0,0.4761375,0.4761375,0.0,0.0,,0.0,1.0,0.0,0.0,0.0,999.0,0.0,5,1,0,critical_materials,2025-01-11
0.0,8.0,8.0,19.0,0.4761375,0.4761375,0.0,0.0,,0.0,1.0,0.0,0.0,0.0,999.0,0.0,6,1,0,critical_materials,2025-01-12
0.0,0.0,8.0,19.0,,0.4761375,,0.0,,0.0,0.0,0.0,0.0,0.0,999.0,0.0,0,0,0,critical_materials,2025-01-13
0.0,0.0,8.0,19.0,,0.4761375,,0.0,,0.0,0.0,0.0,0.0,0.0,999.0,0.0,1,0,0,critical_materials,2025-01-14
0.0,0.0,8.0,19.0,,0.4761375,,0.0,,0.0,0.0,0.0,0.0,0.0,999.0,0.0,2,0,0,critical_materials,2025-01-15
5.0,5.0,13.0,22.0,-0.10286,0.2534461538461538,-0.5143,-0.5143,,0.0,0.0,0.0,0.0,0.0,999.0,1.0,3,0,0,critical_materials,2025-01-16
11.0,16.0,16.0,24.0,-0.20931249999999998,-0.20931249999999998,-0.91,-0.91,,1.0,1.0,0.0,0.0,0.0,999.0,1.0,4,0,0,critical_materials,2025-01-17
0.0,16.0,16.0,24.0,-0.20931249999999998,-0.20931249999999998,-0.91,-0.91,,0.0,1.0,0.0,0.0,0.0,999.0,1.0,5,1,0,critical_materials,2025-01-18
0.0,11.0,16.0,24.0,-0.2577,-0.20931249999999998,-0.91,-0.91,-0.15483999999999998,0.0,1.0,0.0,0.0,0.0,999.0,0.0,6,1,0,critical_materials,2025-01-19
0.0,0.0,16.0,24.0,,-0.20931249999999998,,-0.91,,0.0,0.0,0.0,0.0,0.0,999.0,0.0,0,0,0,critical_materials,2025-01-20
0.0,0.0,16.0,24.0,,-0.20931249999999998,,-0.91,,0.0,0.0,0.0,0.0,0.0,999.0,0.0,1,0,0,critical_materials,2025-01-21
0.0,0.0,16.0,24.0,,-0.20931249999999998,,-0.91,,0.0,0.0,0.0,0.0,0.0,999.0,0.0,2,0,0,critical_materials,2025-01-22
0.0,0.0,11.0,24.0,,-0.2577,,-0.91,,0.0,0.0,0.0,0.0,0.0,999.0,0.0,3,0,0,critical_materials,2025-01-23
10.0,10.0,10.0,26.0,0.43339,0.43339,0.0,0.0,,1.0,1.0,0.0,0.0,0.0,999.0,0.0,4,0,0,critical_materials,2025-01-24
0.0,10.0,10.0,26.0,0.43339,0.43339,0.0,0.0,,0.0,1.0,0.0,0.0,0.0,999.0,0.0,5,1,0,critical_materials,2025-01-25
0.0,10.0,10.0,26.0,0.43339,0.43339,0.0,0.0,,0.0,1.0,0.0,0.0,0.0,999.0,0.0,6,1,0,critical_materials,2025-01-26
0.0,0.0,10.0,26.0,,0.43339,,0.0,,0.0,0.0,0.0,0.0,0.0,999.0,0.0,0,0,0,critical_materials,2025-01-27
0.0,0.0,10.0,26.0,,0.43339,,0.0,,0.0,0.0,0.0,0.0,0.0,999.0,0.0,1,0,1,critical_materials,2025-01-28
0.0,0.0,10.0,26.0,,0.43339,,0.0,,0.0,0.0,0.0,0.0,0.0,999.0,0.0,2,0,1,critical_materials,2025-01-29
9.0,9.0,19.0,30.0,0.12029999999999998,0.2850842105263158,-0.7733,-0.7733,,1.0,1.0,0.0,0.0,0.0,999.0,0.0,3,0,1,critical_materials,2025-01-30
10.0,19.0,19.0,29.0,0.022794736842105253,0.022794736842105253,-0.9656,-0.9656,,1.0,2.0,1.0,1.0,1.0,0.0,1.0,4,0,0,critical_materials,2025-01-31
0.0,19.0,19.0,29.0,0.022794736842105253,0.022794736842105253,-0.9656,-0.9656,,0.0,2.0,1.0,1.0,1.0,1.0,1.0,5,1,0,critical_materials,2025-02-01
0.0,10.0,19.0,29.0,-0.06495999999999999,0.022794736842105253,-0.9656,-0.9656,-0.18525999999999998,0.0,1.0,1.0,1.0,1.0,2.0,1.0,6,1,0,critical_materials,2025-02-02
0.0,0.0,19.0,29.0,,0.022794736842105253,,-0.9656,,0.0,0.0,0.0,1.0,1.0,3.0,0.0,0,0,0,critical_materials,2025-02-03
0.0,0.0,19.0,29.0,,0.022794736842105253,,-0.9656,,0.0,0.0,0.0,1.0,1.0,4.0,0.0,1,0,0,critical_materials,2025-02-04
0.0,0.0,19.0,29.0,,0.022794736842105253,,-0.9656,,0.0,0.0,0.0,1.0,1.0,5.0,0.0,2,0,0,critical_materials,2025-02-05
2.0,2.0,12.0,31.0,-0.5908,-0.15259999999999999,-0.6415,-0.9656,,0.0,0.0,0.0,1.0,1.0,6.0,0.0,3,0,0,critical_materials,2025-02-06
24.0,26.0,26.0,45.0,-0.12867307692307695,-0.12867307692307695,-0.9703,-0.9703,,0.0,0.0,0.0,0.0,1.0,7.0,2.0,4,0,0,critical_materials,2025-02-07
0.0,26.0,26.0,45.0,-0.12867307692307695,-0.12867307692307695,-0.9703,-0.9703,,0.0,0.0,0.0,0.0,1.0,8.0,2.0,5,1,0,critical_materials,2025-02-08
0.0,24.0,26.0,45.0,-0.09016250000000002,-0.12867307692307695,-0.9703,-0.9703,0.5006375,0.0,0.0,0.0,0.0,1.0,9.0,2.0,6,1,0,critical_materials,2025-02-09
0.0,0.0,26.0,45.0,,-0.12867307692307695,,-0.9703,,0.0,0.0,0.0,0.0,1.0,10.0,0.0,0,0,0,critical_materials,2025-02-10
0.0,0.0,26.0,45.0,,-0.12867307692307695,,-0.9703,,0.0,0.0,0.0,0.0,1.0,11.0,0.0,1,0,0,critical_materials,2025-02-11
0.0,0.0,26.0,45.0,,-0.12867307692307695,,-0.9703,,0.0,0.0,0.0,0.0,1.0,12.0,0.0,2,0,0,critical_materials,2025-02-12
1.0,1.0,25.0,37.0,0.0,-0.08655600000000002,0.0,-0.9703,,0.0,0.0,0.0,0.0,1.0,13.0,0.0,3,0,0,critical_materials,2025-02-13
19.0,20.0,20.0,46.0,-0.3893750000000001,-0.3893750000000001,-0.9694,-0.9694,,2.0,2.0,0.0,0.0,0.0,14.0,1.0,4,0,0,critical_materials,2025-02-14
0.0,20.0,20.0,46.0,-0.3893750000000001,-0.3893750000000001,-0.9694,-0.9694,,0.0,2.0,0.0,0.0,0.0,15.0,1.0,5,1,0,critical_materials,2025-02-15
0.0,19.0,20.0,46.0,-0.40986842105263166,-0.3893750000000001,-0.9694,-0.9694,-0.40986842105263166,0.0,2.0,0.0,0.0,0.0,16.0,1.0,6,1,0,critical_materials,2025-02-16
0.0,0.0,20.0,46.0,,-0.3893750000000001,,-0.9694,,0.0,0.0,0.0,0.0,0.0,17.0,0.0,0,0,0,critical_materials,2025-02-17
0.0,0.0,20.0,46.0,,-0.3893750000000001,,-0.9694,,0.0,0.0,0.0,0.0,0.0,18.0,0.0,1,0,0,critical_materials,2025-02-18
0.0,0.0,20.0,46.0,,-0.3893750000000001,,-0.9694,,0.0,0.0,0.0,0.0,0.0,19.0,0.0,2,0,0,critical_materials,2025-02-19
2.0,2.0,21.0,46.0,0.0,-0.3708333333333334,0.0,-0.9694,,0.0,0.0,0.0,0.0,0.0,20.0,0.0,3,0,0,critical_materials,2025-02-20
11.0,13.0,13.0,33.0,-0.059092307692307694,-0.059092307692307694,-0.8575,-0.8575,,1.0,1.0,0.0,0.0,0.0,21.0,0.0,4,0,0,critical_materials,2025-02-21
0.0,13.0,13.0,33.0,-0.059092307692307694,-0.059092307692307694,-0.8575,-0.8575,,0.0,1.0,0.0,0.0,0.0,22.0,0.0,5,1,0,critical_materials,2025-02-22
0.0,11.0,13.0,33.0,-0.06983636363636364,-0.059092307692307694,-0.8575,-0.8575,-0.06983636363636364,0.0,1.0,0.0,0.0,0.0,23.0,0.0,6,1,0,critical_materials,2025-02-23
0.0,0.0,13.0,33.0,,-0.059092307692307694,,-0.8575,,0.0,0.0,0.0,0.0,0.0,24.0,0.0,0,0,0,critical_materials,2025-02-24
0.0,0.0,13.0,33.0,,-0.059092307692307694,,-0.8575,,0.0,0.0,0.0,0.0,0.0,25.0,0.0,1,0,0,critical_materials,2025-02-25
0.0,0.0,13.0,33.0,,-0.059092307692307694,,-0.8575,,0.0,0.0,0.0,0.0,0.0,26.0,0.0,2,0,0,critical_materials,2025-02-26
2.0,2.0,13.0,34.0,0.2815,-0.01578461538461539,0.0,-0.8575,,0.0,0.0,0.0,0.0,0.0,27.0,0.0,3,0,0,critical_materials,2025-02-27
28.0,30.0,30.0,43.0,0.053966666666666656,0.053966666666666656,-0.9536,-0.9536,,1.0,1.0,0.0,0.0,0.0,28.0,0.0,4,0,0,critical_materials,2025-02-28
0.0,30.0,30.0,43.0,0.053966666666666656,0.053966666666666656,-0.9536,-0.9536,,0.0,1.0,0.0,0.0,0.0,29.0,0.0,5,1,0,critical_materials,2025-03-01
0.0,28.0,30.0,43.0,0.03771428571428571,0.053966666666666656,-0.9536,-0.9536,-0.24378571428571427,0.0,1.0,0.0,0.0,0.0,30.0,0.0,6,1,0,critical_materials,2025-03-02
0.0,0.0,30.0,43.0,,0.053966666666666656,,-0.9536,,0.0,0.0,0.0,0.0,0.0,31.0,0.0,0,0,0,critical_materials,2025-03-03
0.0,0.0,30.0,43.0,,0.053966666666666656,,-0.9536,,0.0,0.0,0.0,0.0,0.0,32.0,0.0,1,0,0,critical_materials,2025-03-04
0.0,0.0,30.0,43.0,,0.053966666666666656,,-0.9536,,0.0,0.0,0.0,0.0,0.0,33.0,0.0,2,0,0,critical_materials,2025-03-05
15.0,15.0,43.0,56.0,0.27085333333333333,0.11904186046511628,-0.8002,-0.9536,,2.0,2.0,0.0,0.0,0.0,34.0,0.0,3,0,0,critical_materials,2025-03-06
0.0,15.0,15.0,45.0,0.27085333333333333,0.27085333333333333,-0.8002,-0.8002,,0.0,2.0,0.0,0.0,0.0,35.0,0.0,4,0,0,critical_materials,2025-03-07
0.0,15.0,15.0,45.0,0.27085333333333333,0.27085333333333333,-0.8002,-0.8002,,0.0,2.0,0.0,0.0,0.0,36.0,0.0,5,1,0,critical_materials,2025-03-08
0.0,0.0,15.0,45.0,,0.27085333333333333,,-0.8002,,0.0,0.0,0.0,0.0,0.0,37.0,0.0,6,1,0,critical_materials,2025-03-09
0.0,0.0,15.0,45.0,,0.27085333333333333,,-0.8002,,0.0,0.0,0.0,0.0,0.0,38.0,0.0,0,0,0,critical_materials,2025-03-10
0.0,0.0,15.0,45.0,,0.27085333333333333,,-0.8002,,0.0,0.0,0.0,0.0,0.0,39.0,0.0,1,0,0,critical_materials,2025-03-11
0.0,0.0,15.0,45.0,,0.27085333333333333,,-0.8002,,0.0,0.0,0.0,0.0,0.0,40.0,0.0,2,0,0,critical_materials,2025-03-12
12.0,12.0,12.0,55.0,0.07048333333333334,0.07048333333333334,-0.81,-0.81,,1.0,1.0,0.0,0.0,0.0,41.0,0.0,3,0,0,critical_materials,2025-03-13
0.0,12.0,12.0,27.0,0.07048333333333334,0.07048333333333334,-0.81,-0.81,,0.0,1.0,0.0,0.0,0.0,42.0,0.0,4,0,0,critical_materials,2025-03-14
0.0,12.0,12.0,27.0,0.07048333333333334,0.07048333333333334,-0.81,-0.81,,0.0,1.0,0.0,0.0,0.0,43.0,0.0,5,1,0,critical_materials,2025-03-15
0.0,0.0,12.0,27.0,,0.07048333333333334,,-0.81,,0.0,0.0,0.0,0.0,0.0,44.0,0.0,6,1,0,critical_materials,2025-03-16
0.0,0.0,12.0,27.0,,0.07048333333333334,,-0.81,,0.0,0.0,0.0,0.0,0.0,45.0,0.0,0,0,0,critical_materials,2025-03-17
0.0,0.0,12.0,27.0,,0.07048333333333334,,-0.81,,0.0,0.0,0.0,0.0,0.0,46.0,0.0,1,0,0,critical_materials,2025-03-18
0.0,0.0,12.0,27.0,,0.07048333333333334,,-0.81,,0.0,0.0,0.0,0.0,0.0,47.0,0.0,2,0,0,critical_materials,2025-03-19
30.0,30.0,30.0,42.0,0.2751066666666666,0.2751066666666666,-0.8899,-0.8899,,3.0,3.0,0.0,0.0,0.0,48.0,0.0,3,0,0,critical_materials,2025-03-20
0.0,30.0,30.0,42.0,0.2751066666666666,0.2751066666666666,-0.8899,-0.8899,,0.0,3.0,0.0,0.0,0.0,49.0,0.0,4,0,0,critical_materials,2025-03-21
0.0,30.0,30.0,42.0,0.2751066666666666,0.2751066666666666,-0.8899,-0.8899,,0.0,3.0,0.0,0.0,0.0,50.0,0.0,5,1,0,critical_materials,2025-03-22
0.0,0.0,30.0,42.0,,0.2751066666666666,,-0.8899,,0.0,0.0,0.0,0.0,0.0,51.0,0.0,6,1,0,critical_materials,2025-03-23
0.0,0.0,30.0,42.0,,0.2751066666666666,,-0.8899,,0.0,0.0,0.0,0.0,0.0,52.0,0.0,0,0,0,critical_materials,2025-03-24
0.0,0.0,30.0,42.0,,0.2751066666666666,,-0.8899,,0.0,0.0,0.0,0.0,0.0,53.0,0.0,1,0,0,critical_materials,2025-03-25
0.0,0.0,30.0,42.0,,0.2751066666666666,,-0.8899,,0.0,0.0,0.0,0.0,0.0,54.0,0.0,2,0,0,critical_materials,2025-03-26
11.0,11.0,11.0,41.0,0.11303636363636362,0.11303636363636362,-0.5863,-0.5863,,2.0,2.0,0.0,0.0,0.0,55.0,0.0,3,0,0,critical_materials,2025-03-27
0.0,11.0,11.0,41.0,0.11303636363636362,0.11303636363636362,-0.5863,-0.5863,,0.0,2.0,0.0,0.0,0.0,56.0,0.0,4,0,0,critical_materials,2025-03-28
0.0,11.0,11.0,41.0,0.11303636363636362,0.11303636363636362,-0.5863,-0.5863,,0.0,2.0,0.0,0.0,0.0,57.0,0.0,5,1,0,critical_materials,2025-03-29
0.0,0.0,11.0,41.0,,0.11303636363636362,,-0.5863,,0.0,0.0,0.0,0.0,0.0,58.0,0.0,6,1,0,critical_materials,2025-03-30
0.0,0.0,11.0,41.0,,0.11303636363636362,,-0.5863,,0.0,0.0,0.0,0.0,0.0,59.0,0.0,0,0,0,critical_materials,2025-03-31
0.0,0.0,11.0,41.0,,0.11303636363636362,,-0.5863,,0.0,0.0,0.0,0.0,0.0,60.0,0.0,1,0,0,critical_materials,2025-04-01
0.0,0.0,11.0,41.0,,0.11303636363636362,,-0.5863,,0.0,0.0,0.0,0.0,0.0,61.0,0.0,2,0,0,critical_materials,2025-04-02
13.0,13.0,13.0,24.0,0.22691538461538466,0.22691538461538466,-0.6954,-0.6954,,1.0,1.0,0.0,0.0,0.0,62.0,0.0,3,0,0,critical_materials,2025-04-03
0.0,13.0,13.0,24.0,0.22691538461538466,0.22691538461538466,-0.6954,-0.6954,,0.0,1.0,0.0,0.0,0.0,63.0,0.0,4,0,0,critical_materials,2025-04-04
0.0,13.0,13.0,24.0,0.22691538461538466,0.22691538461538466,-0.6954,-0.6954,,0.0,1.0,0.0,0.0,0.0,64.0,0.0,5,1,0,critical_materials,2025-04-05
0.0,0.0,13.0,24.0,,0.22691538461538466,,-0.6954,,0.0,0.0,0.0,0.0,0.0,65.0,0.0,6,1,0,critical_materials,2025-04-06
0.0,0.0,13.0,24.0,,0.22691538461538466,,-0.6954,,0.0,0.0,0.0,0.0,0.0,66.0,0.0,0,0,0,critical_materials,2025-04-07
0.0,0.0,13.0,24.0,,0.22691538461538466,,-0.6954,,0.0,0.0,0.0,0.0,0.0,67.0,0.0,1,0,0,critical_materials,2025-04-08
0.0,0.0,13.0,24.0,,0.22691538461538466,,-0.6954,,0.0,0.0,0.0,0.0,0.0,68.0,0.0,2,0,0,critical_materials,2025-04-09
19.0,19.0,19.0,32.0,0.08896315789473686,0.08896315789473686,-0.9712,-0.9712,,3.0,3.0,0.0,0.0,0.0,69.0,0.0,3,0,0,critical_materials,2025-04-10
0.0,19.0,19.0,32.0,0.08896315789473686,0.08896315789473686,-0.9712,-0.9712,,0.0,3.0,0.0,0.0,0.0,70.0,0.0,4,0,0,critical_materials,2025-04-11
0.0,19.0,19.0,32.0,0.08896315789473686,0.08896315789473686,-0.9712,-0.9712,,0.0,3.0,0.0,0.0,0.0,71.0,0.0,5,1,0,critical_materials,2025-04-12
0.0,0.0,19.0,32.0,,0.08896315789473686,,-0.9712,,0.0,0.0,0.0,0.0,0.0,72.0,0.0,6,1,0,critical_materials,2025-04-13
0.0,0.0,19.0,32.0,,0.08896315789473686,,-0.9712,,0.0,0.0,0.0,0.0,0.0,73.0,0.0,0,0,1,critical_materials,2025-04-14
0.0,0.0,19.0,32.0,,0.08896315789473686,,-0.9712,,0.0,0.0,0.0,0.0,0.0,74.0,0.0,1,0,1,critical_materials,2025-04-15
0.0,0.0,19.0,32.0,,0.08896315789473686,,-0.9712,,0.0,0.0,0.0,0.0,0.0,75.0,0.0,2,0,1,critical_materials,2025-04-16
30.0,30.0,30.0,49.0,-0.7963866666666665,-0.7963866666666665,-0.9747,-0.9747,,2.0,2.0,2.0,2.0,2.0,0.0,2.0,3,0,0,critical_materials,2025-04-17
0.0,30.0,30.0,49.0,-0.7963866666666665,-0.7963866666666665,-0.9747,-0.9747,,0.0,2.0,2.0,2.0,2.0,1.0,2.0,4,0,0,critical_materials,2025-04-18
0.0,30.0,30.0,49.0,-0.7963866666666665,-0.7963866666666665,-0.9747,-0.9747,,0.0,2.0,2.0,2.0,2.0,2.0,2.0,5,1,0,critical_materials,2025-04-19
0.0,0.0,30.0,49.0,,-0.7963866666666665,,-0.9747,,0.0,0.0,0.0,2.0,2.0,3.0,0.0,6,1,0,critical_materials,2025-04-20
0.0,0.0,30.0,49.0,,-0.7963866666666665,,-0.9747,,0.0,0.0,0.0,2.0,2.0,4.0,0.0,0,0,0,critical_materials,2025-04-21
0.0,0.0,30.0,49.0,,-0.7963866666666665,,-0.9747,,0.0,0.0,0.0,2.0,2.0,5.0,0.0,1,0,0,critical_materials,2025-04-22
0.0,0.0,30.0,49.0,,-0.7963866666666665,,-0.9747,,0.0,0.0,0.0,2.0,2.0,6.0,0.0,2,0,0,critical_materials,2025-04-23
11.0,11.0,11.0,41.0,0.13161818181818183,0.13161818181818183,-0.8669,-0.8669,,1.0,1.0,0.0,0.0,2.0,7.0,2.0,3,0,0,critical_materials,2025-04-24
0.0,11.0,11.0,41.0,0.13161818181818183,0.13161818181818183,-0.8669,-0.8669,,0.0,1.0,0.0,0.0,2.0,8.0,2.0,4,0,0,critical_materials,2025-04-25
0.0,11.0,11.0,41.0,0.13161818181818183,0.13161818181818183,-0.8669,-0.8669,,0.0,1.0,0.0,0.0,2.0,9.0,2.0,5,1,0,critical_materials,2025-04-26
0.0,0.0,11.0,41.0,,0.13161818181818183,,-0.8669,,0.0,0.0,0.0,0.0,2.0,10.0,0.0,6,1,0,critical_materials,2025-04-27
0.0,0.0,11.0,41.0,,0.13161818181818183,,-0.8669,,0.0,0.0,0.0,0.0,2.0,11.0,0.0,0,0,0,critical_materials,2025-04-28
0.0,0.0,11.0,41.0,,0.13161818181818183,,-0.8669,,0.0,0.0,0.0,0.0,2.0,12.0,0.0,1,0,0,critical_materials,2025-04-29
0.0,0.0,11.0,41.0,,0.13161818181818183,,-0.8669,,0.0,0.0,0.0,0.0,2.0,13.0,0.0,2,0,0,critical_materials,2025-04-30
120.0,120.0,120.0,131.0,0.30924333333333337,0.30924333333333337,-0.9703,-0.9703,,8.0,8.0,0.0,0.0,0.0,14.0,0.0,3,0,0,critical_materials,2025-05-01
0.0,120.0,120.0,131.0,0.30924333333333337,0.30924333333333337,-0.9703,-0.9703,,0.0,8.0,0.0,0.0,0.0,15.0,0.0,4,0,0,critical_materials,2025-05-02
0.0,120.0,120.0,131.0,0.30924333333333337,0.30924333333333337,-0.9703,-0.9703,,0.0,8.0,0.0,0.0,0.0,16.0,0.0,5,1,0,critical_materials,2025-05-03
0.0,0.0,120.0,131.0,,0.30924333333333337,,-0.9703,,0.0,0.0,0.0,0.0,0.0,17.0,0.0,6,1,0,critical_materials,2025-05-04
0.0,0.0,120.0,131.0,,0.30924333333333337,,-0.9703,,0.0,0.0,0.0,0.0,0.0,18.0,0.0,0,0,0,critical_materials,2025-05-05
0.0,0.0,120.0,131.0,,0.30924333333333337,,-0.9703,,0.0,0.0,0.0,0.0,0.0,19.0,0.0,1,0,0,critical_materials,2025-05-06
0.0,0.0,120.0,131.0,,0.30924333333333337,,-0.9703,,0.0,0.0,0.0,0.0,0.0,20.0,0.0,2,0,0,critical_materials,2025-05-07
15.0,15.0,15.0,135.0,-0.26305999999999996,-0.26305999999999996,-0.9358,-0.9358,,1.0,1.0,0.0,0.0,0.0,21.0,2.0,3,0,0,critical_materials,2025-05-08
0.0,15.0,15.0,135.0,-0.26305999999999996,-0.26305999999999996,-0.9358,-0.9358,,0.0,1.0,0.0,0.0,0.0,22.0,2.0,4,0,0,critical_materials,2025-05-09
0.0,15.0,15.0,135.0,-0.26305999999999996,-0.26305999999999996,-0.9358,-0.9358,,0.0,1.0,0.0,0.0,0.0,23.0,2.0,5,1,0,critical_materials,2025-05-10
0.0,0.0,15.0,135.0,,-0.26305999999999996,,-0.9358,,0.0,0.0,0.0,0.0,0.0,24.0,0.0,6,1,0,critical_materials,2025-05-11
0.0,0.0,15.0,135.0,,-0.26305999999999996,,-0.9358,,0.0,0.0,0.0,0.0,0.0,25.0,0.0,0,0,0,critical_materials,2025-05-12
0.0,0.0,15.0,135.0,,-0.26305999999999996,,-0.9358,,0.0,0.0,0.0,0.0,0.0,26.0,0.0,1,0,0,critical_materials,2025-05-13
0.0,0.0,15.0,135.0,,-0.26305999999999996,,-0.9358,,0.0,0.0,0.0,0.0,0.0,27.0,0.0,2,0,0,critical_materials,2025-05-14
0.0,0.0,0.0,15.0,,,,,,0.0,0.0,0.0,0.0,0.0,28.0,0.0,3,0,0,critical_materials,2025-05-15
0.0,0.0,0.0,15.0,,,,,,0.0,0.0,0.0,0.0,0.0,29.0,0.0,4,0,0,critical_materials,2025-05-16
0.0,0.0,0.0,15.0,,,,,,0.0,0.0,0.0,0.0,0.0,30.0,0.0,5,1,0,critical_materials,2025-05-17
0.0,0.0,0.0,15.0,,,,,,0.0,0.0,0.0,0.0,0.0,31.0,0.0,6,1,0,critical_materials,2025-05-18
1.0,1.0,1.0,16.0,0.9008,0.9008,0.9008,0.9008,,0.0,0.0,0.0,0.0,0.0,32.0,0.0,0,0,0,critical_materials,2025-05-19
0.0,1.0,1.0,16.0,0.9008,0.9008,0.9008,0.9008,,0.0,0.0,0.0,0.0,0.0,33.0,0.0,1,0,0,critical_materials,2025-05-20
0.0,1.0,1.0,16.0,0.9008,0.9008,0.9008,0.9008,,0.0,0.0,0.0,0.0,0.0,34.0,0.0,2,0,0,critical_materials,2025-05-21
0.0,0.0,1.0,1.0,,0.9008,,0.9008,,0.0,0.0,0.0,0.0,0.0,35.0,0.0,3,0,0,critical_materials,2025-05-22
0.0,0.0,1.0,1.0,,0.9008,,0.9008,,0.0,0.0,0.0,0.0,0.0,36.0,0.0,4,0,0,critical_materials,2025-05-23
0.0,0.0,1.0,1.0,,0.9008,,0.9008,,0.0,0.0,0.0,0.0,0.0,37.0,0.0,5,1,0,critical_materials,2025-05-24
0.0,0.0,1.0,1.0,,0.9008,,0.9008,,0.0,0.0,0.0,0.0,0.0,38.0,0.0,6,1,0,critical_materials,2025-05-25
0.0,0.0,0.0,1.0,,,,,,0.0,0.0,0.0,0.0,0.0,39.0,0.0,0,0,0,critical_materials,2025-05-26
0.0,0.0,0.0,1.0,,,,,,0.0,0.0,0.0,0.0,0.0,40.0,0.0,1,0,0,critical_materials,2025-05-27
0.0,0.0,0.0,1.0,,,,,,0.0,0.0,0.0,0.0,0.0,41.0,0.0,2,0,0,critical_materials,2025-05-28
0.0,0.0,0.0,1.0,,,,,,0.0,0.0,0.0,0.0,0.0,42.0,0.0,3,0,0,critical_materials,2025-05-29
0.0,0.0,0.0,1.0,,,,,,0.0,0.0,0.0,0.0,0.0,43.0,0.0,4,0,0,critical_materials,2025-05-30
0.0,0.0,0.0,1.0,,,,,,0.0,0.0,0.0,0.0,0.0,44.0,0.0,5,1,0,critical_materials,2025-05-31
0.0,0.0,0.0,1.0,,,,,,0.0,0.0,0.0,0.0,0.0,45.0,0.0,6,1,0,critical_materials,2025-06-01
0.0,0.0,0.0,0.0,,,,,,0.0,0.0,0.0,0.0,0.0,46.0,0.0,0,0,0,critical_materials,2025-06-02
0.0,0.0,0.0,0.0,,,,,,0.0,0.0,0.0,0.0,0.0,47.0,0.0,1,0,0,critical_materials,2025-06-03
2.0,2.0,2.0,2.0,0.56055,0.56055,0.5511,0.5511,,0.0,0.0,0.0,0.0,0.0,48.0,0.0,2,0,0,critical_materials,2025-06-04
0.0,2.0,2.0,2.0,0.56055,0.56055,0.5511,0.5511,,0.0,0.0,0.0,0.0,0.0,49.0,0.0,3,0,0,critical_materials,2025-06-05
1.0,3.0,3.0,3.0,0.6814666666666667,0.6814666666666667,0.5511,0.5511,,0.0,0.0,0.0,0.0,0.0,50.0,0.0,4,0,0,critical_materials,2025-06-06
0.0,1.0,3.0,3.0,0.9233,0.6814666666666667,0.9233,0.5511,0.36275,0.0,0.0,0.0,0.0,0.0,51.0,0.0,5,1,0,critical_materials,2025-06-07
0.0,1.0,3.0,3.0,0.9233,0.6814666666666667,0.9233,0.5511,0.36275,0.0,0.0,0.0,0.0,0.0,52.0,0.0,6,1,0,critical_materials,2025-06-08
0.0,0.0,3.0,3.0,,0.6814666666666667,,0.5511,,0.0,0.0,0.0,0.0,0.0,53.0,0.0,0,0,0,critical_materials,2025-06-09
0.0,0.0,3.0,3.0,,0.6814666666666667,,0.5511,,0.0,0.0,0.0,0.0,0.0,54.0,0.0,1,0,0,critical_materials,2025-06-10
0.0,0.0,1.0,3.0,,0.9233,,0.9233,,0.0,0.0,0.0,0.0,0.0,55.0,0.0,2,0,0,critical_materials,2025-06-11
47.0,47.0,48.0,50.0,-0.022055319148936152,-0.0023604166666666474,-0.972,-0.972,,4.0,4.0,0.0,0.0,0.0,56.0,1.0,3,0,0,critical_materials,2025-06-12
0.0,47.0,47.0,50.0,-0.022055319148936152,-0.022055319148936152,-0.972,-0.972,,0.0,4.0,0.0,0.0,0.0,57.0,1.0,4,0,0,critical_materials,2025-06-13
0.0,47.0,47.0,50.0,-0.022055319148936152,-0.022055319148936152,-0.972,-0.972,,0.0,4.0,0.0,0.0,0.0,58.0,1.0,5,1,0,critical_materials,2025-06-14
0.0,0.0,47.0,50.0,,-0.022055319148936152,,-0.972,,0.0,0.0,0.0,0.0,0.0,59.0,0.0,6,1,0,critical_materials,2025-06-15
0.0,0.0,47.0,50.0,,-0.022055319148936152,,-0.972,,0.0,0.0,0.0,0.0,0.0,60.0,0.0,0,0,1,critical_materials,2025-06-16
0.0,0.0,47.0,50.0,,-0.022055319148936152,,-0.972,,0.0,0.0,0.0,0.0,0.0,61.0,1.0,1,0,1,critical_materials,2025-06-17
3.0,3.0,50.0,51.0,0.022566666666666662,-0.019377999999999982,-0.7502,-0.972,,0.0,0.0,0.0,0.0,0.0,62.0,2.0,2,0,1,critical_materials,2025-06-18
19.0,22.0,22.0,70.0,-0.43793636363636373,-0.43793636363636373,-0.9712,-0.9712,,2.0,2.0,2.0,2.0,2.0,0.0,7.0,3,0,0,critical_materials,2025-06-19
0.0,22.0,22.0,69.0,-0.43793636363636373,-0.43793636363636373,-0.9712,-0.9712,,0.0,2.0,2.0,2.0,2.0,1.0,6.0,4,0,0,critical_materials,2025-06-20
0.0,19.0,22.0,69.0,-0.5106473684210527,-0.43793636363636373,-0.9712,-0.9712,-0.5332140350877194,0.0,2.0,2.0,2.0,2.0,2.0,5.0,5,1,0,critical_materials,2025-06-21
0.0,0.0,22.0,69.0,,-0.43793636363636373,,-0.9712,,0.0,0.0,0.0,2.0,2.0,3.0,0.0,6,1,0,critical_materials,2025-06-22
0.0,0.0,22.0,69.0,,-0.43793636363636373,,-0.9712,,0.0,0.0,0.0,2.0,2.0,4.0,0.0,0,0,1,critical_materials,2025-06-23
0.0,0.0,22.0,69.0,,-0.43793636363636373,,-0.9712,,0.0,0.0,0.0,2.0,2.0,5.0,0.0,1,0,1,critical_materials,2025-06-24
1.0,1.0,20.0,70.0,0.0,-0.48511500000000013,0.0,-0.9712,,0.0,0.0,0.0,2.0,2.0,6.0,0.0,2,0,1,critical_materials,2025-06-25
28.0,29.0,29.0,51.0,-0.39481379310344833,-0.39481379310344833,-0.9735,-0.9735,,2.0,2.0,1.0,1.0,3.0,0.0,2.0,3,0,0,critical_materials,2025-06-26
0.0,29.0,29.0,51.0,-0.39481379310344833,-0.39481379310344833,-0.9735,-0.9735,,0.0,2.0,1.0,1.0,3.0,1.0,2.0,4,0,0,critical_materials,2025-06-27
0.0,28.0,29.0,51.0,-0.4089142857142858,-0.39481379310344833,-0.9735,-0.9735,-0.4089142857142858,0.0,2.0,1.0,1.0,3.0,2.0,2.0,5,1,0,critical_materials,2025-06-28
0.0,0.0,29.0,51.0,,-0.39481379310344833,,-0.9735,,0.0,0.0,0.0,1.0,3.0,3.0,0.0,6,1,0,critical_materials,2025-06-29
0.0,0.0,29.0,51.0,,-0.39481379310344833,,-0.9735,,0.0,0.0,0.0,1.0,3.0,4.0,0.0,0,0,0,critical_materials,2025-06-30
0.0,0.0,29.0,51.0,,-0.39481379310344833,,-0.9735,,0.0,0.0,0.0,1.0,3.0,5.0,0.0,1,0,0,critical_materials,2025-07-01
4.0,4.0,32.0,52.0,-0.033975000000000005,-0.36204687500000005,-0.9603,-0.9735,,0.0,0.0,0.0,1.0,3.0,6.0,1.0,2,0,0,critical_materials,2025-07-02
48.0,52.0,52.0,81.0,-0.029123076923076936,-0.029123076923076936,-0.9629,-0.9629,,3.0,3.0,0.0,0.0,1.0,7.0,1.0,3,0,0,critical_materials,2025-07-03
0.0,52.0,52.0,81.0,-0.029123076923076936,-0.029123076923076936,-0.9629,-0.9629,,0.0,3.0,0.0,0.0,1.0,8.0,1.0,4,0,0,critical_materials,2025-07-04
0.0,48.0,52.0,81.0,-0.028718750000000015,-0.029123076923076936,-0.9629,-0.9629,0.00525624999999999,0.0,3.0,0.0,0.0,1.0,9.0,0.0,5,1,0,critical_materials,2025-07-05
0.0,0.0,52.0,81.0,,-0.029123076923076936,,-0.9629,,0.0,0.0,0.0,0.0,1.0,10.0,0.0,6,1,1,critical_materials,2025-07-06
0.0,0.0,52.0,81.0,,-0.029123076923076936,,-0.9629,,0.0,0.0,0.0,0.0,1.0,11.0,0.0,0,0,1,critical_materials,2025-07-07
0.0,0.0,52.0,81.0,,-0.029123076923076936,,-0.9629,,0.0,0.0,0.0,0.0,1.0,12.0,0.0,1,0,1,critical_materials,2025-07-08
3.0,3.0,51.0,83.0,-0.2313333333333333,-0.040637254901960795,-0.694,-0.9629,,1.0,1.0,1.0,1.0,2.0,0.0,2.0,2,0,0,critical_materials,2025-07-09
38.0,41.0,41.0,93.0,0.04469024390243904,0.04469024390243904,-0.9701,-0.9701,,4.0,5.0,1.0,1.0,1.0,1.0,2.0,3,0,0,critical_materials,2025-07-10
0.0,41.0,41.0,93.0,0.04469024390243904,0.04469024390243904,-0.9701,-0.9701,,0.0,5.0,1.0,1.0,1.0,2.0,2.0,4,0,0,critical_materials,2025-07-11
0.0,38.0,41.0,93.0,0.06648157894736843,0.04469024390243904,-0.9701,-0.9701,0.2978149122807017,0.0,4.0,0.0,1.0,1.0,3.0,0.0,5,1,0,critical_materials,2025-07-12
0.0,0.0,41.0,93.0,,0.04469024390243904,,-0.9701,,0.0,0.0,0.0,1.0,1.0,4.0,0.0,6,1,0,critical_materials,2025-07-13
2.0,2.0,43.0,95.0,-0.7858,0.006062790697674427,-0.8422,-0.9701,-0.8304902439024391,0.0,0.0,0.0,1.0,1.0,5.0,0.0,0,0,1,critical_materials,2025-07-14
1.0,3.0,44.0,96.0,-0.5238666666666667,0.005925000000000008,-0.8422,-0.9701,-0.5903482456140351,0.0,0.0,0.0,1.0,1.0,6.0,0.0,1,0,1,critical_materials,2025-07-15
7.0,10.0,48.0,99.0,-0.12467000000000002,0.02665833333333334,-0.9221,-0.9701,,2.0,2.0,0.0,0.0,1.0,7.0,0.0,2,0,1,critical_materials,2025-07-16
23.0,31.0,33.0,74.0,0.2083322580645161,0.14808181818181818,-0.969,-0.969,0.9941322580645162,4.0,6.0,2.0,2.0,3.0,0.0,2.0,3,0,0,critical_materials,2025-07-17
2.0,32.0,35.0,76.0,0.20182187499999996,0.13961999999999997,-0.969,-0.969,0.7256885416666666,0.0,6.0,2.0,2.0,3.0,1.0,2.0,4,0,0,critical_materials,2025-07-18
2.0,27.0,37.0,78.0,0.2271629629629629,0.13207297297297294,-0.969,-0.969,0.3518329629629629,0.0,4.0,2.0,2.0,3.0,2.0,2.0,5,1,0,critical_materials,2025-07-19
1.0,5.0,38.0,79.0,0.09667999999999982,0.14131842105263154,0.0,-0.969,-0.11165225806451629,0.0,0.0,0.0,2.0,3.0,3.0,0.0,6,1,0,critical_materials,2025-07-20
0.0,3.0,36.0,79.0,0.16113333333333305,0.19282499999999994,0.0,-0.969,-0.04068854166666691,0.0,0.0,0.0,2.0,3.0,4.0,0.0,0,0,0,critical_materials,2025-07-21
1.0,2.0,36.0,80.0,0.5729499999999995,0.21122777777777774,0.4834,-0.969,0.3457870370370366,0.0,0.0,0.0,2.0,3.0,5.0,0.0,1,0,0,critical_materials,2025-07-22
4.0,5.0,33.0,81.0,-0.04706000000000017,0.19337878787878782,-0.863,-0.969,-0.14373999999999998,0.0,0.0,0.0,2.0,2.0,6.0,0.0,2,0,0,critical_materials,2025-07-23
22.0,27.0,32.0,65.0,0.18661111111111112,0.172559375,-0.9712,-0.9712,0.02547777777777807,1.0,1.0,0.0,0.0,2.0,7.0,0.0,3,0,0,critical_materials,2025-07-24
0.0,26.0,30.0,65.0,0.16830769230769232,0.18406333333333333,-0.9712,-0.9712,-0.4046423076923072,0.0,1.0,0.0,0.0,2.0,8.0,0.0,4,0,0,critical_materials,2025-07-25
0.0,22.0,28.0,65.0,0.23971818181818183,0.19721071428571427,-0.9712,-0.9712,0.286778181818182,0.0,1.0,0.0,0.0,2.0,9.0,0.0,5,1,0,critical_materials,2025-07-26
0.0,0.0,27.0,65.0,,0.18661111111111112,,-0.9712,,0.0,0.0,0.0,0.0,2.0,10.0,0.0,6,1,0,critical_materials,2025-07-27
0.0,0.0,27.0,63.0,,0.18661111111111112,,-0.9712,,0.0,0.0,0.0,0.0,2.0,11.0,0.0,0,0,0,critical_materials,2025-07-28
1.0,1.0,27.0,63.0,0.0,0.16207407407407406,0.0,-0.9712,-0.23971818181818183,0.0,0.0,0.0,0.0,2.0,12.0,2.0,1,0,0,critical_materials,2025-07-29
4.0,5.0,27.0,60.0,-0.34798,0.13088518518518516,-0.9571,-0.9712,,0.0,0.0,0.0,0.0,2.0,13.0,7.0,2,0,0,critical_materials,2025-07-30
20.0,25.0,25.0,57.0,-0.44079599999999997,-0.44079599999999997,-0.9721,-0.9721,,5.0,5.0,0.0,0.0,0.0,14.0,11.0,3,0,0,critical_materials,2025-07-31
0.0,24.0,25.0,55.0,-0.4591625,-0.44079599999999997,-0.9721,-0.9721,-0.4591625,0.0,5.0,0.0,0.0,0.0,15.0,9.0,4,0,0,critical_materials,2025-08-01
1.0,21.0,26.0,54.0,-0.4850904761904762,-0.4587230769230769,-0.9721,-0.9721,-0.13711047619047617,0.0,5.0,0.0,0.0,0.0,16.0,4.0,5,1,0,critical_materials,2025-08-02
0.0,1.0,26.0,53.0,-0.9069,-0.4587230769230769,-0.9069,-0.9721,-0.4661040000000001,0.0,0.0,0.0,0.0,0.0,17.0,0.0,6,1,0,critical_materials,2025-08-03
0.0,1.0,26.0,53.0,-0.9069,-0.4587230769230769,-0.9069,-0.9721,-0.44773750000000007,0.0,0.0,0.0,0.0,0.0,18.0,0.0,0,0,0,critical_materials,2025-08-04
2.0,2.0,27.0,54.0,-0.36865,-0.4690407407407407,-0.7373,-0.9721,0.1164404761904762,0.0,0.0,0.0,0.0,0.0,19.0,0.0,1,0,0,critical_materials,2025-08-05
3.0,5.0,26.0,53.0,0.01582000000000001,-0.38876153846153844,-0.7373,-0.9721,0.9227200000000001,0.0,0.0,0.0,0.0,0.0,20.0,0.0,2,0,0,critical_materials,2025-08-06
32.0,37.0,38.0,63.0,-0.20235135135135132,-0.22089210526315786,-0.9423,-0.9423,0.7045486486486487,0.0,0.0,0.0,0.0,0.0,21.0,1.0,3,0,0,critical_materials,2025-08-07
2.0,37.0,40.0,65.0,-0.19321621621621618,-0.21982999999999997,-0.9423,-0.9423,0.1754337837837838,0.0,0.0,0.0,0.0,0.0,22.0,1.0,4,0,0,critical_materials,2025-08-08
0.0,34.0,39.0,65.0,-0.23427647058823528,-0.20221282051282047,-0.9423,-0.9423,-0.2500964705882353,0.0,0.0,0.0,0.0,0.0,23.0,2.0,5,1,0,critical_materials,2025-08-09
1.0,3.0,40.0,66.0,-0.1331,-0.19715749999999999,-0.3993,-0.9423,0.06925135135135133,0.0,0.0,0.0,0.0,0.0,24.0,1.0,6,1,0,critical_materials,2025-08-10
1.0,2.0,41.0,67.0,-0.4801,-0.2157682926829268,-0.9602,-0.9602,-0.2868837837837839,0.0,0.0,0.0,0.0,0.0,25.0,1.0,0,0,0,critical_materials,2025-08-11
2.0,4.0,41.0,68.0,-0.04882500000000001,-0.1791292682926829,-0.9602,-0.9602,0.18545147058823527,0.0,0.0,0.0,0.0,0.0,26.0,0.0,1,0,0,critical_materials,2025-08-12
0.0,3.0,38.0,64.0,-0.0651,-0.2147552631578947,-0.9602,-0.9602,0.06799999999999999,0.0,0.0,0.0,0.0,0.0,27.0,0.0,2,0,0,critical_materials,2025-08-13
35.0,37.0,41.0,79.0,0.12364054054054054,0.07841951219512196,-0.9682,-0.9682,0.6037405405405406,5.0,5.0,0.0,0.0,0.0,28.0,0.0,3,0,0,critical_materials,2025-08-14
1.0,36.0,40.0,80.0,0.10582777777777778,0.09036250000000001,-0.9682,-0.9682,0.1546527777777778,0.0,5.0,0.0,0.0,0.0,29.0,0.0,4,0,0,critical_materials,2025-08-15
0.0,36.0,40.0,79.0,0.10582777777777778,0.09036250000000001,-0.9682,-0.9682,0.1709277777777778,0.0,5.0,0.0,0.0,0.0,30.0,0.0,5,1,0,critical_materials,2025-08-16
1.0,2.0,40.0,80.0,-0.4544,0.06764250000000001,-0.9088,-0.9682,-0.5780405405405405,0.0,0.0,0.0,0.0,0.0,31.0,0.0,6,1,0,critical_materials,2025-08-17
0.0,1.0,39.0,80.0,-0.9088,0.09399743589743591,-0.9088,-0.9682,-1.014627777777778,0.0,0.0,0.0,0.0,0.0,32.0,0.0,0,0,0,critical_materials,2025-08-18
0.0,1.0,37.0,78.0,-0.9088,0.0784054054054054,-0.9088,-0.9682,-1.014627777777778,0.0,0.0,0.0,0.0,0.0,33.0,0.0,1,0,0,critical_materials,2025-08-19
4.0,4.0,41.0,79.0,0.03995000000000001,0.07465365853658537,-0.5183,-0.9682,0.49435000000000007,0.0,0.0,0.0,0.0,0.0,34.0,0.0,2,0,0,critical_materials,2025-08-20
15.0,19.0,21.0,62.0,0.18843684210526315,0.1272142857142857,-0.5183,-0.9088,1.0972368421052632,0.0,0.0,0.0,0.0,0.0,35.0,0.0,3,0,0,critical_materials,2025-08-21
0.0,19.0,20.0,60.0,0.18843684210526315,0.13357499999999997,-0.5183,-0.9088,1.0972368421052632,0.0,0.0,0.0,0.0,0.0,36.0,1.0,4,0,0,critical_materials,2025-08-22
0.0,15.0,20.0,60.0,0.2280333333333333,0.13357499999999997,0.0,-0.9088,0.1880833333333333,0.0,0.0,0.0,0.0,0.0,37.0,1.0,5,1,0,critical_materials,2025-08-23
0.0,0.0,19.0,59.0,,0.18843684210526312,,-0.5183,,0.0,0.0,0.0,0.0,0.0,38.0,1.0,6,1,0,critical_materials,2025-08-24
0.0,0.0,19.0,58.0,,0.18843684210526312,,-0.5183,,0.0,0.0,0.0,0.0,0.0,39.0,0.0,0,0,0,critical_materials,2025-08-25
0.0,0.0,19.0,56.0,,0.18843684210526312,,-0.5183,,0.0,0.0,0.0,0.0,0.0,40.0,0.0,1,0,0,critical_materials,2025-08-26
1.0,1.0,16.0,57.0,-0.9565,0.15399999999999997,-0.9565,-0.9565,,0.0,0.0,0.0,0.0,0.0,41.0,0.0,2,0,0,critical_materials,2025-08-27
14.0,15.0,15.0,36.0,-0.01620666666666668,-0.01620666666666668,-0.9565,-0.9565,,1.0,1.0,0.0,0.0,0.0,42.0,0.0,3,0,0,critical_materials,2025-08-28
1.0,16.0,16.0,36.0,-0.060531250000000016,-0.060531250000000016,-0.9565,-0.9565,,0.0,1.0,0.0,0.0,0.0,43.0,0.0,4,0,0,critical_materials,2025-08-29
1.0,16.0,17.0,37.0,0.05446249999999998,-0.005005882352941193,-0.8619,-0.9565,1.0109625,0.0,1.0,0.0,0.0,0.0,44.0,0.0,5,1,0,critical_materials,2025-08-30
0.0,2.0,17.0,36.0,0.07899999999999996,-0.005005882352941193,-0.7254,-0.9565,0.09520666666666663,0.0,0.0,0.0,0.0,0.0,45.0,0.0,6,1,0,critical_materials,2025-08-31
0.0,1.0,17.0,36.0,0.8834,-0.005005882352941193,0.8834,-0.9565,0.94393125,0.0,0.0,0.0,0.0,0.0,46.0,0.0,0,0,1,critical_materials,2025-09-01
0.0,0.0,17.0,36.0,,-0.005005882352941193,,-0.9565,,0.0,0.0,0.0,0.0,0.0,47.0,1.0,1,0,1,critical_materials,2025-09-02
0.0,0.0,16.0,32.0,,0.05446249999999998,,-0.8619,,0.0,0.0,0.0,0.0,0.0,48.0,1.0,2,0,1,critical_materials,2025-09-03
12.0,12.0,14.0,29.0,-0.67415,-0.5665571428571429,-0.9724,-0.9724,-1.55755,2.0,2.0,1.0,1.0,1.0,0.0,4.0,3,0,0,critical_materials,2025-09-04
2.0,14.0,15.0,31.0,-0.5276,-0.4335333333333333,-0.9724,-0.9724,,0.0,2.0,1.0,1.0,1.0,1.0,3.0,4,0,0,critical_materials,2025-09-05
0.0,14.0,14.0,31.0,-0.5276,-0.5276,-0.9724,-0.9724,,0.0,2.0,1.0,1.0,1.0,2.0,3.0,5,1,0,critical_materials,2025-09-06
0.0,2.0,14.0,31.0,0.3517,-0.5276,0.0,-0.9724,1.0258500000000002,0.0,0.0,0.0,1.0,1.0,3.0,0.0,6,1,0,critical_materials,2025-09-07
2.0,2.0,16.0,33.0,-0.456,-0.51865,-0.912,-0.9724,0.07159999999999994,0.0,0.0,0.0,1.0,1.0,4.0,0.0,0,0,0,critical_materials,2025-09-08
2.0,4.0,18.0,35.0,-0.07742500000000002,-0.4275611111111111,-0.912,-0.9724,0.45017499999999994,0.0,0.0,0.0,1.0,1.0,5.0,0.0,1,0,0,critical_materials,2025-09-09
0.0,4.0,18.0,34.0,-0.07742500000000002,-0.4275611111111111,-0.912,-0.9724,-0.42912500000000003,0.0,0.0,0.0,1.0,1.0,6.0,0.0,2,0,0,critical_materials,2025-09-10
11.0,13.0,17.0,31.0,-0.12516153846153844,-0.10798235294117645,-0.9721,-0.9721,0.3308384615384616,1.0,1.0,0.0,0.0,1.0,7.0,2.0,3,0,0,critical_materials,2025-09-11
1.0,12.0,16.0,31.0,-0.1857833333333333,-0.15869374999999997,-0.9721,-0.9721,-0.10835833333333328,0.0,1.0,0.0,0.0,1.0,8.0,2.0,4,0,0,critical_materials,2025-09-12
0.0,12.0,16.0,30.0,-0.1857833333333333,-0.15869374999999997,-0.9721,-0.9721,-0.10835833333333328,0.0,1.0,0.0,0.0,1.0,9.0,2.0,5,1,0,critical_materials,2025-09-13
0.0,1.0,16.0,30.0,0.0,-0.15869374999999997,0.0,-0.9721,0.12516153846153844,0.0,0.0,0.0,0.0,1.0,10.0,0.0,6,1,0,critical_materials,2025-09-14
0.0,0.0,14.0,30.0,,-0.11622142857142854,,-0.9721,,0.0,0.0,0.0,0.0,1.0,11.0,0.0,0,0,0,critical_materials,2025-09-15
2.0,2.0,14.0,32.0,0.2471,-0.12394285714285712,0.0,-0.9721,0.4328833333333333,0.0,0.0,0.0,0.0,1.0,12.0,0.0,1,0,0,critical_materials,2025-09-16
0.0,2.0,14.0,32.0,0.2471,-0.12394285714285712,0.0,-0.9721,0.2471,0.0,0.0,0.0,0.0,1.0,13.0,0.0,2,0,0,critical_materials,2025-09-17
14.0,16.0,17.0,34.0,-0.60065625,-0.5653235294117647,-0.9735,-0.9735,,2.0,2.0,0.0,0.0,0.0,14.0,1.0,3,0,0,critical_materials,2025-09-18
0.0,14.0,16.0,32.0,-0.7217642857142856,-0.60065625,-0.9735,-0.9735,-0.9688642857142856,0.0,2.0,0.0,0.0,0.0,15.0,1.0,4,0,0,critical_materials,2025-09-19
0.0,14.0,16.0,32.0,-0.7217642857142856,-0.60065625,-0.9735,-0.9735,-0.9688642857142856,0.0,2.0,0.0,0.0,0.0,16.0,1.0,5,1,0,critical_materials,2025-09-20
1.0,1.0,17.0,33.0,-0.6753,-0.6050470588235294,-0.6753,-0.9735,-0.07464375000000001,1.0,1.0,0.0,0.0,0.0,17.0,0.0,6,1,0,critical_materials,2025-09-21
0.0,1.0,17.0,31.0,-0.6753,-0.6050470588235294,-0.6753,-0.9735,0.046464285714285625,0.0,1.0,0.0,0.0,0.0,18.0,0.0,0,0,0,critical_materials,2025-09-22
0.0,1.0,15.0,29.0,-0.6753,-0.7186666666666667,-0.6753,-0.9735,0.046464285714285625,0.0,1.0,0.0,0.0,0.0,19.0,0.0,1,0,0,critical_materials,2025-09-23
1.0,1.0,16.0,30.0,0.8788,-0.618825,0.8788,-0.9735,1.5541,0.0,0.0,0.0,0.0,0.0,20.0,1.0,2,0,0,critical_materials,2025-09-24
19.0,20.0,21.0,38.0,-0.5547099999999998,-0.5604523809523808,-0.9727,-0.9727,0.1205900000000002,3.0,3.0,0.0,0.0,0.0,21.0,5.0,3,0,0,critical_materials,2025-09-25
1.0,21.0,22.0,38.0,-0.5282952380952379,-0.5349772727272726,-0.9727,-0.9727,0.14700476190476208,0.0,3.0,0.0,0.0,0.0,22.0,5.0,4,0,0,critical_materials,2025-09-26
0.0,20.0,22.0,38.0,-0.5986499999999999,-0.5349772727272726,-0.9727,-0.9727,-1.47745,0.0,3.0,0.0,0.0,0.0,23.0,4.0,5,1,0,critical_materials,2025-09-27
1.0,2.0,22.0,39.0,-0.31355,-0.5327863636363636,-0.6271,-0.9727,0.24115999999999982,0.0,0.0,0.0,0.0,0.0,24.0,0.0,6,1,0,critical_materials,2025-09-28
1.0,2.0,23.0,40.0,-0.7272000000000001,-0.545591304347826,-0.8273,-0.9727,-0.19890476190476214,0.0,0.0,0.0,0.0,0.0,25.0,0.0,0,0,0,critical_materials,2025-09-29
2.0,4.0,25.0,40.0,-0.6012500000000001,-0.5399679999999999,-0.9506,-0.9727,-0.0026000000000001577,1.0,1.0,0.0,0.0,0.0,26.0,0.0,1,0,0,critical_materials,2025-09-30
4.0,7.0,28.0,44.0,-0.11265714285714286,-0.47816785714285703,-0.9506,-0.9727,0.20089285714285715,1.0,2.0,0.0,0.0,0.0,27.0,0.0,2,0,0,critical_materials,2025-10-01
29.0,35.0,38.0,59.0,0.14193142857142854,0.09245263157894733,-0.9506,-0.9506,0.8691314285714287,5.0,7.0,0.0,0.0,0.0,28.0,0.0,3,0,0,critical_materials,2025-10-02
0.0,33.0,37.0,59.0,0.1793393939393939,0.09495135135135131,-0.9363,-0.9506,0.780589393939394,0.0,6.0,0.0,0.0,0.0,29.0,0.0,4,0,0,critical_materials,2025-10-03
1.0,30.0,38.0,60.0,0.18543333333333328,0.1091394736842105,-0.9363,-0.9506,0.29809047619047613,0.0,5.0,0.0,0.0,0.0,30.0,0.0,5,1,0,critical_materials,2025-10-04
2.0,3.0,39.0,61.0,-0.06840000000000002,0.10089999999999995,-0.8393,-0.9506,-0.21033142857142856,0.0,0.0,0.0,0.0,0.0,31.0,0.0,6,1,1,critical_materials,2025-10-05
1.0,4.0,39.0,62.0,-0.05130000000000001,0.12211282051282048,-0.8393,-0.9506,-0.23063939393939392,1.0,1.0,0.0,0.0,0.0,32.0,0.0,0,0,1,critical_materials,2025-10-06
0.0,3.0,37.0,62.0,-0.27976666666666666,0.15440540540540537,-0.8393,-0.9363,-0.46519999999999995,0.0,1.0,0.0,0.0,0.0,33.0,0.0,1,0,1,critical_materials,2025-10-07
3.0,4.0,36.0,64.0,0.15800000000000003,0.1487694444444444,-0.77,-0.9363,0.22640000000000005,2.0,3.0,1.0,1.0,1.0,0.0,1.0,2,0,0,critical_materials,2025-10-08
16.0,19.0,23.0,61.0,-0.3558894736842105,-0.30291739130434775,-0.9656,-0.9656,-0.30458947368421047,3.0,5.0,1.0,1.0,1.0,1.0,3.0,3,0,0,critical_materials,2025-10-09
1.0,20.0,24.0,61.0,-0.36496499999999993,-0.31268749999999995,-0.9656,-0.9656,-0.08519833333333326,0.0,5.0,1.0,1.0,1.0,2.0,3.0,4,0,0,critical_materials,2025-10-10
0.0,17.0,23.0,61.0,-0.4665470588235293,-0.3538521739130434,-0.9656,-0.9656,-0.6245470588235293,0.0,3.0,0.0,1.0,1.0,3.0,2.0,5,1,0,critical_materials,2025-10-11
0.0,1.0,21.0,60.0,-0.5374,-0.3475857142857142,-0.5374,-0.9656,-0.1815105263157895,0.0,0.0,0.0,1.0,1.0,4.0,0.0,6,1,0,critical_materials,2025-10-12
0.0,0.0,20.0,59.0,,-0.36496499999999993,,-0.9656,,0.0,0.0,0.0,1.0,1.0,5.0,0.0,0,0,1,critical_materials,2025-10-13
1.0,1.0,21.0,58.0,-0.9609,-0.3933428571428571,-0.9609,-0.9656,-0.49435294117647066,0.0,0.0,0.0,1.0,1.0,6.0,0.0,1,0,1,critical_materials,2025-10-14
1.0,2.0,19.0,55.0,-0.48045,-0.46801052631578943,-0.9609,-0.9656,0.05695,0.0,0.0,0.0,0.0,1.0,7.0,0.0,2,0,1,critical_materials,2025-10-15
77.0,79.0,80.0,103.0,0.2728354430379747,0.2627075,-0.9609,-0.9609,,34.0,34.0,1.0,1.0,2.0,0.0,1.0,3,0,1,critical_materials,2025-10-16
6.0,84.0,85.0,109.0,0.24851071428571425,0.23428235294117644,-0.9664,-0.9664,1.2094107142857142,6.0,40.0,2.0,2.0,3.0,0.0,2.0,4,0,0,critical_materials,2025-10-17
0.0,83.0,85.0,108.0,0.2515048192771084,0.23428235294117644,-0.9664,-0.9664,0.7319548192771084,0.0,40.0,2.0,2.0,3.0,1.0,2.0,5,1,0,critical_materials,2025-10-18
0.0,6.0,85.0,106.0,-0.2733333333333334,0.23428235294117644,-0.9664,-0.9664,-0.5461687763713081,0.0,6.0,1.0,2.0,3.0,2.0,1.0,6,1,0,critical_materials,2025-10-19
0.0,0.0,85.0,105.0,,0.23428235294117644,,-0.9664,,0.0,0.0,0.0,2.0,3.0,3.0,0.0,0,0,1,critical_materials,2025-10-20
0.0,0.0,84.0,105.0,,0.24851071428571425,,-0.9664,,0.0,0.0,0.0,2.0,3.0,4.0,0.0,1,0,1,critical_materials,2025-10-21
0.0,0.0,83.0,102.0,,0.2515048192771084,,-0.9664,,0.0,0.0,0.0,2.0,2.0,5.0,0.0,2,0,1,critical_materials,2025-10-22
55.0,55.0,61.0,141.0,0.3167309090909092,0.25869180327868857,-0.9721,-0.9721,,11.0,11.0,1.0,2.0,3.0,0.0,2.0,3,0,0,critical_materials,2025-10-23
0.0,55.0,55.0,140.0,0.3167309090909092,0.3167309090909092,-0.9721,-0.9721,,0.0,11.0,1.0,1.0,3.0,1.0,2.0,4,0,0,critical_materials,2025-10-24
0.0,55.0,55.0,140.0,0.3167309090909092,0.3167309090909092,-0.9721,-0.9721,,0.0,11.0,1.0,1.0,3.0,2.0,2.0,5,1,0,critical_materials,2025-10-25
0.0,0.0,55.0,140.0,,0.3167309090909092,,-0.9721,,0.0,0.0,0.0,1.0,3.0,3.0,0.0,6,1,0,critical_materials,2025-10-26
0.0,0.0,55.0,140.0,,0.3167309090909092,,-0.9721,,0.0,0.0,0.0,1.0,3.0,4.0,0.0,0,0,0,critical_materials,2025-10-27
0.0,0.0,55.0,139.0,,0.3167309090909092,,-0.9721,,0.0,0.0,0.0,1.0,3.0,5.0,0.0,1,0,0,critical_materials,2025-10-28
0.0,0.0,55.0,138.0,,0.3167309090909092,,-0.9721,,0.0,0.0,0.0,1.0,3.0,6.0,0.0,2,0,0,critical_materials,2025-10-29
12.0,12.0,12.0,73.0,-0.25592499999999996,-0.25592499999999996,-0.8535,-0.8535,,1.0,1.0,0.0,0.0,2.0,7.0,0.0,3,0,0,critical_materials,2025-10-30
0.0,12.0,12.0,67.0,-0.25592499999999996,-0.25592499999999996,-0.8535,-0.8535,,0.0,1.0,0.0,0.0,1.0,8.0,0.0,4,0,0,critical_materials,2025-10-31
0.0,12.0,12.0,67.0,-0.25592499999999996,-0.25592499999999996,-0.8535,-0.8535,,0.0,1.0,0.0,0.0,1.0,9.0,0.0,5,1,0,critical_materials,2025-11-01
0.0,0.0,12.0,67.0,,-0.25592499999999996,,-0.8535,,0.0,0.0,0.0,0.0,1.0,10.0,0.0,6,1,0,critical_materials,2025-11-02
0.0,0.0,12.0,67.0,,-0.25592499999999996,,-0.8535,,0.0,0.0,0.0,0.0,1.0,11.0,0.0,0,0,0,critical_materials,2025-11-03
0.0,0.0,12.0,67.0,,-0.25592499999999996,,-0.8535,,0.0,0.0,0.0,0.0,1.0,12.0,0.0,1,0,0,critical_materials,2025-11-04
0.0,0.0,12.0,67.0,,-0.25592499999999996,,-0.8535,,0.0,0.0,0.0,0.0,1.0,13.0,0.0,2,0,0,critical_materials,2025-11-05
14.0,14.0,14.0,26.0,0.4592642857142858,0.4592642857142858,-0.5813,-0.5813,,2.0,2.0,0.0,0.0,0.0,14.0,0.0,3,0,0,critical_materials,2025-11-06
0.0,14.0,14.0,26.0,0.4592642857142858,0.4592642857142858,-0.5813,-0.5813,,0.0,2.0,0.0,0.0,0.0,15.0,0.0,4,0,0,critical_materials,2025-11-07
0.0,14.0,14.0,26.0,0.4592642857142858,0.4592642857142858,-0.5813,-0.5813,,0.0,2.0,0.0,0.0,0.0,16.0,0.0,5,1,0,critical_materials,2025-11-08
0.0,0.0,14.0,26.0,,0.4592642857142858,,-0.5813,,0.0,0.0,0.0,0.0,0.0,17.0,0.0,6,1,0,critical_materials,2025-11-09
0.0,0.0,14.0,26.0,,0.4592642857142858,,-0.5813,,0.0,0.0,0.0,0.0,0.0,18.0,0.0,0,0,0,critical_materials,2025-11-10
0.0,0.0,14.0,26.0,,0.4592642857142858,,-0.5813,,0.0,0.0,0.0,0.0,0.0,19.0,0.0,1,0,0,critical_materials,2025-11-11
0.0,0.0,14.0,26.0,,0.4592642857142858,,-0.5813,,0.0,0.0,0.0,0.0,0.0,20.0,0.0,2,0,0,critical_materials,2025-11-12
11.0,11.0,11.0,25.0,-0.2683363636363636,-0.2683363636363636,-0.9406,-0.9406,,0.0,0.0,0.0,0.0,0.0,21.0,7.0,3,0,0,critical_materials,2025-11-13
0.0,11.0,11.0,25.0,-0.2683363636363636,-0.2683363636363636,-0.9406,-0.9406,,0.0,0.0,0.0,0.0,0.0,22.0,7.0,4,0,0,critical_materials,2025-11-14
0.0,11.0,11.0,25.0,-0.2683363636363636,-0.2683363636363636,-0.9406,-0.9406,,0.0,0.0,0.0,0.0,0.0,23.0,7.0,5,1,0,critical_materials,2025-11-15
0.0,0.0,11.0,25.0,,-0.2683363636363636,,-0.9406,,0.0,0.0,0.0,0.0,0.0,24.0,0.0,6,1,0,critical_materials,2025-11-16
0.0,0.0,11.0,25.0,,-0.2683363636363636,,-0.9406,,0.0,0.0,0.0,0.0,0.0,25.0,0.0,0,0,0,critical_materials,2025-11-17
0.0,0.0,11.0,25.0,,-0.2683363636363636,,-0.9406,,0.0,0.0,0.0,0.0,0.0,26.0,0.0,1,0,0,critical_materials,2025-11-18
0.0,0.0,11.0,25.0,,-0.2683363636363636,,-0.9406,,0.0,0.0,0.0,0.0,0.0,27.0,0.0,2,0,0,critical_materials,2025-11-19
38.0,38.0,38.0,49.0,0.4094552631578947,0.4094552631578947,-0.9724,-0.9724,,3.0,3.0,0.0,0.0,0.0,28.0,0.0,3,0,0,critical_materials,2025-11-20
1.0,39.0,39.0,50.0,0.3989564102564102,0.3989564102564102,-0.9724,-0.9724,,0.0,3.0,0.0,0.0,0.0,29.0,0.0,4,0,0,critical_materials,2025-11-21
0.0,39.0,39.0,50.0,0.3989564102564102,0.3989564102564102,-0.9724,-0.9724,,0.0,3.0,0.0,0.0,0.0,30.0,0.0,5,1,0,critical_materials,2025-11-22
0.0,1.0,39.0,50.0,0.0,0.3989564102564102,0.0,-0.9724,-0.4094552631578947,0.0,0.0,0.0,0.0,0.0,31.0,0.0,6,1,0,critical_materials,2025-11-23
1.0,1.0,40.0,51.0,0.8323,0.40978999999999993,0.8323,-0.9724,0.43334358974358983,0.0,0.0,0.0,0.0,0.0,32.0,0.0,0,0,0,critical_materials,2025-11-24
0.0,1.0,40.0,51.0,0.8323,0.40978999999999993,0.8323,-0.9724,0.43334358974358983,0.0,0.0,0.0,0.0,0.0,33.0,0.0,1,0,0,critical_materials,2025-11-25
0.0,1.0,40.0,51.0,0.8323,0.40978999999999993,0.8323,-0.9724,0.8323,0.0,0.0,0.0,0.0,0.0,34.0,0.0,2,0,0,critical_materials,2025-11-26
7.0,7.0,9.0,47.0,-0.46272857142857143,-0.26742222222222223,-0.9296,-0.9296,-1.2950285714285714,4.0,4.0,0.0,0.0,0.0,35.0,1.0,3,0,0,critical_materials,2025-11-27
0.0,7.0,8.0,47.0,-0.46272857142857143,-0.30085,-0.9296,-0.9296,-1.2950285714285714,0.0,4.0,0.0,0.0,0.0,36.0,1.0,4,0,0,critical_materials,2025-11-28
0.0,7.0,8.0,47.0,-0.46272857142857143,-0.30085,-0.9296,-0.9296,-1.2950285714285714,0.0,4.0,0.0,0.0,0.0,37.0,1.0,5,1,0,critical_materials,2025-11-29
0.0,0.0,8.0,47.0,,-0.30085,,-0.9296,,0.0,0.0,0.0,0.0,0.0,38.0,0.0,6,1,0,critical_materials,2025-11-30
0.0,0.0,7.0,47.0,,-0.46272857142857143,,-0.9296,,0.0,0.0,0.0,0.0,0.0,39.0,0.0,0,0,0,critical_materials,2025-12-01
0.0,0.0,7.0,47.0,,-0.46272857142857143,,-0.9296,,0.0,0.0,0.0,0.0,0.0,40.0,0.0,1,0,0,critical_materials,2025-12-02
0.0,0.0,7.0,47.0,,-0.46272857142857143,,-0.9296,,0.0,0.0,0.0,0.0,0.0,41.0,0.0,2,0,0,critical_materials,2025-12-03
21.0,21.0,21.0,30.0,0.37135238095238093,0.37135238095238093,-0.936,-0.936,,2.0,2.0,0.0,0.0,0.0,42.0,0.0,3,0,0,critical_materials,2025-12-04
1.0,22.0,22.0,30.0,0.3544727272727273,0.3544727272727273,-0.936,-0.936,,0.0,2.0,0.0,0.0,0.0,43.0,0.0,4,0,0,critical_materials,2025-12-05
0.0,22.0,22.0,30.0,0.3544727272727273,0.3544727272727273,-0.936,-0.936,,0.0,2.0,0.0,0.0,0.0,44.0,0.0,5,1,0,critical_materials,2025-12-06
0.0,1.0,22.0,30.0,0.0,0.3544727272727273,0.0,-0.936,-0.37135238095238093,0.0,0.0,0.0,0.0,0.0,45.0,0.0,6,1,0,critical_materials,2025-12-07
0.0,0.0,22.0,29.0,,0.3544727272727273,,-0.936,,0.0,0.0,0.0,0.0,0.0,46.0,0.0,0,0,0,critical_materials,2025-12-08
1.0,1.0,23.0,30.0,0.0,0.3390608695652174,0.0,-0.936,-0.3544727272727273,0.0,0.0,0.0,0.0,0.0,47.0,0.0,1,0,0,critical_materials,2025-12-09
1.0,2.0,24.0,31.0,-0.4072,0.291,-0.8144,-0.936,-0.4072,0.0,0.0,0.0,0.0,0.0,48.0,0.0,2,0,0,critical_materials,2025-12-10
19.0,21.0,22.0,43.0,0.02554761904761906,0.024386363636363647,-0.9566,-0.9566,,2.0,2.0,0.0,0.0,0.0,49.0,0.0,3,0,0,critical_materials,2025-12-11
1.0,21.0,22.0,44.0,0.02554761904761906,0.024386363636363647,-0.9566,-0.9566,0.02554761904761906,0.0,2.0,0.0,0.0,0.0,50.0,0.0,4,0,0,critical_materials,2025-12-12
0.0,20.0,22.0,44.0,0.06754500000000001,0.024386363636363647,-0.9566,-0.9566,0.47474500000000003,0.0,2.0,0.0,0.0,0.0,51.0,0.0,5,1,0,critical_materials,2025-12-13
0.0,1.0,22.0,44.0,0.0,0.024386363636363647,0.0,-0.9566,-0.02554761904761906,0.0,0.0,0.0,0.0,0.0,52.0,0.0,6,1,0,critical_materials,2025-12-14
0.0,0.0,22.0,44.0,,0.024386363636363647,,-0.9566,,0.0,0.0,0.0,0.0,0.0,53.0,0.0,0,0,0,critical_materials,2025-12-15
0.0,0.0,21.0,44.0,,0.02554761904761906,,-0.9566,,0.0,0.0,0.0,0.0,0.0,54.0,0.0,1,0,0,critical_materials,2025-12-16
0.0,0.0,20.0,44.0,,0.06754500000000001,,-0.9566,,0.0,0.0,0.0,0.0,0.0,55.0,0.0,2,0,0,critical_materials,2025-12-17
21.0,21.0,22.0,44.0,-0.18943809523809524,-0.18082727272727273,-0.9677,-0.9677,,2.0,2.0,0.0,0.0,0.0,56.0,6.0,3,0,0,critical_materials,2025-12-18
0.0,21.0,21.0,43.0,-0.18943809523809524,-0.18943809523809524,-0.9677,-0.9677,,0.0,2.0,0.0,0.0,0.0,57.0,6.0,4,0,0,critical_materials,2025-12-19
0.0,21.0,21.0,43.0,-0.18943809523809524,-0.18943809523809524,-0.9677,-0.9677,,0.0,2.0,0.0,0.0,0.0,58.0,6.0,5,1,0,critical_materials,2025-12-20
0.0,0.0,21.0,43.0,,-0.18943809523809524,,-0.9677,,0.0,0.0,0.0,0.0,0.0,59.0,0.0,6,1,0,critical_materials,2025-12-21
2.0,2.0,23.0,45.0,-0.46505,-0.21340434782608697,-0.9301,-0.9677,-0.2756119047619048,1.0,1.0,0.0,0.0,0.0,60.0,0.0,0,0,0,critical_materials,2025-12-22
0.0,2.0,23.0,44.0,-0.46505,-0.21340434782608697,-0.9301,-0.9677,-0.2756119047619048,0.0,1.0,0.0,0.0,0.0,61.0,0.0,1,0,0,critical_materials,2025-12-23
0.0,2.0,23.0,43.0,-0.46505,-0.21340434782608697,-0.9301,-0.9677,,0.0,1.0,0.0,0.0,0.0,62.0,0.0,2,0,0,critical_materials,2025-12-24
8.0,8.0,10.0,32.0,-0.10466249999999999,-0.17673999999999998,-0.9594,-0.9594,0.3603875,0.0,0.0,0.0,0.0,0.0,63.0,0.0,3,0,0,critical_materials,2025-12-25
2.0,10.0,12.0,33.0,-0.22096,-0.26164166666666666,-0.9695,-0.9695,0.24409000000000003,0.0,0.0,0.0,0.0,0.0,64.0,0.0,4,0,0,critical_materials,2025-12-26
0.0,10.0,12.0,33.0,-0.22096,-0.26164166666666666,-0.9695,-0.9695,0.24409000000000003,0.0,0.0,0.0,0.0,0.0,65.0,0.0,5,1,0,critical_materials,2025-12-27
0.0,2.0,12.0,33.0,-0.68615,-0.26164166666666666,-0.9695,-0.9695,-0.5814875,0.0,0.0,0.0,0.0,0.0,66.0,0.0,6,1,0,critical_materials,2025-12-28
0.0,0.0,10.0,33.0,,-0.22096,,-0.9695,,0.0,0.0,0.0,0.0,0.0,67.0,0.0,0,0,1,critical_materials,2025-12-29
0.0,0.0,10.0,33.0,,-0.22096,,-0.9695,,0.0,0.0,0.0,0.0,0.0,68.0,0.0,1,0,1,critical_materials,2025-12-30
0.0,0.0,10.0,33.0,,-0.22096,,-0.9695,,0.0,0.0,0.0,0.0,0.0,69.0,0.0,2,0,1,critical_materials,2025-12-31
6.0,6.0,8.0,18.0,0.015499999999999995,-0.1599125,-0.7773,-0.9695,,1.0,1.0,1.0,1.0,1.0,0.0,6.0,3,0,0,critical_materials,2026-01-01
6.0,12.0,12.0,24.0,0.26275833333333337,0.26275833333333337,-0.7773,-0.7773,,0.0,1.0,1.0,1.0,1.0,1.0,6.0,4,0,0,critical_materials,2026-01-02
0.0,12.0,12.0,24.0,0.26275833333333337,0.26275833333333337,-0.7773,-0.7773,,0.0,1.0,1.0,1.0,1.0,2.0,6.0,5,1,0,critical_materials,2026-01-03
0.0,6.0,12.0,24.0,0.5100166666666667,0.26275833333333337,-0.7535,-0.7773,0.49451666666666666,0.0,0.0,0.0,1.0,1.0,3.0,0.0,6,1,1,critical_materials,2026-01-04
1.0,1.0,13.0,23.0,-0.8481,0.17730769230769233,-0.8481,-0.8481,-1.1108583333333333,0.0,0.0,0.0,1.0,1.0,4.0,0.0,0,0,1,critical_materials,2026-01-05
1.0,2.0,14.0,24.0,-0.68945,0.12672857142857144,-0.8481,-0.8481,-0.9522083333333333,0.0,0.0,0.0,1.0,1.0,5.0,1.0,1,0,1,critical_materials,2026-01-06
3.0,5.0,17.0,27.0,-0.6071,0.006917647058823538,-0.8852,-0.8852,-1.1171166666666665,2.0,2.0,2.0,3.0,3.0,0.0,3.0,2,0,0,critical_materials,2026-01-07
32.0,36.0,43.0,51.0,-0.5037527777777777,-0.3703046511627907,-0.9728,-0.9728,0.34434722222222225,4.0,6.0,2.0,2.0,3.0,1.0,6.0,3,0,0,critical_materials,2026-01-08
3.0,38.0,40.0,52.0,-0.46327105263157903,-0.47458,-0.9728,-0.9728,0.22617894736842098,0.0,6.0,2.0,2.0,3.0,2.0,5.0,4,0,0,critical_materials,2026-01-09
2.0,37.0,42.0,54.0,-0.44967297297297293,-0.4684142857142857,-0.9728,-0.9728,0.15742702702702704,0.0,4.0,0.0,2.0,3.0,3.0,3.0,5,1,0,critical_materials,2026-01-10
1.0,6.0,43.0,55.0,-0.11503333333333333,-0.4575209302325582,-0.6902,-0.9728,0.3887194444444444,0.0,0.0,0.0,2.0,3.0,4.0,0.0,6,1,0,critical_materials,2026-01-11
0.0,3.0,42.0,55.0,-0.23006666666666667,-0.4482214285714286,-0.6902,-0.9728,0.23320438596491236,0.0,0.0,0.0,2.0,3.0,5.0,0.0,0,0,0,critical_materials,2026-01-12
2.0,3.0,43.0,57.0,-0.16073333333333334,-0.4366674418604651,-0.4822,-0.9728,0.2889396396396396,0.0,0.0,0.0,2.0,3.0,6.0,0.0,1,0,0,critical_materials,2026-01-13
8.0,10.0,48.0,65.0,-0.13382,-0.3745020833333334,-0.786,-0.9728,-0.01878666666666666,1.0,1.0,0.0,0.0,3.0,7.0,0.0,2,0,0,critical_materials,2026-01-14
30.0,40.0,46.0,89.0,-0.1655525,-0.15896304347826087,-0.9738,-0.9738,0.06451416666666668,2.0,3.0,0.0,0.0,2.0,8.0,3.0,3,0,0,critical_materials,2026-01-15
0.0,38.0,43.0,83.0,-0.16157631578947368,-0.17005348837209303,-0.9738,-0.9738,-0.0008429824561403398,0.0,3.0,0.0,0.0,2.0,9.0,3.0,4,0,0,critical_materials,2026-01-16
0.0,30.0,41.0,83.0,-0.17613,-0.16151463414634148,-0.9738,-0.9738,-0.042310000000000014,0.0,2.0,0.0,0.0,2.0,10.0,3.0,5,1,0,critical_materials,2026-01-17
1.0,1.0,41.0,84.0,-0.6786,-0.1780658536585366,-0.6786,-0.9738,-0.5130475,0.0,0.0,0.0,0.0,2.0,11.0,0.0,6,1,0,critical_materials,2026-01-18
0.0,1.0,41.0,83.0,-0.6786,-0.1780658536585366,-0.6786,-0.9738,-0.5170236842105262,0.0,0.0,0.0,0.0,2.0,12.0,0.0,0,0,0,critical_materials,2026-01-19
2.0,3.0,41.0,84.0,-0.2262000000000003,-0.16630487804878052,-0.6786,-0.9738,-0.05007000000000028,0.0,0.0,0.0,0.0,2.0,13.0,0.0,1,0,0,critical_materials,2026-01-20
2.0,4.0,35.0,83.0,0.05894999999999978,-0.16362000000000002,-0.636,-0.9738,0.7375499999999997,1.0,1.0,0.0,0.0,0.0,14.0,0.0,2,0,0,critical_materials,2026-01-21
48.0,52.0,53.0,99.0,0.0017711538461538411,-0.011066037735849044,-0.9486,-0.9486,0.6803711538461539,0.0,1.0,0.0,0.0,0.0,15.0,0.0,3,0,0,critical_materials,2026-01-22
0.0,50.0,53.0,96.0,0.0018419999999999947,-0.011066037735849044,-0.9486,-0.9486,0.22804200000000027,0.0,1.0,0.0,0.0,0.0,16.0,0.0,4,0,0,critical_materials,2026-01-23
0.0,48.0,53.0,94.0,-0.0029937499999999873,-0.011066037735849044,-0.9486,-0.9486,-0.06194374999999977,0.0,0.0,0.0,0.0,0.0,17.0,1.0,5,1,0,critical_materials,2026-01-24
1.0,1.0,53.0,94.0,-0.9155,-0.01553584905660376,-0.9155,-0.9486,-0.9172711538461539,1.0,1.0,0.0,0.0,0.0,18.0,1.0,6,1,0,critical_materials,2026-01-25
1.0,2.0,54.0,95.0,-0.45775000000000043,-0.015248148148148136,-0.9155,-0.9486,-0.45959200000000044,1.0,2.0,0.0,0.0,0.0,19.0,1.0,0,0,0,critical_materials,2026-01-26
0.0,2.0,52.0,93.0,-0.45775000000000043,-0.01583461538461537,-0.9155,-0.9486,-0.4547562500000005,0.0,2.0,0.0,0.0,0.0,20.0,0.0,1,0,0,critical_materials,2026-01-27
2.0,3.0,52.0,87.0,0.305233333333333,-0.0027596153846153712,0.0,-0.9486,1.220733333333333,0.0,1.0,0.0,0.0,0.0,21.0,0.0,2,0,0,critical_materials,2026-01-28
25.0,27.0,29.0,82.0,0.26646296296296296,0.21651724137931042,-0.9405,-0.9405,0.7242129629629634,0.0,0.0,0.0,0.0,0.0,22.0,1.0,3,0,0,critical_materials,2026-01-29
0.0,27.0,29.0,82.0,0.26646296296296296,0.21651724137931042,-0.9405,-0.9405,0.7242129629629634,0.0,0.0,0.0,0.0,0.0,23.0,1.0,4,0,0,critical_materials,2026-01-30
0.0,25.0,29.0,82.0,0.25115200000000004,0.21651724137931042,-0.9405,-0.9405,-0.05408133333333298,0.0,0.0,0.0,0.0,0.0,24.0,1.0,5,1,0,critical_materials,2026-01-31
0.0,0.0,28.0,81.0,,0.25694642857142863,,-0.9405,,0.0,0.0,0.0,0.0,0.0,25.0,0.0,6,1,0,critical_materials,2026-02-01
0.0,0.0,27.0,81.0,,0.266462962962963,,-0.9405,,0.0,0.0,0.0,0.0,0.0,26.0,0.0,0,0,0,critical_materials,2026-02-02
1.0,1.0,28.0,80.0,-0.764,0.2296607142857143,-0.764,-0.9405,-1.015152,0.0,0.0,0.0,0.0,0.0,27.0,0.0,1,0,1,critical_materials,2026-02-03
2.0,3.0,28.0,80.0,-0.5209333333333336,0.16842857142857146,-0.7988,-0.9405,,0.0,0.0,0.0,0.0,0.0,28.0,0.0,2,0,1,critical_materials,2026-02-04
21.0,24.0,24.0,53.0,-0.34847083333333334,-0.34847083333333334,-0.9745,-0.9745,,0.0,0.0,0.0,0.0,0.0,29.0,1.0,3,0,1,critical_materials,2026-02-05
2.0,25.0,26.0,55.0,-0.31269600000000003,-0.33005384615384614,-0.9745,-0.9745,0.451304,0.0,0.0,1.0,1.0,1.0,0.0,2.0,4,0,0,critical_materials,2026-02-06
0.0,23.0,26.0,55.0,-0.30515652173913044,-0.33005384615384614,-0.9745,-0.9745,0.21577681159420314,0.0,0.0,1.0,1.0,1.0,1.0,2.0,5,1,0,critical_materials,2026-02-07
2.0,4.0,28.0,56.0,0.032799999999999774,-0.2940035714285715,-0.8175,-0.9745,0.3812708333333331,1.0,1.0,1.0,1.0,1.0,2.0,1.0,6,1,0,critical_materials,2026-02-08
0.0,2.0,28.0,55.0,0.17464999999999997,-0.2940035714285715,-0.5036,-0.9745,0.487346,0.0,1.0,0.0,1.0,1.0,3.0,0.0,0,0,0,critical_materials,2026-02-09
1.0,3.0,28.0,56.0,-0.05056666666666698,-0.2846107142857143,-0.5036,-0.9745,0.25458985507246346,1.0,2.0,0.0,1.0,1.0,4.0,0.0,1,0,0,critical_materials,2026-02-10
1.0,2.0,27.0,55.0,-0.7361500000000005,-0.3015407407407408,-0.9713,-0.9745,-0.7689500000000002,0.0,1.0,0.0,1.0,1.0,5.0,0.0,2,0,0,critical_materials,2026-02-11
18.0,20.0,24.0,48.0,-0.44422500000000004,-0.3647208333333333,-0.9713,-0.9713,-0.6188750000000001,2.0,3.0,0.0,1.0,1.0,6.0,0.0,3,0,0,critical_materials,2026-02-12
2.0,21.0,24.0,50.0,-0.4425571428571429,-0.3935583333333334,-0.9713,-0.9713,-0.39199047619047594,0.0,2.0,0.0,0.0,1.0,7.0,0.0,4,0,0,critical_materials,2026-02-13
0.0,20.0,24.0,50.0,-0.41612,-0.3935583333333334,-0.9436,-0.9713,0.32003000000000054,0.0,2.0,0.0,0.0,1.0,8.0,0.0,5,1,0,critical_materials,2026-02-14
0.0,2.0,22.0,50.0,-0.4551,-0.44521363636363637,-0.9102,-0.9713,-0.010874999999999968,0.0,0.0,0.0,0.0,1.0,9.0,0.0,6,1,0,critical_materials,2026-02-15
0.0,0.0,22.0,50.0,,-0.44521363636363637,,-0.9713,,0.0,0.0,0.0,0.0,1.0,10.0,0.0,0,0,0,critical_materials,2026-02-16
0.0,0.0,21.0,49.0,,-0.4425571428571429,,-0.9713,,0.0,0.0,0.0,0.0,1.0,11.0,0.0,1,0,0,critical_materials,2026-02-17
2.0,2.0,22.0,49.0,0.27705,-0.3531045454545454,0.0,-0.9436,0.7321500000000001,0.0,0.0,0.0,0.0,1.0,12.0,0.0,2,0,0,critical_materials,2026-02-18
12.0,14.0,16.0,40.0,0.2673214285714285,0.17701874999999992,-0.9533,-0.9533,,0.0,0.0,0.0,0.0,1.0,13.0,0.0,3,0,0,critical_materials,2026-02-19
1.0,15.0,15.0,39.0,0.24949999999999992,0.24949999999999992,-0.9533,-0.9533,,0.0,0.0,0.0,0.0,0.0,14.0,0.0,4,0,0,critical_materials,2026-02-20
0.0,13.0,15.0,39.0,0.24526153846153836,0.24949999999999992,-0.9533,-0.9533,-0.031788461538461654,0.0,0.0,0.0,0.0,0.0,15.0,0.0,5,1,0,critical_materials,2026-02-21
3.0,4.0,18.0,40.0,-0.3252250000000002,0.13564444444444437,-0.6944,-0.9533,-0.5925464285714287,0.0,0.0,0.0,0.0,0.0,16.0,0.0,6,1,0,critical_materials,2026-02-22
2.0,5.0,20.0,42.0,-0.39092000000000016,0.08939499999999995,-0.6944,-0.9533,-0.6404200000000001,0.0,0.0,0.0,0.0,0.0,17.0,0.0,0,0,1,critical_materials,2026-02-23
0.0,5.0,20.0,41.0,-0.39092000000000016,0.08939499999999995,-0.6944,-0.9533,-0.6361815384615386,0.0,0.0,0.0,0.0,0.0,18.0,0.0,1,0,1,critical_materials,2026-02-24
5.0,7.0,23.0,45.0,-0.3748142857142859,-0.03200869565217398,-0.926,-0.9533,-0.04958928571428567,0.0,0.0,0.0,0.0,0.0,19.0,0.0,2,0,1,critical_materials,2026-02-25
22.0,27.0,33.0,49.0,-0.22658888888888895,-0.24462121212121216,-0.926,-0.926,0.1643311111111112,1.0,1.0,1.0,1.0,1.0,0.0,2.0,3,0,0,critical_materials,2026-02-26
1.0,28.0,33.0,48.0,-0.21849642857142862,-0.24462121212121216,-0.926,-0.926,0.17242357142857154,0.0,1.0,1.0,1.0,1.0,1.0,2.0,4,0,0,critical_materials,2026-02-27
0.0,23.0,33.0,48.0,-0.18034347826086963,-0.24462121212121216,-0.9016,-0.926,0.19447080745341624,0.0,1.0,1.0,1.0,1.0,2.0,2.0,5,1,0,critical_materials,2026-02-28
0.0,1.0,30.0,48.0,0.0,-0.22572000000000003,0.0,-0.926,0.22658888888888895,0.0,0.0,0.0,1.0,1.0,3.0,0.0,6,1,0,critical_materials,2026-03-01
1.0,1.0,29.0,49.0,0.913,-0.17947931034482761,0.913,-0.926,1.1314964285714286,0.0,0.0,0.0,1.0,1.0,4.0,3.0,0,0,1,critical_materials,2026-03-02
0.0,1.0,29.0,49.0,0.913,-0.17947931034482761,0.913,-0.926,1.0933434782608697,0.0,0.0,0.0,1.0,1.0,5.0,5.0,1,0,1,critical_materials,2026-03-03
1.0,2.0,25.0,48.0,0.883599999999999,-0.09522800000000008,0.8542,-0.9016,0.883599999999999,0.0,0.0,0.0,1.0,1.0,6.0,6.0,2,0,1,critical_materials,2026-03-04
16.0,17.0,19.0,52.0,0.13954117647058809,0.17290526315789462,-0.9345,-0.9345,-0.773458823529412,4.0,4.0,1.0,1.0,2.0,0.0,21.0,3,0,0,critical_materials,2026-03-05
2.0,19.0,20.0,53.0,0.1607736842105262,0.1983849999999999,-0.9345,-0.9345,-0.7522263157894739,0.0,4.0,1.0,1.0,2.0,1.0,23.0,4,0,0,critical_materials,2026-03-06
0.0,18.0,20.0,53.0,0.12224999999999987,0.1983849999999999,-0.9345,-0.9345,-0.7613499999999992,0.0,4.0,1.0,1.0,2.0,2.0,23.0,5,1,0,critical_materials,2026-03-07
0.0,2.0,20.0,50.0,0.34125,0.1983849999999999,0.0,-0.9345,0.2017088235294119,0.0,0.0,0.0,1.0,2.0,3.0,7.0,6,1,0,critical_materials,2026-03-08
0.0,0.0,19.0,48.0,,0.1607736842105262,,-0.9345,,0.0,0.0,0.0,1.0,2.0,4.0,7.0,0,0,0,critical_materials,2026-03-09
1.0,1.0,20.0,49.0,0.0,0.1527349999999999,0.0,-0.9345,-0.12224999999999987,0.0,0.0,0.0,1.0,2.0,5.0,7.0,1,0,0,critical_materials,2026-03-10
0.0,1.0,19.0,44.0,0.0,0.11581578947368411,0.0,-0.9345,-0.34125,0.0,0.0,0.0,1.0,2.0,6.0,8.0,2,0,0,critical_materials,2026-03-11
6.0,7.0,9.0,28.0,-0.46534285714285745,-0.28610000000000024,-0.9648,-0.9648,,1.0,1.0,0.0,0.0,1.0,7.0,61.0,3,0,0,critical_materials,2026-03-12
0.0,6.0,7.0,27.0,-0.5429,-0.46534285714285745,-0.9648,-0.9648,-0.5429,0.0,1.0,0.0,0.0,1.0,8.0,64.0,4,0,0,critical_materials,2026-03-13
0.0,6.0,7.0,27.0,-0.5429,-0.46534285714285745,-0.9648,-0.9648,-0.5429,0.0,1.0,0.0,0.0,1.0,9.0,61.0,5,1,0,critical_materials,2026-03-14
1.0,1.0,8.0,28.0,-0.8852,-0.5178250000000003,-0.8852,-0.9648,-0.41985714285714254,0.0,0.0,0.0,0.0,1.0,10.0,6.0,6,1,0,critical_materials,2026-03-15
0.0,1.0,8.0,27.0,-0.8852,-0.5178250000000003,-0.8852,-0.9648,-0.34229999999999994,0.0,0.0,0.0,0.0,1.0,11.0,4.0,0,0,0,critical_materials,2026-03-16
1.0,2.0,8.0,28.0,-0.8096000000000009,-0.6095750000000003,-0.8852,-0.9648,-0.2667000000000008,0.0,0.0,0.0,0.0,1.0,12.0,4.0,1,0,1,critical_materials,2026-03-17
1.0,2.0,9.0,28.0,-0.3670000000000009,-0.5418444444444447,-0.734,-0.9648,0.5181999999999991,0.0,0.0,0.0,0.0,1.0,13.0,4.0,2,0,1,critical_materials,2026-03-18
15.0,17.0,18.0,27.0,-0.19004117647058838,-0.22866111111111126,-0.9622,-0.9622,0.6951588235294116,4.0,4.0,0.0,0.0,0.0,14.0,19.0,3,0,1,critical_materials,2026-03-19
6.0,22.0,24.0,31.0,-0.08533181818181829,-0.1456875000000001,-0.9622,-0.9622,0.7242681818181826,1.0,5.0,1.0,1.0,1.0,0.0,24.0,4,0,0,critical_materials,2026-03-20
0.0,21.0,24.0,31.0,-0.0893952380952382,-0.1456875000000001,-0.9622,-0.9622,0.2776047619047627,0.0,5.0,1.0,1.0,1.0,1.0,23.0,5,1,0,critical_materials,2026-03-21
0.0,6.0,23.0,31.0,0.10323333333333334,-0.11353478260869576,-0.9402,-0.9622,0.2932745098039217,0.0,1.0,1.0,1.0,1.0,2.0,7.0,6,1,0,critical_materials,2026-03-22
0.0,0.0,23.0,31.0,,-0.11353478260869576,,-0.9622,,0.0,0.0,0.0,1.0,1.0,3.0,3.0,0,0,0,critical_materials,2026-03-23
1.0,1.0,23.0,31.0,-0.8314,-0.11776956521739142,-0.8314,-0.9622,-0.7420047619047618,0.0,0.0,0.0,1.0,1.0,4.0,4.0,1,0,0,critical_materials,2026-03-24
0.0,1.0,22.0,31.0,-0.8314,-0.12312272727272738,-0.8314,-0.9622,-0.9346333333333334,0.0,0.0,0.0,1.0,1.0,5.0,4.0,2,0,0,critical_materials,2026-03-25
8.0,9.0,15.0,33.0,0.394711111111111,0.27812,-0.8314,-0.9402,,0.0,0.0,0.0,1.0,1.0,6.0,10.0,3,0,0,critical_materials,2026-03-26
3.0,11.0,12.0,36.0,0.24450909090909081,0.15484999999999993,-0.9573,-0.9573,1.075909090909091,2.0,2.0,0.0,0.0,1.0,7.0,10.0,4,0,0,critical_materials,2026-03-27
0.0,11.0,12.0,36.0,0.24450909090909081,0.15484999999999993,-0.9573,-0.9573,1.075909090909091,0.0,2.0,0.0,0.0,1.0,8.0,9.0,5,1,0,critical_materials,2026-03-28
0.0,3.0,12.0,35.0,-0.5647333333333333,0.15484999999999993,-0.9573,-0.9573,-0.9594444444444443,0.0,2.0,0.0,0.0,1.0,9.0,2.0,6,1,0,critical_materials,2026-03-29
1.0,1.0,13.0,36.0,0.0,0.1429384615384615,0.0,-0.9573,-0.24450909090909081,0.0,0.0,0.0,0.0,1.0,10.0,0.0,0,0,0,critical_materials,2026-03-30
0.0,1.0,12.0,35.0,0.0,0.2241333333333333,0.0,-0.9573,-0.24450909090909081,0.0,0.0,0.0,0.0,1.0,11.0,0.0,1,0,0,critical_materials,2026-03-31
1.0,2.0,13.0,35.0,0.2833999999999991,0.2504923076923076,0.0,-0.9573,0.8481333333333324,0.0,0.0,0.0,0.0,1.0,12.0,1.0,2,0,0,critical_materials,2026-04-01
7.0,8.0,12.0,27.0,0.14098749999999977,-0.04719166666666677,-0.3964,-0.9573,0.14098749999999977,0.0,0.0,0.0,0.0,1.0,13.0,6.0,3,0,0,critical_materials,2026-04-02
4.0,12.0,13.0,25.0,0.30529999999999985,0.2818153846153845,-0.3964,-0.3964,0.30529999999999985,0.0,0.0,0.0,0.0,0.0,14.0,6.0,4,0,0,critical_materials,2026-04-03
0.0,11.0,13.0,25.0,0.28152727272727257,0.2818153846153845,-0.3964,-0.3964,-0.0018727272727265265,0.0,0.0,0.0,0.0,0.0,15.0,5.0,5,1,0,critical_materials,2026-04-04
1.0,5.0,14.0,26.0,0.3737599999999997,0.2140499999999999,-0.6669,-0.6669,0.23277249999999994,0.0,0.0,0.0,0.0,0.0,16.0,0.0,6,1,0,critical_materials,2026-04-05
0.0,1.0,13.0,26.0,-0.6669,0.2305153846153845,-0.6669,-0.6669,-0.9722,0.0,0.0,0.0,0.0,0.0,17.0,2.0,0,0,0,critical_materials,2026-04-06
1.0,2.0,14.0,26.0,-0.3334500000000009,0.2140499999999999,-0.6669,-0.6669,-0.6149772727272735,1.0,1.0,0.0,0.0,0.0,18.0,3.0,1,0,0,critical_materials,2026-04-07
2.0,3.0,15.0,28.0,0.0,0.16199333333333327,0.0,-0.6669,-0.3737599999999997,0.0,1.0,0.0,0.0,0.0,19.0,4.0,2,0,0,critical_materials,2026-04-08
12.0,15.0,20.0,32.0,-0.16446666666666682,-0.029910000000000082,-0.9606,-0.9606,0.5024333333333333,0.0,1.0,0.0,0.0,0.0,20.0,11.0,3,0,0,critical_materials,2026-04-09
2.0,16.0,18.0,31.0,-0.060175000000000145,-0.090538888888889,-0.9606,-0.9606,0.27327500000000077,0.0,0.0,0.0,0.0,0.0,21.0,14.0,4,0,0,critical_materials,2026-04-10
0.0,14.0,18.0,31.0,-0.06877142857142873,-0.090538888888889,-0.9606,-0.9606,-0.06877142857142873,0.0,0.0,0.0,0.0,0.0,22.0,13.0,5,1,0,critical_materials,2026-04-11
0.0,2.0,17.0,31.0,0.7521,-0.05663529411764717,0.7158,-0.9606,0.9165666666666668,0.0,0.0,0.0,0.0,0.0,23.0,5.0,6,1,0,critical_materials,2026-04-12
0.0,0.0,17.0,30.0,,-0.05663529411764717,,-0.9606,,0.0,0.0,0.0,0.0,0.0,24.0,8.0,0,0,0,critical_materials,2026-04-13
0.0,0.0,16.0,30.0,,-0.06017500000000012,,-0.9606,,0.0,0.0,0.0,0.0,0.0,25.0,13.0,1,0,0,critical_materials,2026-04-14
1.0,1.0,15.0,30.0,-0.7349,-0.11318000000000013,-0.7349,-0.9606,-1.487,0.0,0.0,0.0,0.0,0.0,26.0,14.0,2,0,0,critical_materials,2026-04-15
24.0,25.0,27.0,47.0,0.21307199999999996,0.25299999999999995,-0.9587,-0.9587,,4.0,4.0,0.0,0.0,0.0,27.0,42.0,3,0,0,critical_materials,2026-04-16
1.0,26.0,26.0,44.0,0.16902692307692302,0.16902692307692302,-0.9587,-0.9587,,1.0,5.0,0.0,0.0,0.0,28.0,40.0,4,0,0,critical_materials,2026-04-17
0.0,25.0,26.0,44.0,0.20518399999999992,0.16902692307692302,-0.9587,-0.9587,0.9400839999999999,0.0,5.0,0.0,0.0,0.0,29.0,39.0,5,1,0,critical_materials,2026-04-18
0.0,1.0,26.0,43.0,-0.9321,0.16902692307692302,-0.9321,-0.9587,-1.145172,0.0,1.0,0.0,0.0,0.0,30.0,5.0,6,1,0,critical_materials,2026-04-19
0.0,0.0,26.0,43.0,,0.16902692307692302,,-0.9587,,0.0,0.0,0.0,0.0,0.0,31.0,5.0,0,0,1,critical_materials,2026-04-20
0.0,0.0,26.0,42.0,,0.16902692307692302,,-0.9587,,0.0,0.0,0.0,0.0,0.0,32.0,5.0,1,0,1,critical_materials,2026-04-21
0.0,0.0,25.0,40.0,,0.20518399999999992,,-0.9587,,0.0,0.0,0.0,0.0,0.0,33.0,7.0,2,0,1,critical_materials,2026-04-22
6.0,6.0,7.0,34.0,-0.21436666666666668,-0.3169000000000003,-0.9498,-0.9498,,2.0,2.0,1.0,1.0,1.0,0.0,78.0,3,0,0,critical_materials,2026-04-23
0.0,6.0,6.0,32.0,-0.21436666666666668,-0.21436666666666668,-0.9498,-0.9498,,0.0,2.0,1.0,1.0,1.0,1.0,78.0,4,0,0,critical_materials,2026-04-24
1.0,7.0,7.0,33.0,-0.31642857142857167,-0.31642857142857167,-0.9498,-0.9498,,0.0,2.0,1.0,1.0,1.0,2.0,78.0,5,1,0,critical_materials,2026-04-25
0.0,1.0,7.0,33.0,-0.9288,-0.31642857142857167,-0.9288,-0.9498,-0.7144333333333333,0.0,0.0,0.0,1.0,1.0,3.0,5.0,6,1,0,critical_materials,2026-04-26
0.0,1.0,7.0,33.0,-0.9288,-0.31642857142857167,-0.9288,-0.9498,-0.7144333333333333,0.0,0.0,0.0,1.0,1.0,4.0,6.0,0,0,0,critical_materials,2026-04-27
1.0,1.0,8.0,34.0,0.0,-0.2768750000000002,0.0,-0.9498,0.31642857142857167,0.0,0.0,0.0,1.0,1.0,5.0,4.0,1,0,0,critical_materials,2026-04-28
1.0,2.0,9.0,34.0,-0.2928000000000009,-0.311177777777778,-0.5856,-0.9498,0.635999999999999,1.0,1.0,0.0,1.0,1.0,6.0,7.0,2,0,0,critical_materials,2026-04-29
8.0,10.0,11.0,18.0,-0.41076000000000024,-0.4578545454545457,-0.973,-0.973,0.5180399999999997,1.0,2.0,0.0,0.0,1.0,7.0,93.0,3,0,0,critical_materials,2026-04-30
0.0,9.0,11.0,17.0,-0.45640000000000025,-0.4578545454545457,-0.973,-0.973,-0.45640000000000025,0.0,2.0,0.0,0.0,1.0,8.0,93.0,4,0,0,critical_materials,2026-05-01
1.0,9.0,11.0,18.0,-0.4547666666666669,-0.42531818181818204,-0.973,-0.973,-0.16196666666666598,0.0,1.0,0.0,0.0,1.0,9.0,91.0,5,1,0,critical_materials,2026-05-02
1.0,2.0,12.0,19.0,-0.28545000000000087,-0.3898750000000002,-0.5709,-0.973,0.12530999999999937,0.0,0.0,0.0,0.0,1.0,10.0,5.0,6,1,0,critical_materials,2026-05-03
2.0,4.0,14.0,21.0,-0.07540000000000044,-0.3149428571428573,-0.6427,-0.973,0.3809999999999998,1.0,1.0,0.0,0.0,1.0,11.0,8.0,0,0,0,critical_materials,2026-05-04
3.0,6.0,16.0,24.0,-0.06633333333333363,-0.3172812500000001,-0.901,-0.973,0.38843333333333324,1.0,2.0,0.0,0.0,1.0,12.0,7.0,1,0,0,critical_materials,2026-05-05
0.0,5.0,15.0,24.0,-0.07960000000000036,-0.29939333333333346,-0.901,-0.973,0.2058500000000005,0.0,2.0,0.0,0.0,1.0,13.0,9.0,2,0,0,critical_materials,2026-05-06
12.0,15.0,19.0,30.0,0.1478133333333332,0.10082105263157885,-0.9597,-0.9597,0.22321333333333365,2.0,3.0,0.0,0.0,0.0,14.0,21.0,3,0,0,critical_materials,2026-05-07
1.0,13.0,20.0,31.0,0.2691230769230768,0.1264849999999999,-0.9597,-0.9597,0.33545641025641043,0.0,2.0,0.0,0.0,0.0,15.0,23.0,4,0,0,critical_materials,2026-05-08
0.0,13.0,19.0,30.0,0.2691230769230768,0.16318947368421044,-0.9597,-0.9597,0.34872307692307714,0.0,2.0,0.0,0.0,0.0,16.0,19.0,5,1,0,critical_materials,2026-05-09
0.0,1.0,18.0,30.0,0.6141,0.17225555555555547,0.6141,-0.9597,0.46628666666666674,0.0,0.0,0.0,0.0,0.0,17.0,4.0,6,1,0,critical_materials,2026-05-10
0.0,0.0,16.0,30.0,,0.1769562499999999,,-0.9597,,0.0,0.0,0.0,0.0,0.0,18.0,1.0,0,0,0,critical_materials,2026-05-11
0.0,0.0,13.0,29.0,,0.2691230769230768,,-0.9597,,0.0,0.0,0.0,0.0,0.0,19.0,1.0,1,0,0,critical_materials,2026-05-12
1.0,1.0,14.0,29.0,0.0,0.24989999999999987,0.0,-0.9597,-0.6141,1.0,1.0,0.0,0.0,0.0,20.0,0.0,2,0,0,critical_materials,2026-05-13
42.0,43.0,44.0,63.0,0.0014627906976743736,0.015386363636363592,-0.9542,-0.9542,,3.0,4.0,0.0,0.0,0.0,21.0,7.0,3,0,0,critical_materials,2026-05-14
0.0,43.0,43.0,63.0,0.0014627906976743736,0.0014627906976743736,-0.9542,-0.9542,,0.0,4.0,0.0,0.0,0.0,22.0,7.0,4,0,0,critical_materials,2026-05-15
0.0,42.0,43.0,62.0,0.0014976190476190439,0.0014627906976743736,-0.9542,-0.9542,0.0014976190476190439,0.0,3.0,0.0,0.0,0.0,23.0,7.0,5,1,0,critical_materials,2026-05-16
0.0,0.0,43.0,61.0,,0.0014627906976743736,,-0.9542,,0.0,0.0,0.0,0.0,0.0,24.0,0.0,6,1,0,critical_materials,2026-05-17
0.0,0.0,43.0,59.0,,0.0014627906976743736,,-0.9542,,0.0,0.0,0.0,0.0,0.0,25.0,0.0,0,0,0,critical_materials,2026-05-18
0.0,0.0,43.0,56.0,,0.0014627906976743736,,-0.9542,,0.0,0.0,0.0,0.0,0.0,26.0,1.0,1,0,0,critical_materials,2026-05-19
0.0,0.0,42.0,56.0,,0.0014976190476190439,,-0.9542,,0.0,0.0,0.0,0.0,0.0,27.0,1.0,2,0,0,critical_materials,2026-05-20
1.0,1.0,1.0,45.0,0.0,0.0,0.0,0.0,,0.0,0.0,0.0,0.0,0.0,28.0,1.0,3,0,0,critical_materials,2026-05-21
0.0,1.0,1.0,44.0,0.0,0.0,0.0,0.0,,0.0,0.0,0.0,0.0,0.0,29.0,0.0,4,0,0,critical_materials,2026-05-22
0.0,1.0,1.0,44.0,0.0,0.0,0.0,0.0,,0.0,0.0,0.0,0.0,0.0,30.0,1.0,5,1,0,critical_materials,2026-05-23
0.0,0.0,1.0,44.0,,0.0,,0.0,,0.0,0.0,0.0,0.0,0.0,31.0,2.0,6,1,0,critical_materials,2026-05-24
1.0,1.0,2.0,45.0,0.0,0.0,0.0,0.0,0.0,0.0,0.0,0.0,0.0,0.0,32.0,3.0,0,0,0,critical_materials,2026-05-25
1.0,2.0,3.0,46.0,0.0,0.0,0.0,0.0,0.0,0.0,0.0,0.0,0.0,0.0,33.0,2.0,1,0,0,critical_materials,2026-05-26
2.0,4.0,5.0,47.0,0.4775749999999995,0.3820599999999996,0.0,0.0,,0.0,0.0,0.0,0.0,0.0,34.0,1.0,2,0,0,critical_materials,2026-05-27
0.0,3.0,4.0,5.0,0.636766666666666,0.4775749999999995,0.0,0.0,0.636766666666666,0.0,0.0,0.0,0.0,0.0,35.0,0.0,3,0,0,critical_materials,2026-05-28
0.0,2.0,4.0,5.0,0.9551499999999999,0.4775749999999995,0.9541,0.0,0.9551499999999999,0.0,0.0,0.0,0.0,0.0,36.0,0.0,4,0,0,critical_materials,2026-05-29
1.0,1.0,5.0,6.0,0.0,0.3820599999999996,0.0,0.0,-0.4775749999999995,0.0,0.0,0.0,0.0,0.0,37.0,1.0,5,1,0,critical_materials,2026-05-30
2.0,3.0,7.0,8.0,-0.04370000000000059,0.2541714285714283,-0.7634,-0.7634,-0.6804666666666667,0.0,0.0,0.0,0.0,0.0,38.0,1.0,6,1,0,critical_materials,2026-05-31
1.0,4.0,7.0,9.0,-0.03277500000000044,0.2541714285714283,-0.7634,-0.7634,-0.9879250000000004,0.0,0.0,0.0,0.0,0.0,39.0,2.0,0,0,0,critical_materials,2026-06-01
0.0,3.0,6.0,9.0,-0.04370000000000059,0.29653333333333304,-0.7634,-0.7634,-0.04370000000000059,0.0,0.0,0.0,0.0,0.0,40.0,2.0,1,0,0,critical_materials,2026-06-02
0.0,1.0,4.0,9.0,0.0,-0.03277500000000044,0.0,-0.7634,0.04370000000000059,0.0,0.0,0.0,0.0,0.0,41.0,2.0,2,0,0,critical_materials,2026-06-03
0.0,0.0,4.0,8.0,,-0.03277500000000044,,-0.7634,,0.0,0.0,0.0,0.0,0.0,42.0,1.0,3,0,0,critical_materials,2026-06-04
0.0,0.0,4.0,8.0,,-0.03277500000000044,,-0.7634,,0.0,0.0,0.0,0.0,0.0,43.0,0.0,4,0,0,critical_materials,2026-06-05
0.0,0.0,3.0,8.0,,-0.04370000000000059,,-0.7634,,0.0,0.0,0.0,0.0,0.0,44.0,0.0,5,1,0,critical_materials,2026-06-06
0.0,0.0,1.0,8.0,,0.0,,0.0,,0.0,0.0,0.0,0.0,0.0,45.0,0.0,6,1,0,critical_materials,2026-06-07
0.0,0.0,0.0,7.0,,,,,,0.0,0.0,0.0,0.0,0.0,46.0,0.0,0,0,0,critical_materials,2026-06-08
1.0,1.0,1.0,7.0,0.0,0.0,0.0,0.0,,0.0,0.0,0.0,0.0,0.0,47.0,0.0,1,0,0,critical_materials,2026-06-09
0.0,1.0,1.0,5.0,0.0,0.0,0.0,0.0,,0.0,0.0,0.0,0.0,0.0,48.0,0.0,2,0,0,critical_materials,2026-06-10
1.0,2.0,2.0,6.0,0.0,0.0,0.0,0.0,,0.0,0.0,0.0,0.0,0.0,49.0,0.0,3,0,0,critical_materials,2026-06-11
0.0,1.0,2.0,6.0,0.0,0.0,0.0,0.0,0.0,0.0,0.0,0.0,0.0,0.0,50.0,0.0,4,0,0,critical_materials,2026-06-12
1.0,2.0,3.0,6.0,0.3917999999999991,0.2611999999999994,0.0,0.0,0.3917999999999991,0.0,0.0,0.0,0.0,0.0,51.0,0.0,5,1,0,critical_materials,2026-06-13
0.0,1.0,3.0,4.0,0.7836,0.2611999999999994,0.7836,0.0,0.7836,0.0,0.0,0.0,0.0,0.0,52.0,0.0,6,1,0,critical_materials,2026-06-14
0.0,1.0,3.0,3.0,0.7836,0.2611999999999994,0.7836,0.0,0.7836,0.0,0.0,0.0,0.0,0.0,53.0,0.0,0,0,0,critical_materials,2026-06-15
6.0,6.0,8.0,9.0,0.45954999999999996,0.44261249999999974,0.0,0.0,0.06775000000000087,0.0,0.0,0.0,0.0,0.0,54.0,0.0,1,0,0,critical_materials,2026-06-16
4.0,10.0,12.0,13.0,0.35184999999999983,0.35850833333333315,0.0,0.0,-0.43175000000000013,0.0,0.0,0.0,0.0,0.0,55.0,0.0,2,0,0,critical_materials,2026-06-17
10.0,20.0,21.0,23.0,0.4516049999999999,0.4674142857142856,-0.973,-0.973,-0.33199500000000004,0.0,0.0,0.0,0.0,0.0,56.0,0.0,3,0,0,critical_materials,2026-06-18
13.0,27.0,34.0,36.0,0.25804444444444435,0.30906176470588226,-0.973,-0.973,-0.2015055555555556,0.0,0.0,0.0,0.0,0.0,57.0,1.0,4,0,0,critical_materials,2026-06-19
4.0,27.0,37.0,40.0,0.3319407407407407,0.3373216216216216,-0.973,-0.973,-0.019909259259259127,0.0,0.0,0.0,0.0,0.0,58.0,1.0,5,1,0,critical_materials,2026-06-20
1.0,18.0,38.0,41.0,0.14388888888888882,0.3058447368421052,-0.9725,-0.973,-0.3077161111111111,0.0,0.0,0.0,0.0,0.0,59.0,2.0,6,1,0,critical_materials,2026-06-21
43.0,48.0,81.0,84.0,0.056556249999999975,0.15357037037037036,-0.9748,-0.9748,-0.20148819444444438,0.0,0.0,0.0,0.0,0.0,60.0,1.0,0,0,0,critical_materials,2026-06-22
16.0,60.0,91.0,99.0,-0.126135,0.023686813186813198,-0.9748,-0.9748,-0.4580757407407407,0.0,0.0,0.0,0.0,0.0,61.0,3.0,1,0,0,critical_materials,2026-06-23
2.0,61.0,89.0,101.0,-0.12585081967213116,0.004794382022471909,-0.9748,-0.9748,-0.26973970856102,0.0,0.0,0.0,0.0,0.0,62.0,3.0,2,0,0,critical_materials,2026-06-24
0.0,0.0,0.0,0.0,,,,,,0.0,0.0,0.0,0.0,0.0,999.0,0.0,2,0,0,us_logistics,2025-01-01
0.0,0.0,0.0,0.0,,,,,,0.0,0.0,0.0,0.0,0.0,999.0,0.0,3,0,0,us_logistics,2025-01-02
1.0,1.0,1.0,1.0,0.8211,0.8211,0.8211,0.8211,,1.0,1.0,0.0,0.0,0.0,999.0,1.0,4,0,0,us_logistics,2025-01-03
0.0,1.0,1.0,1.0,0.8211,0.8211,0.8211,0.8211,,0.0,1.0,0.0,0.0,0.0,999.0,2.0,5,1,0,us_logistics,2025-01-04
0.0,1.0,1.0,1.0,0.8211,0.8211,0.8211,0.8211,,0.0,1.0,0.0,0.0,0.0,999.0,2.0,6,1,0,us_logistics,2025-01-05
0.0,0.0,1.0,1.0,,0.8211,,0.8211,,0.0,0.0,0.0,0.0,0.0,999.0,1.0,0,0,0,us_logistics,2025-01-06
0.0,0.0,1.0,1.0,,0.8211,,0.8211,,0.0,0.0,0.0,0.0,0.0,999.0,0.0,1,0,0,us_logistics,2025-01-07
0.0,0.0,1.0,1.0,,0.8211,,0.8211,,0.0,0.0,0.0,0.0,0.0,999.0,0.0,2,0,0,us_logistics,2025-01-08
2.0,2.0,3.0,3.0,0.37715,0.5251333333333333,0.0,0.0,,2.0,2.0,0.0,0.0,0.0,999.0,0.0,3,0,0,us_logistics,2025-01-09
11.0,13.0,13.0,14.0,0.34170769230769227,0.34170769230769227,-0.8081,-0.8081,,8.0,10.0,0.0,0.0,0.0,999.0,0.0,4,0,0,us_logistics,2025-01-10
0.0,13.0,13.0,14.0,0.34170769230769227,0.34170769230769227,-0.8081,-0.8081,,0.0,10.0,0.0,0.0,0.0,999.0,0.0,5,1,0,us_logistics,2025-01-11
0.0,11.0,13.0,14.0,0.3352636363636363,0.34170769230769227,-0.8081,-0.8081,-0.041886363636363666,0.0,8.0,0.0,0.0,0.0,999.0,0.0,6,1,0,us_logistics,2025-01-12
0.0,0.0,13.0,14.0,,0.34170769230769227,,-0.8081,,0.0,0.0,0.0,0.0,0.0,999.0,0.0,0,0,1,us_logistics,2025-01-13
0.0,0.0,13.0,14.0,,0.34170769230769227,,-0.8081,,0.0,0.0,0.0,0.0,0.0,999.0,0.0,1,0,1,us_logistics,2025-01-14
0.0,0.0,13.0,14.0,,0.34170769230769227,,-0.8081,,0.0,0.0,0.0,0.0,0.0,999.0,0.0,2,0,1,us_logistics,2025-01-15
3.0,3.0,14.0,17.0,-0.6111666666666666,0.13245714285714286,-0.9364,-0.9364,,0.0,0.0,1.0,1.0,1.0,0.0,1.0,3,0,0,us_logistics,2025-01-16
14.0,17.0,17.0,30.0,-0.3007705882352941,-0.30077058823529407,-0.9738,-0.9738,,2.0,2.0,1.0,1.0,1.0,1.0,1.0,4,0,0,us_logistics,2025-01-17
0.0,17.0,17.0,30.0,-0.3007705882352941,-0.30077058823529407,-0.9738,-0.9738,,0.0,2.0,1.0,1.0,1.0,2.0,1.0,5,1,0,us_logistics,2025-01-18
0.0,14.0,17.0,30.0,-0.23425714285714286,-0.30077058823529407,-0.9738,-0.9738,0.3769095238095238,0.0,2.0,0.0,1.0,1.0,3.0,0.0,6,1,0,us_logistics,2025-01-19
0.0,0.0,17.0,30.0,,-0.30077058823529407,,-0.9738,,0.0,0.0,0.0,1.0,1.0,4.0,0.0,0,0,0,us_logistics,2025-01-20
0.0,0.0,17.0,30.0,,-0.30077058823529407,,-0.9738,,0.0,0.0,0.0,1.0,1.0,5.0,0.0,1,0,0,us_logistics,2025-01-21
0.0,0.0,17.0,30.0,,-0.30077058823529407,,-0.9738,,0.0,0.0,0.0,1.0,1.0,6.0,0.0,2,0,0,us_logistics,2025-01-22
0.0,0.0,14.0,28.0,,-0.23425714285714286,,-0.9738,,0.0,0.0,0.0,0.0,1.0,7.0,0.0,3,0,0,us_logistics,2025-01-23
6.0,6.0,6.0,23.0,0.4787333333333333,0.4787333333333333,0.0,0.0,,2.0,2.0,0.0,0.0,1.0,8.0,0.0,4,0,0,us_logistics,2025-01-24
0.0,6.0,6.0,23.0,0.4787333333333333,0.4787333333333333,0.0,0.0,,0.0,2.0,0.0,0.0,1.0,9.0,0.0,5,1,0,us_logistics,2025-01-25
0.0,6.0,6.0,23.0,0.4787333333333333,0.4787333333333333,0.0,0.0,,0.0,2.0,0.0,0.0,1.0,10.0,0.0,6,1,0,us_logistics,2025-01-26
0.0,0.0,6.0,23.0,,0.4787333333333333,,0.0,,0.0,0.0,0.0,0.0,1.0,11.0,0.0,0,0,0,us_logistics,2025-01-27
0.0,0.0,6.0,23.0,,0.4787333333333333,,0.0,,0.0,0.0,0.0,0.0,1.0,12.0,0.0,1,0,0,us_logistics,2025-01-28
0.0,0.0,6.0,23.0,,0.4787333333333333,,0.0,,0.0,0.0,0.0,0.0,1.0,13.0,0.0,2,0,0,us_logistics,2025-01-29
0.0,0.0,6.0,20.0,,0.4787333333333333,,0.0,,0.0,0.0,0.0,0.0,0.0,14.0,0.0,3,0,0,us_logistics,2025-01-30
5.0,5.0,5.0,11.0,-0.04854000000000001,-0.04854000000000001,-0.9748,-0.9748,,1.0,1.0,0.0,0.0,0.0,15.0,1.0,4,0,0,us_logistics,2025-01-31
0.0,5.0,5.0,11.0,-0.04854000000000001,-0.04854000000000001,-0.9748,-0.9748,,0.0,1.0,0.0,0.0,0.0,16.0,1.0,5,1,0,us_logistics,2025-02-01
0.0,5.0,5.0,11.0,-0.04854000000000001,-0.04854000000000001,-0.9748,-0.9748,,0.0,1.0,0.0,0.0,0.0,17.0,1.0,6,1,0,us_logistics,2025-02-02
0.0,0.0,5.0,11.0,,-0.04854000000000001,,-0.9748,,0.0,0.0,0.0,0.0,0.0,18.0,0.0,0,0,0,us_logistics,2025-02-03
0.0,0.0,5.0,11.0,,-0.04854000000000001,,-0.9748,,0.0,0.0,0.0,0.0,0.0,19.0,0.0,1,0,0,us_logistics,2025-02-04
0.0,0.0,5.0,11.0,,-0.04854000000000001,,-0.9748,,0.0,0.0,0.0,0.0,0.0,20.0,0.0,2,0,0,us_logistics,2025-02-05
1.0,1.0,6.0,12.0,0.0,-0.04045000000000001,0.0,-0.9748,,0.0,0.0,0.0,0.0,0.0,21.0,0.0,3,0,0,us_logistics,2025-02-06
5.0,6.0,6.0,11.0,-0.09611666666666673,-0.09611666666666664,-0.7552,-0.7552,,1.0,1.0,0.0,0.0,0.0,22.0,2.0,4,0,0,us_logistics,2025-02-07
0.0,6.0,6.0,11.0,-0.09611666666666673,-0.09611666666666664,-0.7552,-0.7552,,0.0,1.0,0.0,0.0,0.0,23.0,2.0,5,1,0,us_logistics,2025-02-08
0.0,5.0,6.0,11.0,-0.11533999999999997,-0.09611666666666664,-0.7552,-0.7552,-0.11533999999999997,0.0,1.0,0.0,0.0,0.0,24.0,2.0,6,1,0,us_logistics,2025-02-09
0.0,0.0,6.0,11.0,,-0.09611666666666664,,-0.7552,,0.0,0.0,0.0,0.0,0.0,25.0,0.0,0,0,0,us_logistics,2025-02-10
0.0,0.0,6.0,11.0,,-0.09611666666666664,,-0.7552,,0.0,0.0,0.0,0.0,0.0,26.0,0.0,1,0,0,us_logistics,2025-02-11
0.0,0.0,6.0,11.0,,-0.09611666666666664,,-0.7552,,0.0,0.0,0.0,0.0,0.0,27.0,0.0,2,0,0,us_logistics,2025-02-12
0.0,0.0,5.0,11.0,,-0.11533999999999997,,-0.7552,,0.0,0.0,0.0,0.0,0.0,28.0,0.0,3,0,0,us_logistics,2025-02-13
3.0,3.0,3.0,9.0,-0.22640000000000002,-0.22640000000000002,-0.6792,-0.6792,,0.0,0.0,0.0,0.0,0.0,29.0,1.0,4,0,0,us_logistics,2025-02-14
0.0,3.0,3.0,9.0,-0.22640000000000002,-0.22640000000000002,-0.6792,-0.6792,,0.0,0.0,0.0,0.0,0.0,30.0,1.0,5,1,0,us_logistics,2025-02-15
0.0,3.0,3.0,9.0,-0.22640000000000002,-0.22640000000000002,-0.6792,-0.6792,,0.0,0.0,0.0,0.0,0.0,31.0,1.0,6,1,0,us_logistics,2025-02-16
0.0,0.0,3.0,9.0,,-0.22640000000000002,,-0.6792,,0.0,0.0,0.0,0.0,0.0,32.0,0.0,0,0,0,us_logistics,2025-02-17
0.0,0.0,3.0,9.0,,-0.22640000000000002,,-0.6792,,0.0,0.0,0.0,0.0,0.0,33.0,0.0,1,0,0,us_logistics,2025-02-18
0.0,0.0,3.0,9.0,,-0.22640000000000002,,-0.6792,,0.0,0.0,0.0,0.0,0.0,34.0,0.0,2,0,0,us_logistics,2025-02-19
0.0,0.0,3.0,8.0,,-0.22640000000000002,,-0.6792,,0.0,0.0,0.0,0.0,0.0,35.0,0.0,3,0,0,us_logistics,2025-02-20
5.0,5.0,5.0,8.0,0.36429999999999996,0.36429999999999996,0.0,0.0,,0.0,0.0,0.0,0.0,0.0,36.0,0.0,4,0,0,us_logistics,2025-02-21
0.0,5.0,5.0,8.0,0.36429999999999996,0.36429999999999996,0.0,0.0,,0.0,0.0,0.0,0.0,0.0,37.0,0.0,5,1,0,us_logistics,2025-02-22
0.0,5.0,5.0,8.0,0.36429999999999996,0.36429999999999996,0.0,0.0,,0.0,0.0,0.0,0.0,0.0,38.0,0.0,6,1,0,us_logistics,2025-02-23
0.0,0.0,5.0,8.0,,0.36429999999999996,,0.0,,0.0,0.0,0.0,0.0,0.0,39.0,0.0,0,0,0,us_logistics,2025-02-24
0.0,0.0,5.0,8.0,,0.36429999999999996,,0.0,,0.0,0.0,0.0,0.0,0.0,40.0,0.0,1,0,0,us_logistics,2025-02-25
0.0,0.0,5.0,8.0,,0.36429999999999996,,0.0,,0.0,0.0,0.0,0.0,0.0,41.0,0.0,2,0,0,us_logistics,2025-02-26
1.0,1.0,6.0,9.0,0.8496,0.4451833333333333,0.8496,0.0,,0.0,0.0,0.0,0.0,0.0,42.0,0.0,3,0,0,us_logistics,2025-02-27
3.0,4.0,4.0,9.0,0.4446249999999999,0.444625,0.0,0.0,,1.0,1.0,0.0,0.0,0.0,43.0,0.0,4,0,0,us_logistics,2025-02-28
0.0,4.0,4.0,9.0,0.4446249999999999,0.444625,0.0,0.0,,0.0,1.0,0.0,0.0,0.0,44.0,0.0,5,1,0,us_logistics,2025-03-01
0.0,3.0,4.0,9.0,0.3096333333333333,0.444625,0.0,0.0,-0.5399666666666667,0.0,1.0,0.0,0.0,0.0,45.0,0.0,6,1,0,us_logistics,2025-03-02
0.0,0.0,4.0,9.0,,0.444625,,0.0,,0.0,0.0,0.0,0.0,0.0,46.0,0.0,0,0,0,us_logistics,2025-03-03
0.0,0.0,4.0,9.0,,0.444625,,0.0,,0.0,0.0,0.0,0.0,0.0,47.0,0.0,1,0,0,us_logistics,2025-03-04
0.0,0.0,4.0,9.0,,0.444625,,0.0,,0.0,0.0,0.0,0.0,0.0,48.0,0.0,2,0,0,us_logistics,2025-03-05
6.0,6.0,9.0,15.0,-0.07423333333333333,0.05372222222222221,-0.761,-0.761,,1.0,1.0,0.0,0.0,0.0,49.0,0.0,3,0,0,us_logistics,2025-03-06
0.0,6.0,6.0,10.0,-0.07423333333333333,-0.07423333333333333,-0.761,-0.761,,0.0,1.0,0.0,0.0,0.0,50.0,0.0,4,0,0,us_logistics,2025-03-07
0.0,6.0,6.0,10.0,-0.07423333333333333,-0.07423333333333333,-0.761,-0.761,,0.0,1.0,0.0,0.0,0.0,51.0,0.0,5,1,0,us_logistics,2025-03-08
0.0,0.0,6.0,10.0,,-0.07423333333333333,,-0.761,,0.0,0.0,0.0,0.0,0.0,52.0,0.0,6,1,0,us_logistics,2025-03-09
0.0,0.0,6.0,10.0,,-0.07423333333333333,,-0.761,,0.0,0.0,0.0,0.0,0.0,53.0,0.0,0,0,0,us_logistics,2025-03-10
0.0,0.0,6.0,10.0,,-0.07423333333333333,,-0.761,,0.0,0.0,0.0,0.0,0.0,54.0,0.0,1,0,0,us_logistics,2025-03-11
0.0,0.0,6.0,10.0,,-0.07423333333333333,,-0.761,,0.0,0.0,0.0,0.0,0.0,55.0,0.0,2,0,0,us_logistics,2025-03-12
3.0,3.0,3.0,12.0,-0.17033333333333334,-0.17033333333333334,-0.511,-0.511,,0.0,0.0,0.0,0.0,0.0,56.0,0.0,3,0,0,us_logistics,2025-03-13
0.0,3.0,3.0,9.0,-0.17033333333333334,-0.17033333333333334,-0.511,-0.511,,0.0,0.0,0.0,0.0,0.0,57.0,0.0,4,0,0,us_logistics,2025-03-14
0.0,3.0,3.0,9.0,-0.17033333333333334,-0.17033333333333334,-0.511,-0.511,,0.0,0.0,0.0,0.0,0.0,58.0,0.0,5,1,0,us_logistics,2025-03-15
0.0,0.0,3.0,9.0,,-0.17033333333333334,,-0.511,,0.0,0.0,0.0,0.0,0.0,59.0,0.0,6,1,0,us_logistics,2025-03-16
0.0,0.0,3.0,9.0,,-0.17033333333333334,,-0.511,,0.0,0.0,0.0,0.0,0.0,60.0,0.0,0,0,0,us_logistics,2025-03-17
0.0,0.0,3.0,9.0,,-0.17033333333333334,,-0.511,,0.0,0.0,0.0,0.0,0.0,61.0,0.0,1,0,0,us_logistics,2025-03-18
0.0,0.0,3.0,9.0,,-0.17033333333333334,,-0.511,,0.0,0.0,0.0,0.0,0.0,62.0,0.0,2,0,0,us_logistics,2025-03-19
4.0,4.0,4.0,7.0,-0.033975000000000005,-0.033975000000000005,-0.7226,-0.7226,,0.0,0.0,0.0,0.0,0.0,63.0,0.0,3,0,0,us_logistics,2025-03-20
0.0,4.0,4.0,7.0,-0.033975000000000005,-0.033975000000000005,-0.7226,-0.7226,,0.0,0.0,0.0,0.0,0.0,64.0,0.0,4,0,0,us_logistics,2025-03-21
0.0,4.0,4.0,7.0,-0.033975000000000005,-0.033975000000000005,-0.7226,-0.7226,,0.0,0.0,0.0,0.0,0.0,65.0,0.0,5,1,0,us_logistics,2025-03-22
0.0,0.0,4.0,7.0,,-0.033975000000000005,,-0.7226,,0.0,0.0,0.0,0.0,0.0,66.0,0.0,6,1,0,us_logistics,2025-03-23
0.0,0.0,4.0,7.0,,-0.033975000000000005,,-0.7226,,0.0,0.0,0.0,0.0,0.0,67.0,0.0,0,0,0,us_logistics,2025-03-24
0.0,0.0,4.0,7.0,,-0.033975000000000005,,-0.7226,,0.0,0.0,0.0,0.0,0.0,68.0,0.0,1,0,0,us_logistics,2025-03-25
0.0,0.0,4.0,7.0,,-0.033975000000000005,,-0.7226,,0.0,0.0,0.0,0.0,0.0,69.0,0.0,2,0,0,us_logistics,2025-03-26
5.0,5.0,5.0,9.0,-0.26004,-0.26004,-0.6773,-0.6773,,0.0,0.0,0.0,0.0,0.0,70.0,0.0,3,0,0,us_logistics,2025-03-27
0.0,5.0,5.0,9.0,-0.26004,-0.26004,-0.6773,-0.6773,,0.0,0.0,0.0,0.0,0.0,71.0,0.0,4,0,0,us_logistics,2025-03-28
0.0,5.0,5.0,9.0,-0.26004,-0.26004,-0.6773,-0.6773,,0.0,0.0,0.0,0.0,0.0,72.0,0.0,5,1,0,us_logistics,2025-03-29
0.0,0.0,5.0,9.0,,-0.26004,,-0.6773,,0.0,0.0,0.0,0.0,0.0,73.0,0.0,6,1,0,us_logistics,2025-03-30
0.0,0.0,5.0,9.0,,-0.26004,,-0.6773,,0.0,0.0,0.0,0.0,0.0,74.0,0.0,0,0,0,us_logistics,2025-03-31
0.0,0.0,5.0,9.0,,-0.26004,,-0.6773,,0.0,0.0,0.0,0.0,0.0,75.0,0.0,1,0,0,us_logistics,2025-04-01
0.0,0.0,5.0,9.0,,-0.26004,,-0.6773,,0.0,0.0,0.0,0.0,0.0,76.0,0.0,2,0,0,us_logistics,2025-04-02
6.0,6.0,6.0,11.0,-0.007316666666666675,-0.007316666666666675,-0.9243,-0.9243,,0.0,0.0,0.0,0.0,0.0,77.0,0.0,3,0,0,us_logistics,2025-04-03
0.0,6.0,6.0,11.0,-0.007316666666666675,-0.007316666666666675,-0.9243,-0.9243,,0.0,0.0,0.0,0.0,0.0,78.0,0.0,4,0,0,us_logistics,2025-04-04
0.0,6.0,6.0,11.0,-0.007316666666666675,-0.007316666666666675,-0.9243,-0.9243,,0.0,0.0,0.0,0.0,0.0,79.0,0.0,5,1,0,us_logistics,2025-04-05
0.0,0.0,6.0,11.0,,-0.007316666666666675,,-0.9243,,0.0,0.0,0.0,0.0,0.0,80.0,0.0,6,1,0,us_logistics,2025-04-06
0.0,0.0,6.0,11.0,,-0.007316666666666675,,-0.9243,,0.0,0.0,0.0,0.0,0.0,81.0,0.0,0,0,0,us_logistics,2025-04-07
0.0,0.0,6.0,11.0,,-0.007316666666666675,,-0.9243,,0.0,0.0,0.0,0.0,0.0,82.0,0.0,1,0,0,us_logistics,2025-04-08
0.0,0.0,6.0,11.0,,-0.007316666666666675,,-0.9243,,0.0,0.0,0.0,0.0,0.0,83.0,0.0,2,0,0,us_logistics,2025-04-09
4.0,4.0,4.0,10.0,0.0,0.0,0.0,0.0,,0.0,0.0,0.0,0.0,0.0,84.0,0.0,3,0,0,us_logistics,2025-04-10
0.0,4.0,4.0,10.0,0.0,0.0,0.0,0.0,,0.0,0.0,0.0,0.0,0.0,85.0,0.0,4,0,0,us_logistics,2025-04-11
0.0,4.0,4.0,10.0,0.0,0.0,0.0,0.0,,0.0,0.0,0.0,0.0,0.0,86.0,0.0,5,1,0,us_logistics,2025-04-12
0.0,0.0,4.0,10.0,,0.0,,0.0,,0.0,0.0,0.0,0.0,0.0,87.0,0.0,6,1,0,us_logistics,2025-04-13
0.0,0.0,4.0,10.0,,0.0,,0.0,,0.0,0.0,0.0,0.0,0.0,88.0,0.0,0,0,0,us_logistics,2025-04-14
0.0,0.0,4.0,10.0,,0.0,,0.0,,0.0,0.0,0.0,0.0,0.0,89.0,0.0,1,0,0,us_logistics,2025-04-15
0.0,0.0,4.0,10.0,,0.0,,0.0,,0.0,0.0,0.0,0.0,0.0,90.0,0.0,2,0,0,us_logistics,2025-04-16
5.0,5.0,5.0,9.0,-0.8533000000000002,-0.8533000000000002,-0.9694,-0.9694,,0.0,0.0,0.0,0.0,0.0,91.0,2.0,3,0,0,us_logistics,2025-04-17
0.0,5.0,5.0,9.0,-0.8533000000000002,-0.8533000000000002,-0.9694,-0.9694,,0.0,0.0,0.0,0.0,0.0,92.0,2.0,4,0,0,us_logistics,2025-04-18
0.0,5.0,5.0,9.0,-0.8533000000000002,-0.8533000000000002,-0.9694,-0.9694,,0.0,0.0,0.0,0.0,0.0,93.0,2.0,5,1,0,us_logistics,2025-04-19
0.0,0.0,5.0,9.0,,-0.8533000000000002,,-0.9694,,0.0,0.0,0.0,0.0,0.0,94.0,0.0,6,1,0,us_logistics,2025-04-20
0.0,0.0,5.0,9.0,,-0.8533000000000002,,-0.9694,,0.0,0.0,0.0,0.0,0.0,95.0,0.0,0,0,0,us_logistics,2025-04-21
0.0,0.0,5.0,9.0,,-0.8533000000000002,,-0.9694,,0.0,0.0,0.0,0.0,0.0,96.0,0.0,1,0,0,us_logistics,2025-04-22
0.0,0.0,5.0,9.0,,-0.8533000000000002,,-0.9694,,0.0,0.0,0.0,0.0,0.0,97.0,0.0,2,0,0,us_logistics,2025-04-23
11.0,11.0,11.0,16.0,0.13831818181818178,0.13831818181818178,-0.9395,-0.9395,,3.0,3.0,0.0,0.0,0.0,98.0,2.0,3,0,0,us_logistics,2025-04-24
0.0,11.0,11.0,16.0,0.13831818181818178,0.13831818181818178,-0.9395,-0.9395,,0.0,3.0,0.0,0.0,0.0,99.0,2.0,4,0,0,us_logistics,2025-04-25
0.0,11.0,11.0,16.0,0.13831818181818178,0.13831818181818178,-0.9395,-0.9395,,0.0,3.0,0.0,0.0,0.0,100.0,2.0,5,1,0,us_logistics,2025-04-26
0.0,0.0,11.0,16.0,,0.13831818181818178,,-0.9395,,0.0,0.0,0.0,0.0,0.0,101.0,0.0,6,1,0,us_logistics,2025-04-27
0.0,0.0,11.0,16.0,,0.13831818181818178,,-0.9395,,0.0,0.0,0.0,0.0,0.0,102.0,0.0,0,0,0,us_logistics,2025-04-28
0.0,0.0,11.0,16.0,,0.13831818181818178,,-0.9395,,0.0,0.0,0.0,0.0,0.0,103.0,0.0,1,0,0,us_logistics,2025-04-29
0.0,0.0,11.0,16.0,,0.13831818181818178,,-0.9395,,0.0,0.0,0.0,0.0,0.0,104.0,0.0,2,0,0,us_logistics,2025-04-30
4.0,4.0,4.0,15.0,-0.012699999999999989,-0.012699999999999989,-0.965,-0.965,,1.0,1.0,0.0,0.0,0.0,105.0,0.0,3,0,0,us_logistics,2025-05-01
0.0,4.0,4.0,15.0,-0.012699999999999989,-0.012699999999999989,-0.965,-0.965,,0.0,1.0,0.0,0.0,0.0,106.0,0.0,4,0,0,us_logistics,2025-05-02
0.0,4.0,4.0,15.0,-0.012699999999999989,-0.012699999999999989,-0.965,-0.965,,0.0,1.0,0.0,0.0,0.0,107.0,0.0,5,1,0,us_logistics,2025-05-03
0.0,0.0,4.0,15.0,,-0.012699999999999989,,-0.965,,0.0,0.0,0.0,0.0,0.0,108.0,0.0,6,1,0,us_logistics,2025-05-04
0.0,0.0,4.0,15.0,,-0.012699999999999989,,-0.965,,0.0,0.0,0.0,0.0,0.0,109.0,0.0,0,0,0,us_logistics,2025-05-05
0.0,0.0,4.0,15.0,,-0.012699999999999989,,-0.965,,0.0,0.0,0.0,0.0,0.0,110.0,0.0,1,0,0,us_logistics,2025-05-06
0.0,0.0,4.0,15.0,,-0.012699999999999989,,-0.965,,0.0,0.0,0.0,0.0,0.0,111.0,0.0,2,0,0,us_logistics,2025-05-07
18.0,18.0,18.0,22.0,-0.4799944444444445,-0.4799944444444445,-0.9698,-0.9698,,2.0,2.0,0.0,0.0,0.0,112.0,2.0,3,0,0,us_logistics,2025-05-08
0.0,18.0,18.0,22.0,-0.4799944444444445,-0.4799944444444445,-0.9698,-0.9698,,0.0,2.0,0.0,0.0,0.0,113.0,2.0,4,0,0,us_logistics,2025-05-09
0.0,18.0,18.0,22.0,-0.4799944444444445,-0.4799944444444445,-0.9698,-0.9698,,0.0,2.0,0.0,0.0,0.0,114.0,2.0,5,1,0,us_logistics,2025-05-10
0.0,0.0,18.0,22.0,,-0.4799944444444445,,-0.9698,,0.0,0.0,0.0,0.0,0.0,115.0,0.0,6,1,0,us_logistics,2025-05-11
0.0,0.0,18.0,22.0,,-0.4799944444444445,,-0.9698,,0.0,0.0,0.0,0.0,0.0,116.0,0.0,0,0,0,us_logistics,2025-05-12
0.0,0.0,18.0,22.0,,-0.4799944444444445,,-0.9698,,0.0,0.0,0.0,0.0,0.0,117.0,0.0,1,0,0,us_logistics,2025-05-13
0.0,0.0,18.0,22.0,,-0.4799944444444445,,-0.9698,,0.0,0.0,0.0,0.0,0.0,118.0,0.0,2,0,0,us_logistics,2025-05-14
0.0,0.0,0.0,18.0,,,,,,0.0,0.0,0.0,0.0,0.0,119.0,0.0,3,0,0,us_logistics,2025-05-15
0.0,0.0,0.0,18.0,,,,,,0.0,0.0,0.0,0.0,0.0,120.0,0.0,4,0,0,us_logistics,2025-05-16
0.0,0.0,0.0,18.0,,,,,,0.0,0.0,0.0,0.0,0.0,121.0,0.0,5,1,0,us_logistics,2025-05-17
0.0,0.0,0.0,18.0,,,,,,0.0,0.0,0.0,0.0,0.0,122.0,0.0,6,1,0,us_logistics,2025-05-18
0.0,0.0,0.0,18.0,,,,,,0.0,0.0,0.0,0.0,0.0,123.0,0.0,0,0,0,us_logistics,2025-05-19
0.0,0.0,0.0,18.0,,,,,,0.0,0.0,0.0,0.0,0.0,124.0,0.0,1,0,0,us_logistics,2025-05-20
0.0,0.0,0.0,18.0,,,,,,0.0,0.0,0.0,0.0,0.0,125.0,0.0,2,0,0,us_logistics,2025-05-21
0.0,0.0,0.0,0.0,,,,,,0.0,0.0,0.0,0.0,0.0,126.0,0.0,3,0,0,us_logistics,2025-05-22
0.0,0.0,0.0,0.0,,,,,,0.0,0.0,0.0,0.0,0.0,127.0,0.0,4,0,0,us_logistics,2025-05-23
0.0,0.0,0.0,0.0,,,,,,0.0,0.0,0.0,0.0,0.0,128.0,0.0,5,1,0,us_logistics,2025-05-24
0.0,0.0,0.0,0.0,,,,,,0.0,0.0,0.0,0.0,0.0,129.0,0.0,6,1,0,us_logistics,2025-05-25
0.0,0.0,0.0,0.0,,,,,,0.0,0.0,0.0,0.0,0.0,130.0,0.0,0,0,0,us_logistics,2025-05-26
0.0,0.0,0.0,0.0,,,,,,0.0,0.0,0.0,0.0,0.0,131.0,0.0,1,0,0,us_logistics,2025-05-27
0.0,0.0,0.0,0.0,,,,,,0.0,0.0,0.0,0.0,0.0,132.0,0.0,2,0,0,us_logistics,2025-05-28
0.0,0.0,0.0,0.0,,,,,,0.0,0.0,0.0,0.0,0.0,133.0,0.0,3,0,0,us_logistics,2025-05-29
0.0,0.0,0.0,0.0,,,,,,0.0,0.0,0.0,0.0,0.0,134.0,0.0,4,0,0,us_logistics,2025-05-30
0.0,0.0,0.0,0.0,,,,,,0.0,0.0,0.0,0.0,0.0,135.0,0.0,5,1,0,us_logistics,2025-05-31
0.0,0.0,0.0,0.0,,,,,,0.0,0.0,0.0,0.0,0.0,136.0,0.0,6,1,0,us_logistics,2025-06-01
0.0,0.0,0.0,0.0,,,,,,0.0,0.0,0.0,0.0,0.0,137.0,0.0,0,0,0,us_logistics,2025-06-02
0.0,0.0,0.0,0.0,,,,,,0.0,0.0,0.0,0.0,0.0,138.0,0.0,1,0,0,us_logistics,2025-06-03
0.0,0.0,0.0,0.0,,,,,,0.0,0.0,0.0,0.0,0.0,139.0,0.0,2,0,0,us_logistics,2025-06-04
0.0,0.0,0.0,0.0,,,,,,0.0,0.0,0.0,0.0,0.0,140.0,0.0,3,0,0,us_logistics,2025-06-05
0.0,0.0,0.0,0.0,,,,,,0.0,0.0,0.0,0.0,0.0,141.0,0.0,4,0,0,us_logistics,2025-06-06
0.0,0.0,0.0,0.0,,,,,,0.0,0.0,0.0,0.0,0.0,142.0,0.0,5,1,0,us_logistics,2025-06-07
0.0,0.0,0.0,0.0,,,,,,0.0,0.0,0.0,0.0,0.0,143.0,0.0,6,1,0,us_logistics,2025-06-08
0.0,0.0,0.0,0.0,,,,,,0.0,0.0,0.0,0.0,0.0,144.0,0.0,0,0,1,us_logistics,2025-06-09
0.0,0.0,0.0,0.0,,,,,,0.0,0.0,0.0,0.0,0.0,145.0,0.0,1,0,1,us_logistics,2025-06-10
0.0,0.0,0.0,0.0,,,,,,0.0,0.0,0.0,0.0,0.0,146.0,0.0,2,0,1,us_logistics,2025-06-11
5.0,5.0,5.0,5.0,-0.40790000000000004,-0.40790000000000004,-0.8403,-0.8403,,1.0,1.0,1.0,1.0,1.0,0.0,1.0,3,0,0,us_logistics,2025-06-12
0.0,5.0,5.0,5.0,-0.40790000000000004,-0.40790000000000004,-0.8403,-0.8403,,0.0,1.0,1.0,1.0,1.0,1.0,1.0,4,0,0,us_logistics,2025-06-13
0.0,5.0,5.0,5.0,-0.40790000000000004,-0.40790000000000004,-0.8403,-0.8403,,0.0,1.0,1.0,1.0,1.0,2.0,1.0,5,1,0,us_logistics,2025-06-14
0.0,0.0,5.0,5.0,,-0.40790000000000004,,-0.8403,,0.0,0.0,0.0,1.0,1.0,3.0,0.0,6,1,1,us_logistics,2025-06-15
0.0,0.0,5.0,5.0,,-0.40790000000000004,,-0.8403,,0.0,0.0,0.0,1.0,1.0,4.0,0.0,0,0,1,us_logistics,2025-06-16
0.0,0.0,5.0,5.0,,-0.40790000000000004,,-0.8403,,0.0,0.0,0.0,1.0,1.0,5.0,1.0,1,0,1,us_logistics,2025-06-17
0.0,0.0,5.0,5.0,,-0.40790000000000004,,-0.8403,,0.0,0.0,1.0,2.0,2.0,0.0,2.0,2,0,0,us_logistics,2025-06-18
4.0,4.0,4.0,9.0,-0.33525,-0.33525,-0.8476,-0.8476,,1.0,1.0,1.0,1.0,2.0,1.0,7.0,3,0,0,us_logistics,2025-06-19
0.0,4.0,4.0,9.0,-0.33525,-0.33525,-0.8476,-0.8476,,0.0,1.0,1.0,1.0,2.0,2.0,6.0,4,0,0,us_logistics,2025-06-20
0.0,4.0,4.0,9.0,-0.33525,-0.33525,-0.8476,-0.8476,,0.0,1.0,0.0,1.0,2.0,3.0,5.0,5,1,0,us_logistics,2025-06-21
0.0,0.0,4.0,9.0,,-0.33525,,-0.8476,,0.0,0.0,0.0,1.0,2.0,4.0,0.0,6,1,0,us_logistics,2025-06-22
0.0,0.0,4.0,9.0,,-0.33525,,-0.8476,,0.0,0.0,0.0,1.0,2.0,5.0,0.0,0,0,0,us_logistics,2025-06-23
0.0,0.0,4.0,9.0,,-0.33525,,-0.8476,,0.0,0.0,0.0,1.0,2.0,6.0,0.0,1,0,0,us_logistics,2025-06-24
0.0,0.0,4.0,9.0,,-0.33525,,-0.8476,,0.0,0.0,0.0,0.0,2.0,7.0,0.0,2,0,0,us_logistics,2025-06-25
0.0,0.0,0.0,4.0,,,,,,0.0,0.0,0.0,0.0,1.0,8.0,2.0,3,0,0,us_logistics,2025-06-26
0.0,0.0,0.0,4.0,,,,,,0.0,0.0,0.0,0.0,1.0,9.0,2.0,4,0,0,us_logistics,2025-06-27
0.0,0.0,0.0,4.0,,,,,,0.0,0.0,0.0,0.0,1.0,10.0,2.0,5,1,0,us_logistics,2025-06-28
0.0,0.0,0.0,4.0,,,,,,0.0,0.0,0.0,0.0,1.0,11.0,0.0,6,1,0,us_logistics,2025-06-29
0.0,0.0,0.0,4.0,,,,,,0.0,0.0,0.0,0.0,1.0,12.0,0.0,0,0,0,us_logistics,2025-06-30
0.0,0.0,0.0,4.0,,,,,,0.0,0.0,0.0,0.0,1.0,13.0,0.0,1,0,0,us_logistics,2025-07-01
0.0,0.0,0.0,4.0,,,,,,0.0,0.0,0.0,0.0,0.0,14.0,1.0,2,0,0,us_logistics,2025-07-02
4.0,4.0,4.0,4.0,-0.019949999999999996,-0.019949999999999996,-0.9695,-0.9695,,0.0,0.0,0.0,0.0,0.0,15.0,1.0,3,0,0,us_logistics,2025-07-03
0.0,4.0,4.0,4.0,-0.019949999999999996,-0.019949999999999996,-0.9695,-0.9695,,0.0,0.0,0.0,0.0,0.0,16.0,1.0,4,0,0,us_logistics,2025-07-04
0.0,4.0,4.0,4.0,-0.019949999999999996,-0.019949999999999996,-0.9695,-0.9695,,0.0,0.0,0.0,0.0,0.0,17.0,0.0,5,1,0,us_logistics,2025-07-05
0.0,0.0,4.0,4.0,,-0.019949999999999996,,-0.9695,,0.0,0.0,0.0,0.0,0.0,18.0,0.0,6,1,0,us_logistics,2025-07-06
0.0,0.0,4.0,4.0,,-0.019949999999999996,,-0.9695,,0.0,0.0,0.0,0.0,0.0,19.0,0.0,0,0,0,us_logistics,2025-07-07
0.0,0.0,4.0,4.0,,-0.019949999999999996,,-0.9695,,0.0,0.0,0.0,0.0,0.0,20.0,0.0,1,0,0,us_logistics,2025-07-08
0.0,0.0,4.0,4.0,,-0.019949999999999996,,-0.9695,,0.0,0.0,0.0,0.0,0.0,21.0,2.0,2,0,0,us_logistics,2025-07-09
4.0,4.0,4.0,8.0,-0.567375,-0.567375,-0.8933,-0.8933,,1.0,1.0,0.0,0.0,0.0,22.0,2.0,3,0,0,us_logistics,2025-07-10
0.0,4.0,4.0,8.0,-0.567375,-0.567375,-0.8933,-0.8933,,0.0,1.0,0.0,0.0,0.0,23.0,2.0,4,0,0,us_logistics,2025-07-11
0.0,4.0,4.0,8.0,-0.567375,-0.567375,-0.8933,-0.8933,,0.0,1.0,0.0,0.0,0.0,24.0,0.0,5,1,0,us_logistics,2025-07-12
0.0,0.0,4.0,8.0,,-0.567375,,-0.8933,,0.0,0.0,0.0,0.0,0.0,25.0,0.0,6,1,0,us_logistics,2025-07-13
0.0,0.0,4.0,8.0,,-0.567375,,-0.8933,,0.0,0.0,0.0,0.0,0.0,26.0,0.0,0,0,0,us_logistics,2025-07-14
0.0,0.0,4.0,8.0,,-0.567375,,-0.8933,,0.0,0.0,0.0,0.0,0.0,27.0,0.0,1,0,0,us_logistics,2025-07-15
0.0,0.0,4.0,8.0,,-0.567375,,-0.8933,,0.0,0.0,0.0,0.0,0.0,28.0,0.0,2,0,0,us_logistics,2025-07-16
2.0,2.0,2.0,6.0,0.09634999999999999,0.09634999999999999,-0.5369,-0.5369,,0.0,0.0,0.0,0.0,0.0,29.0,2.0,3,0,0,us_logistics,2025-07-17
0.0,2.0,2.0,6.0,0.09634999999999999,0.09634999999999999,-0.5369,-0.5369,,0.0,0.0,0.0,0.0,0.0,30.0,2.0,4,0,0,us_logistics,2025-07-18
0.0,2.0,2.0,6.0,0.09634999999999999,0.09634999999999999,-0.5369,-0.5369,,0.0,0.0,0.0,0.0,0.0,31.0,2.0,5,1,0,us_logistics,2025-07-19
0.0,0.0,2.0,6.0,,0.09634999999999999,,-0.5369,,0.0,0.0,0.0,0.0,0.0,32.0,0.0,6,1,0,us_logistics,2025-07-20
0.0,0.0,2.0,6.0,,0.09634999999999999,,-0.5369,,0.0,0.0,0.0,0.0,0.0,33.0,0.0,0,0,0,us_logistics,2025-07-21
0.0,0.0,2.0,6.0,,0.09634999999999999,,-0.5369,,0.0,0.0,0.0,0.0,0.0,34.0,0.0,1,0,0,us_logistics,2025-07-22
0.0,0.0,2.0,6.0,,0.09634999999999999,,-0.5369,,0.0,0.0,0.0,0.0,0.0,35.0,0.0,2,0,0,us_logistics,2025-07-23
2.0,2.0,2.0,4.0,0.22235,0.22235,0.0,0.0,,0.0,0.0,0.0,0.0,0.0,36.0,0.0,3,0,0,us_logistics,2025-07-24
0.0,2.0,2.0,4.0,0.22235,0.22235,0.0,0.0,,0.0,0.0,0.0,0.0,0.0,37.0,0.0,4,0,0,us_logistics,2025-07-25
0.0,2.0,2.0,4.0,0.22235,0.22235,0.0,0.0,,0.0,0.0,0.0,0.0,0.0,38.0,0.0,5,1,0,us_logistics,2025-07-26
0.0,0.0,2.0,4.0,,0.22235,,0.0,,0.0,0.0,0.0,0.0,0.0,39.0,0.0,6,1,0,us_logistics,2025-07-27
0.0,0.0,2.0,4.0,,0.22235,,0.0,,0.0,0.0,0.0,0.0,0.0,40.0,0.0,0,0,1,us_logistics,2025-07-28
0.0,0.0,2.0,4.0,,0.22235,,0.0,,0.0,0.0,0.0,0.0,0.0,41.0,2.0,1,0,1,us_logistics,2025-07-29
0.0,0.0,2.0,4.0,,0.22235,,0.0,,0.0,0.0,0.0,0.0,0.0,42.0,7.0,2,0,1,us_logistics,2025-07-30
4.0,4.0,4.0,6.0,-0.605,-0.605,-0.9647,-0.9647,,1.0,1.0,1.0,1.0,1.0,0.0,11.0,3,0,0,us_logistics,2025-07-31
0.0,4.0,4.0,6.0,-0.605,-0.605,-0.9647,-0.9647,,0.0,1.0,1.0,1.0,1.0,1.0,9.0,4,0,0,us_logistics,2025-08-01
0.0,4.0,4.0,6.0,-0.605,-0.605,-0.9647,-0.9647,,0.0,1.0,1.0,1.0,1.0,2.0,4.0,5,1,0,us_logistics,2025-08-02
0.0,0.0,4.0,6.0,,-0.605,,-0.9647,,0.0,0.0,0.0,1.0,1.0,3.0,0.0,6,1,0,us_logistics,2025-08-03
0.0,0.0,4.0,6.0,,-0.605,,-0.9647,,0.0,0.0,0.0,1.0,1.0,4.0,0.0,0,0,0,us_logistics,2025-08-04
1.0,1.0,5.0,7.0,-0.5003,-0.58406,-0.5003,-0.9647,0.10470000000000002,0.0,0.0,0.0,1.0,1.0,5.0,0.0,1,0,0,us_logistics,2025-08-05
0.0,1.0,5.0,7.0,-0.5003,-0.58406,-0.5003,-0.9647,,0.0,0.0,0.0,1.0,1.0,6.0,0.0,2,0,0,us_logistics,2025-08-06
7.0,8.0,8.0,12.0,-0.294925,-0.294925,-0.9611,-0.9611,,0.0,0.0,0.0,0.0,1.0,7.0,1.0,3,0,0,us_logistics,2025-08-07
0.0,7.0,8.0,12.0,-0.26558571428571426,-0.294925,-0.9611,-0.9611,0.2347142857142857,0.0,0.0,0.0,0.0,1.0,8.0,1.0,4,0,0,us_logistics,2025-08-08
0.0,7.0,8.0,12.0,-0.26558571428571426,-0.294925,-0.9611,-0.9611,0.2347142857142857,0.0,0.0,0.0,0.0,1.0,9.0,2.0,5,1,0,us_logistics,2025-08-09
0.0,0.0,8.0,12.0,,-0.294925,,-0.9611,,0.0,0.0,0.0,0.0,1.0,10.0,1.0,6,1,0,us_logistics,2025-08-10
0.0,0.0,8.0,12.0,,-0.294925,,-0.9611,,0.0,0.0,0.0,0.0,1.0,11.0,1.0,0,0,0,us_logistics,2025-08-11
0.0,0.0,7.0,12.0,,-0.26558571428571426,,-0.9611,,0.0,0.0,0.0,0.0,1.0,12.0,0.0,1,0,0,us_logistics,2025-08-12
2.0,2.0,9.0,14.0,-0.07345000000000002,-0.22288888888888886,-0.9699,-0.9699,,0.0,0.0,0.0,0.0,1.0,13.0,0.0,2,0,0,us_logistics,2025-08-13
5.0,7.0,7.0,15.0,-0.0480857142857143,-0.0480857142857143,-0.9699,-0.9699,,0.0,0.0,0.0,0.0,0.0,14.0,0.0,3,0,0,us_logistics,2025-08-14
0.0,7.0,7.0,15.0,-0.0480857142857143,-0.0480857142857143,-0.9699,-0.9699,,0.0,0.0,0.0,0.0,0.0,15.0,0.0,4,0,0,us_logistics,2025-08-15
0.0,5.0,7.0,15.0,-0.037940000000000015,-0.0480857142857143,-0.9553,-0.9699,0.03551,0.0,0.0,0.0,0.0,0.0,16.0,0.0,5,1,0,us_logistics,2025-08-16
0.0,0.0,7.0,15.0,,-0.0480857142857143,,-0.9699,,0.0,0.0,0.0,0.0,0.0,17.0,0.0,6,1,0,us_logistics,2025-08-17
0.0,0.0,7.0,15.0,,-0.0480857142857143,,-0.9699,,0.0,0.0,0.0,0.0,0.0,18.0,0.0,0,0,0,us_logistics,2025-08-18
0.0,0.0,7.0,14.0,,-0.0480857142857143,,-0.9699,,0.0,0.0,0.0,0.0,0.0,19.0,0.0,1,0,0,us_logistics,2025-08-19
1.0,1.0,6.0,15.0,-0.9227,-0.1854,-0.9227,-0.9553,,0.0,0.0,0.0,0.0,0.0,20.0,0.0,2,0,0,us_logistics,2025-08-20
3.0,4.0,4.0,11.0,-0.3942,-0.3942,-0.9227,-0.9227,,0.0,0.0,0.0,0.0,0.0,21.0,0.0,3,0,0,us_logistics,2025-08-21
0.0,4.0,4.0,11.0,-0.3942,-0.3942,-0.9227,-0.9227,,0.0,0.0,0.0,0.0,0.0,22.0,1.0,4,0,0,us_logistics,2025-08-22
0.0,3.0,4.0,11.0,-0.21803333333333333,-0.3942,-0.6541,-0.9227,0.7046666666666667,0.0,0.0,0.0,0.0,0.0,23.0,1.0,5,1,0,us_logistics,2025-08-23
2.0,2.0,6.0,13.0,-0.9478,-0.5787333333333333,-0.9494,-0.9494,-0.5536,0.0,0.0,0.0,0.0,0.0,24.0,1.0,6,1,0,us_logistics,2025-08-24
0.0,2.0,6.0,13.0,-0.9478,-0.5787333333333333,-0.9494,-0.9494,-0.5536,0.0,0.0,0.0,0.0,0.0,25.0,0.0,0,0,0,us_logistics,2025-08-25
0.0,2.0,6.0,13.0,-0.9478,-0.5787333333333333,-0.9494,-0.9494,-0.7297666666666667,0.0,0.0,0.0,0.0,0.0,26.0,0.0,1,0,0,us_logistics,2025-08-26
2.0,2.0,7.0,13.0,0.27235,-0.2864285714285714,0.0,-0.9494,1.2201499999999998,0.0,0.0,0.0,0.0,0.0,27.0,0.0,2,0,0,us_logistics,2025-08-27
4.0,6.0,8.0,12.0,-0.31018333333333337,-0.4695875,-0.9552,-0.9552,0.6376166666666666,0.0,0.0,0.0,0.0,0.0,28.0,0.0,3,0,0,us_logistics,2025-08-28
0.0,6.0,8.0,12.0,-0.31018333333333337,-0.4695875,-0.9552,-0.9552,0.6376166666666666,0.0,0.0,0.0,0.0,0.0,29.0,0.0,4,0,0,us_logistics,2025-08-29
0.0,4.0,8.0,12.0,-0.60145,-0.4695875,-0.9552,-0.9552,-0.8738,0.0,0.0,0.0,0.0,0.0,30.0,0.0,5,1,0,us_logistics,2025-08-30
0.0,0.0,6.0,12.0,,-0.3101833333333333,,-0.9552,,0.0,0.0,0.0,0.0,0.0,31.0,0.0,6,1,0,us_logistics,2025-08-31
0.0,0.0,6.0,12.0,,-0.3101833333333333,,-0.9552,,0.0,0.0,0.0,0.0,0.0,32.0,0.0,0,0,0,us_logistics,2025-09-01
0.0,0.0,6.0,12.0,,-0.3101833333333333,,-0.9552,,0.0,0.0,0.0,0.0,0.0,33.0,1.0,1,0,0,us_logistics,2025-09-02
0.0,0.0,4.0,11.0,,-0.60145,,-0.9552,,0.0,0.0,0.0,0.0,0.0,34.0,1.0,2,0,0,us_logistics,2025-09-03
1.0,1.0,1.0,9.0,-0.6962,-0.6962,-0.6962,-0.6962,,1.0,1.0,0.0,0.0,0.0,35.0,4.0,3,0,0,us_logistics,2025-09-04
0.0,1.0,1.0,9.0,-0.6962,-0.6962,-0.6962,-0.6962,,0.0,1.0,0.0,0.0,0.0,36.0,3.0,4,0,0,us_logistics,2025-09-05
0.0,1.0,1.0,9.0,-0.6962,-0.6962,-0.6962,-0.6962,,0.0,1.0,0.0,0.0,0.0,37.0,3.0,5,1,0,us_logistics,2025-09-06
0.0,0.0,1.0,7.0,,-0.6962,,-0.6962,,0.0,0.0,0.0,0.0,0.0,38.0,0.0,6,1,0,us_logistics,2025-09-07
0.0,0.0,1.0,7.0,,-0.6962,,-0.6962,,0.0,0.0,0.0,0.0,0.0,39.0,0.0,0,0,0,us_logistics,2025-09-08
0.0,0.0,1.0,7.0,,-0.6962,,-0.6962,,0.0,0.0,0.0,0.0,0.0,40.0,0.0,1,0,0,us_logistics,2025-09-09
0.0,0.0,1.0,5.0,,-0.6962,,-0.6962,,0.0,0.0,0.0,0.0,0.0,41.0,0.0,2,0,0,us_logistics,2025-09-10
2.0,2.0,2.0,3.0,0.0,0.0,0.0,0.0,,0.0,0.0,0.0,0.0,0.0,42.0,2.0,3,0,0,us_logistics,2025-09-11
0.0,2.0,2.0,3.0,0.0,0.0,0.0,0.0,,0.0,0.0,0.0,0.0,0.0,43.0,2.0,4,0,0,us_logistics,2025-09-12
0.0,2.0,2.0,3.0,0.0,0.0,0.0,0.0,,0.0,0.0,0.0,0.0,0.0,44.0,2.0,5,1,0,us_logistics,2025-09-13
0.0,0.0,2.0,3.0,,0.0,,0.0,,0.0,0.0,0.0,0.0,0.0,45.0,0.0,6,1,0,us_logistics,2025-09-14
0.0,0.0,2.0,3.0,,0.0,,0.0,,0.0,0.0,0.0,0.0,0.0,46.0,0.0,0,0,0,us_logistics,2025-09-15
0.0,0.0,2.0,3.0,,0.0,,0.0,,0.0,0.0,0.0,0.0,0.0,47.0,0.0,1,0,0,us_logistics,2025-09-16
0.0,0.0,2.0,3.0,,0.0,,0.0,,0.0,0.0,0.0,0.0,0.0,48.0,0.0,2,0,0,us_logistics,2025-09-17
5.0,5.0,5.0,7.0,-0.6711,-0.6711,-0.904,-0.904,,3.0,3.0,0.0,0.0,0.0,49.0,1.0,3,0,0,us_logistics,2025-09-18
0.0,5.0,5.0,7.0,-0.6711,-0.6711,-0.904,-0.904,,0.0,3.0,0.0,0.0,0.0,50.0,1.0,4,0,0,us_logistics,2025-09-19
0.0,5.0,5.0,7.0,-0.6711,-0.6711,-0.904,-0.904,,0.0,3.0,0.0,0.0,0.0,51.0,1.0,5,1,0,us_logistics,2025-09-20
0.0,0.0,5.0,7.0,,-0.6711,,-0.904,,0.0,0.0,0.0,0.0,0.0,52.0,0.0,6,1,0,us_logistics,2025-09-21
1.0,1.0,6.0,8.0,0.586,-0.4615833333333334,0.586,-0.904,1.2570999999999999,0.0,0.0,0.0,0.0,0.0,53.0,0.0,0,0,0,us_logistics,2025-09-22
1.0,2.0,7.0,9.0,-0.1528,-0.5230142857142858,-0.8916,-0.904,0.5183,0.0,0.0,0.0,0.0,0.0,54.0,0.0,1,0,0,us_logistics,2025-09-23
1.0,3.0,8.0,10.0,-0.42419999999999997,-0.5785125,-0.967,-0.967,,1.0,1.0,0.0,0.0,0.0,55.0,1.0,2,0,0,us_logistics,2025-09-24
5.0,7.0,8.0,13.0,-0.5078571428571429,-0.37112500000000004,-0.967,-0.967,-1.0938571428571429,1.0,2.0,0.0,0.0,0.0,56.0,5.0,3,0,0,us_logistics,2025-09-25
0.0,6.0,8.0,13.0,-0.4439,-0.37112500000000004,-0.967,-0.967,-0.2911,0.0,2.0,0.0,0.0,0.0,57.0,5.0,4,0,0,us_logistics,2025-09-26
0.0,5.0,8.0,13.0,-0.33928,-0.37112500000000004,-0.9108,-0.967,0.08491999999999994,0.0,1.0,0.0,0.0,0.0,58.0,4.0,5,1,0,us_logistics,2025-09-27
0.0,0.0,8.0,13.0,,-0.37112500000000004,,-0.967,,0.0,0.0,0.0,0.0,0.0,59.0,0.0,6,1,0,us_logistics,2025-09-28
0.0,0.0,7.0,13.0,,-0.5078571428571429,,-0.967,,0.0,0.0,0.0,0.0,0.0,60.0,0.0,0,0,0,us_logistics,2025-09-29
0.0,0.0,6.0,13.0,,-0.4439,,-0.967,,0.0,0.0,0.0,0.0,0.0,61.0,0.0,1,0,0,us_logistics,2025-09-30
1.0,1.0,6.0,14.0,0.0,-0.28273333333333334,0.0,-0.9108,,0.0,0.0,0.0,0.0,0.0,62.0,0.0,2,0,0,us_logistics,2025-10-01
1.0,2.0,2.0,10.0,0.35945,0.35945,0.0,0.0,,0.0,0.0,0.0,0.0,0.0,63.0,0.0,3,0,0,us_logistics,2025-10-02
0.0,2.0,2.0,10.0,0.35945,0.35945,0.0,0.0,,0.0,0.0,0.0,0.0,0.0,64.0,0.0,4,0,0,us_logistics,2025-10-03
0.0,1.0,2.0,10.0,0.7189,0.35945,0.7189,0.0,0.7189,0.0,0.0,0.0,0.0,0.0,65.0,0.0,5,1,0,us_logistics,2025-10-04
0.0,0.0,2.0,10.0,,0.35945,,0.0,,0.0,0.0,0.0,0.0,0.0,66.0,0.0,6,1,0,us_logistics,2025-10-05
0.0,0.0,2.0,9.0,,0.35945,,0.0,,0.0,0.0,0.0,0.0,0.0,67.0,0.0,0,0,1,us_logistics,2025-10-06
0.0,0.0,2.0,8.0,,0.35945,,0.0,,0.0,0.0,0.0,0.0,0.0,68.0,0.0,1,0,1,us_logistics,2025-10-07
0.0,0.0,1.0,7.0,,0.7189,,0.7189,,0.0,0.0,0.0,0.0,0.0,69.0,1.0,2,0,1,us_logistics,2025-10-08
3.0,3.0,3.0,5.0,-0.6157333333333334,-0.6157333333333334,-0.959,-0.959,,0.0,0.0,2.0,2.0,2.0,0.0,3.0,3,0,0,us_logistics,2025-10-09
0.0,3.0,3.0,5.0,-0.6157333333333334,-0.6157333333333334,-0.959,-0.959,,0.0,0.0,2.0,2.0,2.0,1.0,3.0,4,0,0,us_logistics,2025-10-10
0.0,3.0,3.0,5.0,-0.6157333333333334,-0.6157333333333334,-0.959,-0.959,,0.0,0.0,2.0,2.0,2.0,2.0,2.0,5,1,0,us_logistics,2025-10-11
0.0,0.0,3.0,5.0,,-0.6157333333333334,,-0.959,,0.0,0.0,0.0,2.0,2.0,3.0,0.0,6,1,0,us_logistics,2025-10-12
0.0,0.0,3.0,5.0,,-0.6157333333333334,,-0.959,,0.0,0.0,0.0,2.0,2.0,4.0,0.0,0,0,0,us_logistics,2025-10-13
0.0,0.0,3.0,5.0,,-0.6157333333333334,,-0.959,,0.0,0.0,0.0,2.0,2.0,5.0,0.0,1,0,0,us_logistics,2025-10-14
0.0,0.0,3.0,4.0,,-0.6157333333333334,,-0.959,,0.0,0.0,0.0,2.0,2.0,6.0,0.0,2,0,0,us_logistics,2025-10-15
9.0,9.0,9.0,12.0,0.1324777777777778,0.1324777777777778,-0.9231,-0.9231,,1.0,1.0,0.0,0.0,2.0,7.0,1.0,3,0,0,us_logistics,2025-10-16
1.0,10.0,10.0,13.0,0.11923000000000003,0.11923000000000003,-0.9231,-0.9231,,0.0,1.0,0.0,0.0,2.0,8.0,2.0,4,0,0,us_logistics,2025-10-17
0.0,10.0,10.0,13.0,0.11923000000000003,0.11923000000000003,-0.9231,-0.9231,,0.0,1.0,0.0,0.0,2.0,9.0,2.0,5,1,0,us_logistics,2025-10-18
0.0,1.0,10.0,13.0,0.0,0.11923000000000003,0.0,-0.9231,-0.1324777777777778,0.0,0.0,0.0,0.0,2.0,10.0,1.0,6,1,0,us_logistics,2025-10-19
0.0,0.0,10.0,13.0,,0.11923000000000003,,-0.9231,,0.0,0.0,0.0,0.0,2.0,11.0,0.0,0,0,0,us_logistics,2025-10-20
0.0,0.0,10.0,13.0,,0.11923000000000003,,-0.9231,,0.0,0.0,0.0,0.0,2.0,12.0,0.0,1,0,0,us_logistics,2025-10-21
0.0,0.0,10.0,13.0,,0.11923000000000003,,-0.9231,,0.0,0.0,0.0,0.0,2.0,13.0,0.0,2,0,0,us_logistics,2025-10-22
3.0,3.0,4.0,13.0,0.6305666666666667,0.47292500000000004,0.0,0.0,,0.0,0.0,0.0,0.0,0.0,14.0,2.0,3,0,0,us_logistics,2025-10-23
0.0,3.0,3.0,13.0,0.6305666666666667,0.6305666666666667,0.0,0.0,,0.0,0.0,0.0,0.0,0.0,15.0,2.0,4,0,0,us_logistics,2025-10-24
0.0,3.0,3.0,13.0,0.6305666666666667,0.6305666666666667,0.0,0.0,,0.0,0.0,0.0,0.0,0.0,16.0,2.0,5,1,0,us_logistics,2025-10-25
0.0,0.0,3.0,13.0,,0.6305666666666667,,0.0,,0.0,0.0,0.0,0.0,0.0,17.0,0.0,6,1,0,us_logistics,2025-10-26
0.0,0.0,3.0,13.0,,0.6305666666666667,,0.0,,0.0,0.0,0.0,0.0,0.0,18.0,0.0,0,0,0,us_logistics,2025-10-27
0.0,0.0,3.0,13.0,,0.6305666666666667,,0.0,,0.0,0.0,0.0,0.0,0.0,19.0,0.0,1,0,0,us_logistics,2025-10-28
1.0,1.0,4.0,14.0,-0.6888,0.300725,-0.6888,-0.6888,,0.0,0.0,0.0,0.0,0.0,20.0,0.0,2,0,0,us_logistics,2025-10-29
1.0,2.0,2.0,6.0,-0.3444,-0.3444,-0.6888,-0.6888,,0.0,0.0,0.0,0.0,0.0,21.0,0.0,3,0,0,us_logistics,2025-10-30
0.0,2.0,2.0,5.0,-0.3444,-0.3444,-0.6888,-0.6888,,0.0,0.0,0.0,0.0,0.0,22.0,0.0,4,0,0,us_logistics,2025-10-31
0.0,1.0,2.0,5.0,0.0,-0.3444,0.0,-0.6888,0.6888,0.0,0.0,0.0,0.0,0.0,23.0,0.0,5,1,0,us_logistics,2025-11-01
0.0,0.0,2.0,5.0,,-0.3444,,-0.6888,,0.0,0.0,0.0,0.0,0.0,24.0,0.0,6,1,0,us_logistics,2025-11-02
0.0,0.0,2.0,5.0,,-0.3444,,-0.6888,,0.0,0.0,0.0,0.0,0.0,25.0,0.0,0,0,0,us_logistics,2025-11-03
0.0,0.0,2.0,5.0,,-0.3444,,-0.6888,,0.0,0.0,0.0,0.0,0.0,26.0,0.0,1,0,0,us_logistics,2025-11-04
0.0,0.0,1.0,5.0,,0.0,,0.0,,0.0,0.0,0.0,0.0,0.0,27.0,0.0,2,0,0,us_logistics,2025-11-05
3.0,3.0,3.0,5.0,0.9039333333333333,0.9039333333333333,0.878,0.878,,0.0,0.0,0.0,0.0,0.0,28.0,0.0,3,0,0,us_logistics,2025-11-06
0.0,3.0,3.0,5.0,0.9039333333333333,0.9039333333333333,0.878,0.878,,0.0,0.0,0.0,0.0,0.0,29.0,0.0,4,0,0,us_logistics,2025-11-07
0.0,3.0,3.0,5.0,0.9039333333333333,0.9039333333333333,0.878,0.878,,0.0,0.0,0.0,0.0,0.0,30.0,0.0,5,1,0,us_logistics,2025-11-08
0.0,0.0,3.0,5.0,,0.9039333333333333,,0.878,,0.0,0.0,0.0,0.0,0.0,31.0,0.0,6,1,0,us_logistics,2025-11-09
0.0,0.0,3.0,5.0,,0.9039333333333333,,0.878,,0.0,0.0,0.0,0.0,0.0,32.0,0.0,0,0,0,us_logistics,2025-11-10
1.0,1.0,4.0,6.0,-0.6478,0.5159999999999999,-0.6478,-0.6478,-1.5517333333333334,1.0,1.0,0.0,0.0,0.0,33.0,0.0,1,0,0,us_logistics,2025-11-11
0.0,1.0,4.0,5.0,-0.6478,0.5159999999999999,-0.6478,-0.6478,,0.0,1.0,0.0,0.0,0.0,34.0,0.0,2,0,0,us_logistics,2025-11-12
2.0,3.0,3.0,6.0,-0.8027000000000001,-0.8027000000000001,-0.8815,-0.8815,,0.0,1.0,0.0,0.0,0.0,35.0,7.0,3,0,0,us_logistics,2025-11-13
0.0,2.0,3.0,6.0,-0.88015,-0.8027000000000001,-0.8815,-0.8815,-0.23234999999999995,0.0,0.0,0.0,0.0,0.0,36.0,7.0,4,0,0,us_logistics,2025-11-14
0.0,2.0,3.0,6.0,-0.88015,-0.8027000000000001,-0.8815,-0.8815,-0.23234999999999995,0.0,0.0,0.0,0.0,0.0,37.0,7.0,5,1,0,us_logistics,2025-11-15
0.0,0.0,3.0,6.0,,-0.8027000000000001,,-0.8815,,0.0,0.0,0.0,0.0,0.0,38.0,0.0,6,1,0,us_logistics,2025-11-16
0.0,0.0,3.0,6.0,,-0.8027000000000001,,-0.8815,,0.0,0.0,0.0,0.0,0.0,39.0,0.0,0,0,0,us_logistics,2025-11-17
0.0,0.0,2.0,6.0,,-0.88015,,-0.8815,,0.0,0.0,0.0,0.0,0.0,40.0,0.0,1,0,0,us_logistics,2025-11-18
0.0,0.0,2.0,6.0,,-0.88015,,-0.8815,,0.0,0.0,0.0,0.0,0.0,41.0,0.0,2,0,0,us_logistics,2025-11-19
2.0,2.0,2.0,5.0,0.0,0.0,0.0,0.0,,1.0,1.0,0.0,0.0,0.0,42.0,0.0,3,0,0,us_logistics,2025-11-20
0.0,2.0,2.0,5.0,0.0,0.0,0.0,0.0,,0.0,1.0,0.0,0.0,0.0,43.0,0.0,4,0,0,us_logistics,2025-11-21
0.0,2.0,2.0,5.0,0.0,0.0,0.0,0.0,,0.0,1.0,0.0,0.0,0.0,44.0,0.0,5,1,0,us_logistics,2025-11-22
0.0,0.0,2.0,5.0,,0.0,,0.0,,0.0,0.0,0.0,0.0,0.0,45.0,0.0,6,1,0,us_logistics,2025-11-23
0.0,0.0,2.0,5.0,,0.0,,0.0,,0.0,0.0,0.0,0.0,0.0,46.0,0.0,0,0,0,us_logistics,2025-11-24
0.0,0.0,2.0,4.0,,0.0,,0.0,,0.0,0.0,0.0,0.0,0.0,47.0,0.0,1,0,0,us_logistics,2025-11-25
0.0,0.0,2.0,4.0,,0.0,,0.0,,0.0,0.0,0.0,0.0,0.0,48.0,0.0,2,0,0,us_logistics,2025-11-26
4.0,4.0,4.0,6.0,-0.7014,-0.7014,-0.9677,-0.9677,,1.0,1.0,0.0,0.0,0.0,49.0,1.0,3,0,0,us_logistics,2025-11-27
0.0,4.0,4.0,6.0,-0.7014,-0.7014,-0.9677,-0.9677,,0.0,1.0,0.0,0.0,0.0,50.0,1.0,4,0,0,us_logistics,2025-11-28
0.0,4.0,4.0,6.0,-0.7014,-0.7014,-0.9677,-0.9677,,0.0,1.0,0.0,0.0,0.0,51.0,1.0,5,1,0,us_logistics,2025-11-29
0.0,0.0,4.0,6.0,,-0.7014,,-0.9677,,0.0,0.0,0.0,0.0,0.0,52.0,0.0,6,1,0,us_logistics,2025-11-30
0.0,0.0,4.0,6.0,,-0.7014,,-0.9677,,0.0,0.0,0.0,0.0,0.0,53.0,0.0,0,0,0,us_logistics,2025-12-01
0.0,0.0,4.0,6.0,,-0.7014,,-0.9677,,0.0,0.0,0.0,0.0,0.0,54.0,0.0,1,0,0,us_logistics,2025-12-02
0.0,0.0,4.0,6.0,,-0.7014,,-0.9677,,0.0,0.0,0.0,0.0,0.0,55.0,0.0,2,0,0,us_logistics,2025-12-03
4.0,4.0,4.0,8.0,-0.10169999999999998,-0.10169999999999998,-0.8986,-0.8986,,1.0,1.0,0.0,0.0,0.0,56.0,0.0,3,0,0,us_logistics,2025-12-04
1.0,5.0,5.0,9.0,-0.08135999999999999,-0.08135999999999999,-0.8986,-0.8986,,0.0,1.0,0.0,0.0,0.0,57.0,0.0,4,0,0,us_logistics,2025-12-05
0.0,5.0,5.0,9.0,-0.08135999999999999,-0.08135999999999999,-0.8986,-0.8986,,0.0,1.0,0.0,0.0,0.0,58.0,0.0,5,1,0,us_logistics,2025-12-06
0.0,1.0,5.0,9.0,0.0,-0.08135999999999999,0.0,-0.8986,0.10169999999999998,0.0,0.0,0.0,0.0,0.0,59.0,0.0,6,1,0,us_logistics,2025-12-07
0.0,0.0,5.0,9.0,,-0.08135999999999999,,-0.8986,,0.0,0.0,0.0,0.0,0.0,60.0,0.0,0,0,0,us_logistics,2025-12-08
1.0,1.0,6.0,10.0,-0.534,-0.1568,-0.534,-0.8986,-0.45264000000000004,0.0,0.0,0.0,0.0,0.0,61.0,0.0,1,0,0,us_logistics,2025-12-09
0.0,1.0,6.0,10.0,-0.534,-0.1568,-0.534,-0.8986,-0.534,0.0,0.0,0.0,0.0,0.0,62.0,0.0,2,0,0,us_logistics,2025-12-10
1.0,2.0,3.0,7.0,-0.5466500000000001,-0.3644333333333334,-0.5593,-0.5593,,0.0,0.0,0.0,0.0,0.0,63.0,0.0,3,0,0,us_logistics,2025-12-11
1.0,2.0,3.0,8.0,-0.27965,-0.3644333333333334,-0.5593,-0.5593,0.25435,0.0,0.0,0.0,0.0,0.0,64.0,0.0,4,0,0,us_logistics,2025-12-12
0.0,2.0,3.0,8.0,-0.27965,-0.3644333333333334,-0.5593,-0.5593,0.25435,0.0,0.0,0.0,0.0,0.0,65.0,0.0,5,1,0,us_logistics,2025-12-13
0.0,1.0,3.0,8.0,0.0,-0.3644333333333334,0.0,-0.5593,0.5466500000000001,0.0,0.0,0.0,0.0,0.0,66.0,0.0,6,1,0,us_logistics,2025-12-14
0.0,0.0,3.0,8.0,,-0.3644333333333334,,-0.5593,,0.0,0.0,0.0,0.0,0.0,67.0,0.0,0,0,0,us_logistics,2025-12-15
0.0,0.0,2.0,8.0,,-0.27965000000000007,,-0.5593,,0.0,0.0,0.0,0.0,0.0,68.0,0.0,1,0,0,us_logistics,2025-12-16
0.0,0.0,2.0,8.0,,-0.27965000000000007,,-0.5593,,0.0,0.0,0.0,0.0,0.0,69.0,0.0,2,0,0,us_logistics,2025-12-17
1.0,1.0,2.0,5.0,-0.8783,-0.43915,-0.8783,-0.8783,,0.0,0.0,0.0,0.0,0.0,70.0,6.0,3,0,0,us_logistics,2025-12-18
0.0,1.0,1.0,4.0,-0.8783,-0.8783,-0.8783,-0.8783,,0.0,0.0,0.0,0.0,0.0,71.0,6.0,4,0,0,us_logistics,2025-12-19
0.0,1.0,1.0,4.0,-0.8783,-0.8783,-0.8783,-0.8783,,0.0,0.0,0.0,0.0,0.0,72.0,6.0,5,1,0,us_logistics,2025-12-20
0.0,0.0,1.0,4.0,,-0.8783,,-0.8783,,0.0,0.0,0.0,0.0,0.0,73.0,0.0,6,1,0,us_logistics,2025-12-21
0.0,0.0,1.0,4.0,,-0.8783,,-0.8783,,0.0,0.0,0.0,0.0,0.0,74.0,0.0,0,0,0,us_logistics,2025-12-22
0.0,0.0,1.0,3.0,,-0.8783,,-0.8783,,0.0,0.0,0.0,0.0,0.0,75.0,0.0,1,0,0,us_logistics,2025-12-23
0.0,0.0,1.0,3.0,,-0.8783,,-0.8783,,0.0,0.0,0.0,0.0,0.0,76.0,0.0,2,0,0,us_logistics,2025-12-24
3.0,3.0,3.0,5.0,0.36063333333333336,0.36063333333333336,-0.5575,-0.5575,,0.0,0.0,0.0,0.0,0.0,77.0,0.0,3,0,0,us_logistics,2025-12-25
0.0,3.0,3.0,4.0,0.36063333333333336,0.36063333333333336,-0.5575,-0.5575,,0.0,0.0,0.0,0.0,0.0,78.0,0.0,4,0,0,us_logistics,2025-12-26
0.0,3.0,3.0,4.0,0.36063333333333336,0.36063333333333336,-0.5575,-0.5575,,0.0,0.0,0.0,0.0,0.0,79.0,0.0,5,1,0,us_logistics,2025-12-27
0.0,0.0,3.0,4.0,,0.36063333333333336,,-0.5575,,0.0,0.0,0.0,0.0,0.0,80.0,0.0,6,1,0,us_logistics,2025-12-28
0.0,0.0,3.0,4.0,,0.36063333333333336,,-0.5575,,0.0,0.0,0.0,0.0,0.0,81.0,0.0,0,0,0,us_logistics,2025-12-29
0.0,0.0,3.0,4.0,,0.36063333333333336,,-0.5575,,0.0,0.0,0.0,0.0,0.0,82.0,0.0,1,0,0,us_logistics,2025-12-30
0.0,0.0,3.0,4.0,,0.36063333333333336,,-0.5575,,0.0,0.0,0.0,0.0,0.0,83.0,0.0,2,0,0,us_logistics,2025-12-31
1.0,1.0,1.0,4.0,0.0,0.0,0.0,0.0,,0.0,0.0,0.0,0.0,0.0,84.0,6.0,3,0,0,us_logistics,2026-01-01
1.0,2.0,2.0,5.0,0.33555,0.33555,0.0,0.0,,0.0,0.0,0.0,0.0,0.0,85.0,6.0,4,0,0,us_logistics,2026-01-02
0.0,2.0,2.0,5.0,0.33555,0.33555,0.0,0.0,,0.0,0.0,0.0,0.0,0.0,86.0,6.0,5,1,0,us_logistics,2026-01-03
0.0,1.0,2.0,5.0,0.6711,0.33555,0.6711,0.0,0.6711,0.0,0.0,0.0,0.0,0.0,87.0,0.0,6,1,0,us_logistics,2026-01-04
0.0,0.0,2.0,5.0,,0.33555,,0.0,,0.0,0.0,0.0,0.0,0.0,88.0,0.0,0,0,0,us_logistics,2026-01-05
0.0,0.0,2.0,5.0,,0.33555,,0.0,,0.0,0.0,0.0,0.0,0.0,89.0,1.0,1,0,0,us_logistics,2026-01-06
0.0,0.0,2.0,5.0,,0.33555,,0.0,,0.0,0.0,0.0,0.0,0.0,90.0,3.0,2,0,0,us_logistics,2026-01-07
3.0,3.0,4.0,5.0,-0.5224666666666667,-0.22407500000000002,-0.8275,-0.8275,,1.0,1.0,0.0,0.0,0.0,91.0,6.0,3,0,0,us_logistics,2026-01-08
0.0,3.0,3.0,5.0,-0.5224666666666667,-0.5224666666666667,-0.8275,-0.8275,,0.0,1.0,0.0,0.0,0.0,92.0,5.0,4,0,0,us_logistics,2026-01-09
0.0,3.0,3.0,5.0,-0.5224666666666667,-0.5224666666666667,-0.8275,-0.8275,,0.0,1.0,0.0,0.0,0.0,93.0,3.0,5,1,0,us_logistics,2026-01-10
0.0,0.0,3.0,5.0,,-0.5224666666666667,,-0.8275,,0.0,0.0,0.0,0.0,0.0,94.0,0.0,6,1,0,us_logistics,2026-01-11
0.0,0.0,3.0,5.0,,-0.5224666666666667,,-0.8275,,0.0,0.0,0.0,0.0,0.0,95.0,0.0,0,0,0,us_logistics,2026-01-12
0.0,0.0,3.0,5.0,,-0.5224666666666667,,-0.8275,,0.0,0.0,0.0,0.0,0.0,96.0,0.0,1,0,0,us_logistics,2026-01-13
0.0,0.0,3.0,5.0,,-0.5224666666666667,,-0.8275,,0.0,0.0,0.0,0.0,0.0,97.0,0.0,2,0,0,us_logistics,2026-01-14
3.0,3.0,3.0,7.0,-0.3564,-0.3564,-0.9651,-0.9651,,0.0,0.0,0.0,0.0,0.0,98.0,3.0,3,0,0,us_logistics,2026-01-15
0.0,3.0,3.0,6.0,-0.3564,-0.3564,-0.9651,-0.9651,,0.0,0.0,0.0,0.0,0.0,99.0,3.0,4,0,0,us_logistics,2026-01-16
0.0,3.0,3.0,6.0,-0.3564,-0.3564,-0.9651,-0.9651,,0.0,0.0,0.0,0.0,0.0,100.0,3.0,5,1,0,us_logistics,2026-01-17
0.0,0.0,3.0,6.0,,-0.3564,,-0.9651,,0.0,0.0,0.0,0.0,0.0,101.0,0.0,6,1,0,us_logistics,2026-01-18
0.0,0.0,3.0,6.0,,-0.3564,,-0.9651,,0.0,0.0,0.0,0.0,0.0,102.0,0.0,0,0,0,us_logistics,2026-01-19
0.0,0.0,3.0,6.0,,-0.3564,,-0.9651,,0.0,0.0,0.0,0.0,0.0,103.0,0.0,1,0,0,us_logistics,2026-01-20
0.0,0.0,3.0,6.0,,-0.3564,,-0.9651,,0.0,0.0,0.0,0.0,0.0,104.0,0.0,2,0,1,us_logistics,2026-01-21
1.0,1.0,1.0,4.0,-0.7793,-0.7793,-0.7793,-0.7793,,0.0,0.0,0.0,0.0,0.0,105.0,0.0,3,0,1,us_logistics,2026-01-22
0.0,1.0,1.0,4.0,-0.7793,-0.7793,-0.7793,-0.7793,,0.0,0.0,0.0,0.0,0.0,106.0,0.0,4,0,1,us_logistics,2026-01-23
0.0,1.0,1.0,4.0,-0.7793,-0.7793,-0.7793,-0.7793,,0.0,0.0,1.0,1.0,1.0,0.0,1.0,5,1,0,us_logistics,2026-01-24
0.0,0.0,1.0,4.0,,-0.7793,,-0.7793,,0.0,0.0,1.0,1.0,1.0,1.0,1.0,6,1,0,us_logistics,2026-01-25
0.0,0.0,1.0,4.0,,-0.7793,,-0.7793,,0.0,0.0,1.0,1.0,1.0,2.0,1.0,0,0,0,us_logistics,2026-01-26
0.0,0.0,1.0,4.0,,-0.7793,,-0.7793,,0.0,0.0,0.0,1.0,1.0,3.0,0.0,1,0,0,us_logistics,2026-01-27
0.0,0.0,1.0,4.0,,-0.7793,,-0.7793,,0.0,0.0,0.0,1.0,1.0,4.0,0.0,2,0,0,us_logistics,2026-01-28
1.0,1.0,1.0,2.0,0.0,0.0,0.0,0.0,,0.0,0.0,0.0,1.0,1.0,5.0,1.0,3,0,0,us_logistics,2026-01-29
0.0,1.0,1.0,2.0,0.0,0.0,0.0,0.0,,0.0,0.0,0.0,1.0,1.0,6.0,1.0,4,0,0,us_logistics,2026-01-30
0.0,1.0,1.0,2.0,0.0,0.0,0.0,0.0,,0.0,0.0,0.0,0.0,1.0,7.0,1.0,5,1,0,us_logistics,2026-01-31
0.0,0.0,1.0,2.0,,0.0,,0.0,,0.0,0.0,0.0,0.0,1.0,8.0,0.0,6,1,0,us_logistics,2026-02-01
0.0,0.0,1.0,2.0,,0.0,,0.0,,0.0,0.0,0.0,0.0,1.0,9.0,0.0,0,0,0,us_logistics,2026-02-02
0.0,0.0,1.0,2.0,,0.0,,0.0,,0.0,0.0,0.0,0.0,1.0,10.0,0.0,1,0,0,us_logistics,2026-02-03
0.0,0.0,1.0,2.0,,0.0,,0.0,,0.0,0.0,0.0,0.0,1.0,11.0,0.0,2,0,0,us_logistics,2026-02-04
0.0,0.0,0.0,1.0,,,,,,0.0,0.0,0.0,0.0,1.0,12.0,1.0,3,0,0,us_logistics,2026-02-05
0.0,0.0,0.0,1.0,,,,,,0.0,0.0,0.0,0.0,1.0,13.0,2.0,4,0,0,us_logistics,2026-02-06
0.0,0.0,0.0,1.0,,,,,,0.0,0.0,0.0,0.0,0.0,14.0,2.0,5,1,0,us_logistics,2026-02-07
0.0,0.0,0.0,1.0,,,,,,0.0,0.0,0.0,0.0,0.0,15.0,1.0,6,1,0,us_logistics,2026-02-08
0.0,0.0,0.0,1.0,,,,,,0.0,0.0,0.0,0.0,0.0,16.0,0.0,0,0,0,us_logistics,2026-02-09
0.0,0.0,0.0,1.0,,,,,,0.0,0.0,0.0,0.0,0.0,17.0,0.0,1,0,0,us_logistics,2026-02-10
1.0,1.0,1.0,2.0,0.0,0.0,0.0,0.0,,0.0,0.0,0.0,0.0,0.0,18.0,0.0,2,0,0,us_logistics,2026-02-11
2.0,3.0,3.0,3.0,0.26963333333333334,0.26963333333333334,0.0,0.0,,0.0,0.0,0.0,0.0,0.0,19.0,0.0,3,0,0,us_logistics,2026-02-12
0.0,3.0,3.0,3.0,0.26963333333333334,0.26963333333333334,0.0,0.0,,0.0,0.0,0.0,0.0,0.0,20.0,0.0,4,0,0,us_logistics,2026-02-13
0.0,2.0,3.0,3.0,0.40445,0.26963333333333334,0.0,0.0,0.40445,0.0,0.0,0.0,0.0,0.0,21.0,0.0,5,1,0,us_logistics,2026-02-14
0.0,0.0,3.0,3.0,,0.26963333333333334,,0.0,,0.0,0.0,0.0,0.0,0.0,22.0,0.0,6,1,0,us_logistics,2026-02-15
0.0,0.0,3.0,3.0,,0.26963333333333334,,0.0,,0.0,0.0,0.0,0.0,0.0,23.0,0.0,0,0,0,us_logistics,2026-02-16
0.0,0.0,3.0,3.0,,0.26963333333333334,,0.0,,0.0,0.0,0.0,0.0,0.0,24.0,0.0,1,0,0,us_logistics,2026-02-17
0.0,0.0,2.0,3.0,,0.40445,,0.0,,0.0,0.0,0.0,0.0,0.0,25.0,0.0,2,0,0,us_logistics,2026-02-18
5.0,5.0,5.0,8.0,-0.09376,-0.09376,-0.9151,-0.9151,,0.0,0.0,0.0,0.0,0.0,26.0,0.0,3,0,0,us_logistics,2026-02-19
0.0,5.0,5.0,8.0,-0.09376,-0.09376,-0.9151,-0.9151,,0.0,0.0,0.0,0.0,0.0,27.0,0.0,4,0,0,us_logistics,2026-02-20
0.0,5.0,5.0,8.0,-0.09376,-0.09376,-0.9151,-0.9151,,0.0,0.0,0.0,0.0,0.0,28.0,0.0,5,1,0,us_logistics,2026-02-21
0.0,0.0,5.0,8.0,,-0.09376,,-0.9151,,0.0,0.0,0.0,0.0,0.0,29.0,0.0,6,1,0,us_logistics,2026-02-22
0.0,0.0,5.0,8.0,,-0.09376,,-0.9151,,0.0,0.0,0.0,0.0,0.0,30.0,0.0,0,0,0,us_logistics,2026-02-23
1.0,1.0,6.0,9.0,-0.567,-0.17263333333333333,-0.567,-0.9151,-0.47323999999999994,0.0,0.0,0.0,0.0,0.0,31.0,0.0,1,0,0,us_logistics,2026-02-24
0.0,1.0,6.0,8.0,-0.567,-0.17263333333333333,-0.567,-0.9151,,0.0,0.0,0.0,0.0,0.0,32.0,0.0,2,0,0,us_logistics,2026-02-25
4.0,5.0,5.0,10.0,-0.34486,-0.34486,-0.9731,-0.9731,,0.0,0.0,0.0,0.0,0.0,33.0,2.0,3,0,0,us_logistics,2026-02-26
0.0,4.0,5.0,10.0,-0.289325,-0.34486,-0.9731,-0.9731,0.27767499999999995,0.0,0.0,0.0,0.0,0.0,34.0,2.0,4,0,0,us_logistics,2026-02-27
0.0,4.0,5.0,10.0,-0.289325,-0.34486,-0.9731,-0.9731,0.27767499999999995,0.0,0.0,0.0,0.0,0.0,35.0,2.0,5,1,0,us_logistics,2026-02-28
0.0,0.0,5.0,10.0,,-0.34486,,-0.9731,,0.0,0.0,0.0,0.0,0.0,36.0,0.0,6,1,0,us_logistics,2026-03-01
0.0,0.0,5.0,10.0,,-0.34486,,-0.9731,,0.0,0.0,0.0,0.0,0.0,37.0,3.0,0,0,0,us_logistics,2026-03-02
0.0,0.0,4.0,10.0,,-0.289325,,-0.9731,,0.0,0.0,0.0,0.0,0.0,38.0,5.0,1,0,0,us_logistics,2026-03-03
0.0,0.0,4.0,10.0,,-0.289325,,-0.9731,,0.0,0.0,0.0,0.0,0.0,39.0,6.0,2,0,0,us_logistics,2026-03-04
3.0,3.0,3.0,8.0,0.3758333333333333,0.3758333333333333,-0.7739,-0.7739,,1.0,1.0,0.0,0.0,0.0,40.0,21.0,3,0,0,us_logistics,2026-03-05
0.0,3.0,3.0,8.0,0.3758333333333333,0.3758333333333333,-0.7739,-0.7739,,0.0,1.0,0.0,0.0,0.0,41.0,23.0,4,0,0,us_logistics,2026-03-06
0.0,3.0,3.0,8.0,0.3758333333333333,0.3758333333333333,-0.7739,-0.7739,,0.0,1.0,0.0,0.0,0.0,42.0,23.0,5,1,0,us_logistics,2026-03-07
0.0,0.0,3.0,8.0,,0.3758333333333333,,-0.7739,,0.0,0.0,0.0,0.0,0.0,43.0,7.0,6,1,0,us_logistics,2026-03-08
0.0,0.0,3.0,8.0,,0.3758333333333333,,-0.7739,,0.0,0.0,0.0,0.0,0.0,44.0,7.0,0,0,0,us_logistics,2026-03-09
0.0,0.0,3.0,7.0,,0.3758333333333333,,-0.7739,,0.0,0.0,0.0,0.0,0.0,45.0,7.0,1,0,0,us_logistics,2026-03-10
0.0,0.0,3.0,7.0,,0.3758333333333333,,-0.7739,,0.0,0.0,0.0,0.0,0.0,46.0,8.0,2,0,0,us_logistics,2026-03-11
0.0,0.0,0.0,3.0,,,,,,0.0,0.0,0.0,0.0,0.0,47.0,61.0,3,0,0,us_logistics,2026-03-12
0.0,0.0,0.0,3.0,,,,,,0.0,0.0,0.0,0.0,0.0,48.0,64.0,4,0,0,us_logistics,2026-03-13
0.0,0.0,0.0,3.0,,,,,,0.0,0.0,0.0,0.0,0.0,49.0,61.0,5,1,0,us_logistics,2026-03-14
0.0,0.0,0.0,3.0,,,,,,0.0,0.0,0.0,0.0,0.0,50.0,6.0,6,1,0,us_logistics,2026-03-15
0.0,0.0,0.0,3.0,,,,,,0.0,0.0,0.0,0.0,0.0,51.0,4.0,0,0,0,us_logistics,2026-03-16
0.0,0.0,0.0,3.0,,,,,,0.0,0.0,0.0,0.0,0.0,52.0,4.0,1,0,0,us_logistics,2026-03-17
1.0,1.0,1.0,4.0,0.0,0.0,0.0,0.0,,0.0,0.0,0.0,0.0,0.0,53.0,4.0,2,0,0,us_logistics,2026-03-18
5.0,6.0,6.0,6.0,-0.6115333333333334,-0.6115333333333334,-0.9641,-0.9641,,1.0,1.0,0.0,0.0,0.0,54.0,19.0,3,0,0,us_logistics,2026-03-19
4.0,10.0,10.0,10.0,-0.17049,-0.17049,-0.9641,-0.9641,,0.0,1.0,0.0,0.0,0.0,55.0,24.0,4,0,0,us_logistics,2026-03-20
0.0,9.0,10.0,10.0,-0.18943333333333334,-0.17049,-0.9641,-0.9641,-0.18943333333333334,0.0,1.0,0.0,0.0,0.0,56.0,23.0,5,1,0,us_logistics,2026-03-21
0.0,4.0,10.0,10.0,0.491075,-0.17049,-0.524,-0.9641,1.1026083333333334,0.0,0.0,0.0,0.0,0.0,57.0,7.0,6,1,0,us_logistics,2026-03-22
0.0,0.0,10.0,10.0,,-0.17049,,-0.9641,,0.0,0.0,0.0,0.0,0.0,58.0,3.0,0,0,0,us_logistics,2026-03-23
0.0,0.0,10.0,10.0,,-0.17049,,-0.9641,,0.0,0.0,0.0,0.0,0.0,59.0,4.0,1,0,0,us_logistics,2026-03-24
0.0,0.0,9.0,10.0,,-0.18943333333333334,,-0.9641,,0.0,0.0,0.0,0.0,0.0,60.0,4.0,2,0,0,us_logistics,2026-03-25
4.0,4.0,8.0,14.0,0.44492499999999996,0.46799999999999997,-0.5713,-0.5713,,0.0,0.0,0.0,0.0,0.0,61.0,10.0,3,0,0,us_logistics,2026-03-26
1.0,5.0,5.0,15.0,0.35594,0.35594,-0.5713,-0.5713,,0.0,0.0,0.0,0.0,0.0,62.0,10.0,4,0,0,us_logistics,2026-03-27
0.0,5.0,5.0,15.0,0.35594,0.35594,-0.5713,-0.5713,,0.0,0.0,0.0,0.0,0.0,63.0,9.0,5,1,0,us_logistics,2026-03-28
0.0,1.0,5.0,15.0,0.0,0.35594,0.0,-0.5713,-0.44492499999999996,0.0,0.0,0.0,0.0,0.0,64.0,2.0,6,1,0,us_logistics,2026-03-29
0.0,0.0,5.0,15.0,,0.35594,,-0.5713,,0.0,0.0,0.0,0.0,0.0,65.0,0.0,0,0,0,us_logistics,2026-03-30
0.0,0.0,5.0,15.0,,0.35594,,-0.5713,,0.0,0.0,0.0,0.0,0.0,66.0,0.0,1,0,0,us_logistics,2026-03-31
0.0,0.0,5.0,14.0,,0.35594,,-0.5713,,0.0,0.0,0.0,0.0,0.0,67.0,1.0,2,0,0,us_logistics,2026-04-01
2.0,2.0,3.0,11.0,0.4326,0.2884,0.0,0.0,,0.0,0.0,0.0,0.0,0.0,68.0,6.0,3,0,0,us_logistics,2026-04-02
0.0,2.0,2.0,7.0,0.4326,0.4326,0.0,0.0,,0.0,0.0,0.0,0.0,0.0,69.0,6.0,4,0,0,us_logistics,2026-04-03
0.0,2.0,2.0,7.0,0.4326,0.4326,0.0,0.0,,0.0,0.0,0.0,0.0,0.0,70.0,5.0,5,1,0,us_logistics,2026-04-04
1.0,1.0,3.0,8.0,-0.7565,0.03623333333333334,-0.7565,-0.7565,-1.1890999999999998,1.0,1.0,0.0,0.0,0.0,71.0,0.0,6,1,0,us_logistics,2026-04-05
0.0,1.0,3.0,8.0,-0.7565,0.03623333333333334,-0.7565,-0.7565,-1.1890999999999998,0.0,1.0,0.0,0.0,0.0,72.0,2.0,0,0,0,us_logistics,2026-04-06
0.0,1.0,3.0,8.0,-0.7565,0.03623333333333334,-0.7565,-0.7565,-1.1890999999999998,0.0,1.0,0.0,0.0,0.0,73.0,3.0,1,0,0,us_logistics,2026-04-07
0.0,0.0,3.0,8.0,,0.03623333333333334,,-0.7565,,0.0,0.0,0.0,0.0,0.0,74.0,4.0,2,0,0,us_logistics,2026-04-08
3.0,3.0,4.0,7.0,-0.23143333333333335,-0.3627,-0.9265,-0.9265,0.5250666666666666,1.0,1.0,0.0,0.0,0.0,75.0,11.0,3,0,0,us_logistics,2026-04-09
0.0,3.0,4.0,6.0,-0.23143333333333335,-0.3627,-0.9265,-0.9265,0.5250666666666666,0.0,1.0,0.0,0.0,0.0,76.0,14.0,4,0,0,us_logistics,2026-04-10
1.0,4.0,5.0,7.0,-0.173575,-0.29016000000000003,-0.9265,-0.9265,,1.0,2.0,0.0,0.0,0.0,77.0,13.0,5,1,0,us_logistics,2026-04-11
0.0,1.0,4.0,7.0,0.0,-0.17357500000000003,0.0,-0.9265,0.23143333333333335,0.0,1.0,0.0,0.0,0.0,78.0,5.0,6,1,0,us_logistics,2026-04-12
0.0,1.0,4.0,7.0,0.0,-0.17357500000000003,0.0,-0.9265,0.23143333333333335,0.0,1.0,0.0,0.0,0.0,79.0,8.0,0,0,0,us_logistics,2026-04-13
0.0,0.0,4.0,7.0,,-0.17357500000000003,,-0.9265,,0.0,0.0,0.0,0.0,0.0,80.0,13.0,1,0,0,us_logistics,2026-04-14
0.0,0.0,4.0,7.0,,-0.17357500000000003,,-0.9265,,0.0,0.0,0.0,0.0,0.0,81.0,14.0,2,0,0,us_logistics,2026-04-15
8.0,8.0,9.0,13.0,-0.005050000000000013,-0.0044888888888889,-0.9576,-0.9576,-0.005050000000000013,1.0,1.0,0.0,0.0,0.0,82.0,42.0,3,0,0,us_logistics,2026-04-16
0.0,8.0,9.0,13.0,-0.005050000000000013,-0.0044888888888889,-0.9576,-0.9576,,0.0,1.0,0.0,0.0,0.0,83.0,40.0,4,0,0,us_logistics,2026-04-17
1.0,9.0,9.0,14.0,-0.09513333333333335,-0.09513333333333335,-0.9576,-0.9576,,0.0,1.0,0.0,0.0,0.0,84.0,39.0,5,1,0,us_logistics,2026-04-18
0.0,1.0,9.0,13.0,-0.8158,-0.09513333333333335,-0.8158,-0.9576,-0.81075,0.0,0.0,0.0,0.0,0.0,85.0,5.0,6,1,0,us_logistics,2026-04-19
0.0,1.0,9.0,13.0,-0.8158,-0.09513333333333335,-0.8158,-0.9576,-0.81075,0.0,0.0,0.0,0.0,0.0,86.0,5.0,0,0,0,us_logistics,2026-04-20
0.0,0.0,9.0,13.0,,-0.09513333333333335,,-0.9576,,0.0,0.0,0.0,0.0,0.0,87.0,5.0,1,0,0,us_logistics,2026-04-21
0.0,0.0,9.0,13.0,,-0.09513333333333335,,-0.9576,,0.0,0.0,0.0,0.0,0.0,88.0,7.0,2,0,0,us_logistics,2026-04-22
4.0,4.0,5.0,14.0,-0.831775,-0.82858,-0.9329,-0.9329,-0.015975000000000072,0.0,0.0,0.0,0.0,0.0,89.0,78.0,3,0,0,us_logistics,2026-04-23
0.0,4.0,5.0,14.0,-0.831775,-0.82858,-0.9329,-0.9329,,0.0,0.0,0.0,0.0,0.0,90.0,78.0,4,0,0,us_logistics,2026-04-24
0.0,4.0,4.0,13.0,-0.831775,-0.831775,-0.9329,-0.9329,,0.0,0.0,0.0,0.0,0.0,91.0,78.0,5,1,0,us_logistics,2026-04-25
0.0,0.0,4.0,13.0,,-0.831775,,-0.9329,,0.0,0.0,0.0,0.0,0.0,92.0,5.0,6,1,0,us_logistics,2026-04-26
0.0,0.0,4.0,13.0,,-0.831775,,-0.9329,,0.0,0.0,0.0,0.0,0.0,93.0,6.0,0,0,0,us_logistics,2026-04-27
0.0,0.0,4.0,13.0,,-0.831775,,-0.9329,,0.0,0.0,0.0,0.0,0.0,94.0,4.0,1,0,0,us_logistics,2026-04-28
0.0,0.0,4.0,13.0,,-0.831775,,-0.9329,,0.0,0.0,0.0,0.0,0.0,95.0,7.0,2,0,0,us_logistics,2026-04-29
1.0,1.0,1.0,6.0,-0.9296,-0.9296,-0.9296,-0.9296,,1.0,1.0,0.0,0.0,0.0,96.0,93.0,3,0,0,us_logistics,2026-04-30
0.0,1.0,1.0,6.0,-0.9296,-0.9296,-0.9296,-0.9296,,0.0,1.0,0.0,0.0,0.0,97.0,93.0,4,0,0,us_logistics,2026-05-01
1.0,2.0,2.0,6.0,-0.8371999999999999,-0.8371999999999999,-0.9296,-0.9296,,1.0,2.0,0.0,0.0,0.0,98.0,91.0,5,1,0,us_logistics,2026-05-02
0.0,1.0,2.0,6.0,-0.7448,-0.8371999999999999,-0.7448,-0.9296,0.18479999999999996,0.0,1.0,0.0,0.0,0.0,99.0,5.0,6,1,0,us_logistics,2026-05-03
0.0,1.0,2.0,6.0,-0.7448,-0.8371999999999999,-0.7448,-0.9296,0.18479999999999996,0.0,1.0,0.0,0.0,0.0,100.0,8.0,0,0,0,us_logistics,2026-05-04
1.0,1.0,3.0,7.0,-0.7829,-0.8191,-0.7829,-0.9296,0.054299999999999904,0.0,0.0,0.0,0.0,0.0,101.0,7.0,1,0,0,us_logistics,2026-05-05
0.0,1.0,3.0,7.0,-0.7829,-0.8191,-0.7829,-0.9296,-0.03810000000000002,0.0,0.0,0.0,0.0,0.0,102.0,9.0,2,0,0,us_logistics,2026-05-06
5.0,6.0,7.0,8.0,-0.14381666666666668,-0.22967142857142855,-0.8966,-0.8966,0.6009833333333333,2.0,2.0,0.0,0.0,0.0,103.0,21.0,3,0,0,us_logistics,2026-05-07
0.0,5.0,7.0,8.0,-0.015999999999999993,-0.22967142857142855,-0.8966,-0.8966,0.7669,0.0,2.0,0.0,0.0,0.0,104.0,23.0,4,0,0,us_logistics,2026-05-08
1.0,6.0,7.0,9.0,-0.12208333333333332,-0.2164857142857143,-0.8966,-0.8966,0.6608166666666667,1.0,3.0,0.0,0.0,0.0,105.0,19.0,5,1,0,us_logistics,2026-05-09
0.0,1.0,7.0,9.0,-0.6525,-0.2164857142857143,-0.6525,-0.8966,-0.5086833333333333,0.0,1.0,0.0,0.0,0.0,106.0,4.0,6,1,0,us_logistics,2026-05-10
0.0,1.0,7.0,9.0,-0.6525,-0.2164857142857143,-0.6525,-0.8966,-0.6365,0.0,1.0,0.0,0.0,0.0,107.0,1.0,0,0,0,us_logistics,2026-05-11
0.0,0.0,6.0,9.0,,-0.12208333333333334,,-0.8966,,0.0,0.0,0.0,0.0,0.0,108.0,1.0,1,0,0,us_logistics,2026-05-12
0.0,0.0,6.0,9.0,,-0.12208333333333334,,-0.8966,,0.0,0.0,0.0,0.0,0.0,109.0,0.0,2,0,0,us_logistics,2026-05-13
3.0,3.0,4.0,11.0,0.5039666666666667,0.21485000000000004,0.0,-0.6525,1.1564666666666668,0.0,0.0,0.0,0.0,0.0,110.0,7.0,3,0,0,us_logistics,2026-05-14
0.0,3.0,4.0,11.0,0.5039666666666667,0.21485000000000004,0.0,-0.6525,,0.0,0.0,0.0,0.0,0.0,111.0,7.0,4,0,0,us_logistics,2026-05-15
0.0,3.0,3.0,10.0,0.5039666666666667,0.5039666666666667,0.0,0.0,,0.0,0.0,0.0,0.0,0.0,112.0,7.0,5,1,0,us_logistics,2026-05-16
0.0,0.0,3.0,10.0,,0.5039666666666667,,0.0,,0.0,0.0,0.0,0.0,0.0,113.0,0.0,6,1,0,us_logistics,2026-05-17
0.0,0.0,3.0,10.0,,0.5039666666666667,,0.0,,0.0,0.0,0.0,0.0,0.0,114.0,0.0,0,0,0,us_logistics,2026-05-18
1.0,1.0,4.0,10.0,-0.8661,0.16145000000000007,-0.8661,-0.8661,-1.3700666666666668,0.0,0.0,0.0,0.0,0.0,115.0,1.0,1,0,0,us_logistics,2026-05-19
4.0,5.0,8.0,14.0,-0.0037800000000000056,0.18662500000000004,-0.8661,-0.8661,,0.0,0.0,0.0,0.0,0.0,116.0,1.0,2,0,0,us_logistics,2026-05-20
1.0,6.0,6.0,10.0,-0.003150000000000005,-0.003150000000000005,-0.8661,-0.8661,,0.0,0.0,0.0,0.0,0.0,117.0,1.0,3,0,0,us_logistics,2026-05-21
3.0,8.0,9.0,13.0,0.1694625,0.05439999999999999,0.0,-0.8661,1.0355625,1.0,1.0,0.0,0.0,0.0,118.0,0.0,4,0,0,us_logistics,2026-05-22
0.0,4.0,9.0,12.0,0.127125,0.05439999999999999,0.0,-0.8661,0.130905,0.0,1.0,0.0,0.0,0.0,119.0,1.0,5,1,0,us_logistics,2026-05-23
0.0,3.0,9.0,12.0,0.16949999999999998,0.05439999999999999,0.0,-0.8661,0.17265,0.0,1.0,0.0,0.0,0.0,120.0,2.0,6,1,0,us_logistics,2026-05-24
1.0,1.0,10.0,13.0,0.0,0.04895999999999999,0.0,-0.8661,-0.1694625,0.0,0.0,0.0,0.0,0.0,121.0,3.0,0,0,0,us_logistics,2026-05-25
2.0,3.0,11.0,15.0,-0.2591,0.052581818181818174,-0.7773,-0.7773,-0.386225,0.0,0.0,0.0,0.0,0.0,122.0,2.0,1,0,0,us_logistics,2026-05-26
2.0,5.0,9.0,17.0,-0.15546,-0.02986666666666667,-0.7773,-0.7773,-0.32495999999999997,0.0,0.0,0.0,0.0,0.0,123.0,1.0,2,0,0,us_logistics,2026-05-27
2.0,6.0,10.0,16.0,-0.1937333333333333,-0.06539,-0.9339,-0.9339,-0.1937333333333333,0.0,0.0,0.0,0.0,0.0,124.0,0.0,3,0,0,us_logistics,2026-05-28
2.0,6.0,9.0,18.0,-0.06418333333333333,-0.12915555555555555,-0.9339,-0.9339,0.19491666666666668,0.0,0.0,0.0,0.0,0.0,125.0,0.0,4,0,0,us_logistics,2026-05-29
0.0,4.0,9.0,18.0,-0.096275,-0.12915555555555555,-0.9339,-0.9339,0.05918499999999999,0.0,0.0,0.0,0.0,0.0,126.0,1.0,5,1,0,us_logistics,2026-05-30
0.0,2.0,9.0,18.0,0.0,-0.12915555555555555,0.0,-0.9339,0.1937333333333333,0.0,0.0,0.0,0.0,0.0,127.0,1.0,6,1,0,us_logistics,2026-05-31
8.0,8.0,16.0,26.0,0.3336,0.09415000000000001,0.0,-0.9339,0.3977833333333333,0.0,0.0,0.0,0.0,0.0,128.0,2.0,0,0,0,us_logistics,2026-06-01
4.0,12.0,18.0,29.0,0.30096666666666666,0.17925000000000002,0.0,-0.9339,0.39724166666666666,0.0,0.0,0.0,0.0,0.0,129.0,2.0,1,0,0,us_logistics,2026-06-02
4.0,16.0,20.0,29.0,0.225725,0.161325,0.0,-0.9339,0.225725,0.0,0.0,0.0,0.0,0.0,130.0,2.0,2,0,0,us_logistics,2026-06-03
6.0,14.0,24.0,34.0,0.25767142857142855,0.2615083333333333,0.0,0.0,-0.07592857142857146,0.0,0.0,0.0,0.0,0.0,131.0,1.0,3,0,0,us_logistics,2026-06-04
5.0,15.0,27.0,36.0,0.33344,0.31900740740740735,0.0,0.0,0.032473333333333354,0.0,0.0,0.0,0.0,0.0,132.0,0.0,4,0,0,us_logistics,2026-06-05
0.0,11.0,27.0,36.0,0.4546909090909091,0.31900740740740735,0.0,0.0,0.22896590909090908,0.0,0.0,0.0,0.0,0.0,133.0,0.0,5,1,0,us_logistics,2026-06-06
0.0,5.0,27.0,36.0,0.4673999999999999,0.31900740740740735,0.0,0.0,0.20972857142857138,0.0,0.0,0.0,0.0,0.0,134.0,0.0,6,1,0,us_logistics,2026-06-07
1.0,1.0,20.0,36.0,0.0,0.29722,0.0,0.0,-0.33344,0.0,0.0,0.0,0.0,0.0,135.0,0.0,0,0,0,us_logistics,2026-06-08
2.0,3.0,18.0,36.0,0.19146666666666667,0.30977777777777776,0.0,0.0,-0.2632242424242424,0.0,0.0,0.0,0.0,0.0,136.0,0.0,1,0,0,us_logistics,2026-06-09
4.0,7.0,18.0,38.0,0.08205714285714286,0.30977777777777776,0.0,0.0,-0.3853428571428571,0.0,0.0,0.0,0.0,0.0,137.0,0.0,2,0,0,us_logistics,2026-06-10
5.0,11.0,17.0,41.0,0.29729999999999995,0.32984117647058825,0.0,0.0,0.29729999999999995,0.0,0.0,0.0,0.0,0.0,138.0,0.0,3,0,0,us_logistics,2026-06-11
5.0,14.0,17.0,44.0,0.1301357142857143,0.14095882352941178,-0.9591,-0.9591,-0.061330952380952375,0.0,0.0,0.0,0.0,0.0,139.0,0.0,4,0,0,us_logistics,2026-06-12
3.0,13.0,20.0,47.0,0.31083846153846156,0.23076500000000003,-0.9591,-0.9591,0.2287813186813187,0.0,0.0,0.0,0.0,0.0,140.0,0.0,5,1,0,us_logistics,2026-06-13
4.0,12.0,24.0,51.0,0.18770833333333337,0.23011666666666666,-0.9591,-0.9591,-0.10959166666666659,0.0,0.0,0.0,0.0,0.0,141.0,0.0,6,1,0,us_logistics,2026-06-14
2.0,9.0,25.0,45.0,0.5589,0.297056,0.0,-0.9591,0.42876428571428565,0.0,0.0,0.0,0.0,0.0,142.0,0.0,0,0,0,us_logistics,2026-06-15
4.0,10.0,27.0,45.0,0.5411699999999999,0.3500962962962963,0.0,-0.9591,0.23033153846153837,0.0,0.0,0.0,0.0,0.0,143.0,0.0,1,0,0,us_logistics,2026-06-16
12.0,18.0,35.0,53.0,0.6614111111111112,0.48153714285714283,0.0,-0.9591,0.4737027777777778,0.0,0.0,0.0,0.0,0.0,144.0,0.0,2,0,0,us_logistics,2026-06-17
10.0,26.0,40.0,57.0,0.5457807692307692,0.45866000000000007,0.0,-0.9591,-0.013119230769230716,0.0,0.0,0.0,0.0,0.0,145.0,0.0,3,0,0,us_logistics,2026-06-18
7.0,29.0,42.0,59.0,0.4331137931034483,0.4807380952380952,-0.7699,-0.7699,-0.10805620689655165,0.0,0.0,0.0,0.0,0.0,146.0,1.0,4,0,0,us_logistics,2026-06-19
3.0,20.0,42.0,62.0,0.25795500000000005,0.42790476190476195,-0.7699,-0.7699,-0.4034561111111111,0.0,0.0,0.0,0.0,0.0,147.0,1.0,5,1,1,us_logistics,2026-06-20
2.0,12.0,40.0,64.0,0.08088333333333332,0.42661249999999995,-0.7699,-0.7699,-0.46489743589743593,0.0,0.0,0.0,0.0,0.0,148.0,2.0,6,1,1,us_logistics,2026-06-21
3.0,8.0,41.0,66.0,0.0,0.36977804878048787,0.0,-0.7699,-0.4331137931034483,0.0,0.0,0.0,0.0,0.0,149.0,1.0,0,0,1,us_logistics,2026-06-22
2.0,7.0,39.0,66.0,0.07824285714285714,0.3361025641025641,0.0,-0.7699,-0.1797121428571429,0.0,0.0,1.0,1.0,1.0,0.0,3.0,1,0,1,us_logistics,2026-06-23
3.0,8.0,30.0,65.0,0.0993,0.19845,-0.6712,-0.7699,0.01841666666666668,0.0,0.0,1.0,1.0,1.0,1.0,3.0,2,0,1,us_logistics,2026-06-24
